<?xml version="1.0" encoding="UTF-8"?>
<modules xmlns="http://canvas.instructure.com/xsd/cccv1p0" xmlns:xsi="http://www.w3.org/2001/XMLSchema-instance" xsi:schemaLocation="http://canvas.instructure.com/xsd/cccv1p0 https://canvas.instructure.com/xsd/cccv1p0.xsd">
  <module identifier="gda16485988e426bd1035ebca0e0ba5bd">
    <title>Constant Rate of Change</title>
    <workflow_state>active</workflow_state>
    <position>1</position>
    <require_sequential_progress>false</require_sequential_progress>
    <locked>false</locked>
    <items>
      <item identifier="g785bf625b3378cfa122f398d98b19616">
        <content_type>Quizzes::Quiz</content_type>
        <workflow_state>active</workflow_state>
        <title>Constant Rate of Change Pre-Video Questions</title>
        <identifierref>g44951c242e116b8ccf0a457205b77903</identifierref>
        <position>1</position>
        <new_tab/>
        <indent>0</indent>
      </item>
      <item identifier="gb7725683352a729c5b4c9393195703c7">
        <content_type>Quizzes::Quiz</content_type>
        <workflow_state>active</workflow_state>
        <title>Constant Rate of Change Task Question</title>
        <identifierref>g70c31017177675025e93dd1525a3e349</identifierref>
        <position>2</position>
        <new_tab>false</new_tab>
        <indent>0</indent>
      </item>
      <item identifier="g760d556be2be3b91a25cf5fcaa006fb2">
        <content_type>WikiPage</content_type>
        <workflow_state>active</workflow_state>
        <title>Constant Rate of Change Student Problem Solving Video</title>
        <identifierref>g936218fb614a4c6bea012e1888d3f928</identifierref>
        <position>3</position>
        <new_tab>false</new_tab>
        <indent>0</indent>
      </item>
      <item identifier="g246273473da3e8069cfadb5250f3c881">
        <content_type>WikiPage</content_type>
        <workflow_state>active</workflow_state>
        <title>Constant Rate of Change Video 1</title>
        <identifierref>g48fa0450070623b2bc513b941ba3258f</identifierref>
        <position>4</position>
        <new_tab/>
        <indent>0</indent>
      </item>
      <item identifier="gccc6ae32f8d80eb5451f6f662268ab13">
        <content_type>WikiPage</content_type>
        <workflow_state>active</workflow_state>
        <title>Constant Rate of Change Video 2</title>
        <identifierref>g96f4cc29c1d145beab3f819af136009c</identifierref>
        <position>5</position>
        <new_tab/>
        <indent>0</indent>
      </item>
      <item identifier="gb25c2bdfcd83c7b62f6464b7a56d48e2">
        <content_type>Quizzes::Quiz</content_type>
        <workflow_state>active</workflow_state>
        <title>Constant Rate of Change Post-Video Questions</title>
        <identifierref>gbd2f2eea92b8bfc62338dbb11dbb74f0</identifierref>
        <position>6</position>
        <new_tab>false</new_tab>
        <indent>0</indent>
      </item>
    </items>
  </module>
  <module identifier="ga88973fda61f60307a76fc5034b2f495">
    <title>Graphing Constant Rate of Change</title>
    <workflow_state>active</workflow_state>
    <position>2</position>
    <require_sequential_progress>false</require_sequential_progress>
    <locked>false</locked>
    <items>
      <item identifier="gb110bab952ab8274b868e15453a95f55">
        <content_type>Quizzes::Quiz</content_type>
        <workflow_state>active</workflow_state>
        <title>Graphing Constant Rate of Change Pre-Video Questions</title>
        <identifierref>g7dc7f385f7496660fe4ce622142cd68b</identifierref>
        <position>1</position>
        <new_tab/>
        <indent>0</indent>
      </item>
      <item identifier="g48727f17884d53e56e3508aeb69460b9">
        <content_type>Quizzes::Quiz</content_type>
        <workflow_state>active</workflow_state>
        <title>Graphing Constant Rate of Change Task Question</title>
        <identifierref>g873fcc72989bc4a7694ac42c569202c1</identifierref>
        <position>2</position>
        <new_tab/>
        <indent>0</indent>
      </item>
      <item identifier="g11e529e2628e377faf8545236b27dcd6">
        <content_type>WikiPage</content_type>
        <workflow_state>active</workflow_state>
        <title>Graphing Constant Rate of Change Student Problem Solving Video</title>
        <identifierref>gb805b424a2bd9e8b3976cbe3a49030ec</identifierref>
        <position>3</position>
        <new_tab/>
        <indent>0</indent>
      </item>
      <item identifier="g462fb142df943056bddb4703a9dbae2b">
        <content_type>WikiPage</content_type>
        <workflow_state>active</workflow_state>
        <title>Graphing Constant Rate of Change Video 1</title>
        <identifierref>g15a8d3e0ac52fa2fe1a8378ed551ceb6</identifierref>
        <position>4</position>
        <new_tab/>
        <indent>0</indent>
      </item>
      <item identifier="g0f2093e5f65488964efdea578303c14a">
        <content_type>WikiPage</content_type>
        <workflow_state>active</workflow_state>
        <title>Graphing Constant Rate of Change Video 2</title>
        <identifierref>gcf16cd967f3687d445626548b9cbc0fc</identifierref>
        <position>5</position>
        <new_tab/>
        <indent>0</indent>
      </item>
      <item identifier="g6a6b00a920f036fd7b9214d1eb852c3c">
        <content_type>Quizzes::Quiz</content_type>
        <workflow_state>active</workflow_state>
        <title>Graphing Constant Rate of Change Post-Video Questions</title>
        <identifierref>g8abd3a998f828aa9621f948d936eee04</identifierref>
        <position>6</position>
        <new_tab/>
        <indent>0</indent>
      </item>
    </items>
  </module>
  <module identifier="g6f814890fa14546af199967f1322d63f">
    <title>Increasing Rate of Change</title>
    <workflow_state>active</workflow_state>
    <position>3</position>
    <require_sequential_progress>false</require_sequential_progress>
    <locked>false</locked>
    <items>
      <item identifier="g0e555a0c50dc13b41306a34176e5bd94">
        <content_type>Quizzes::Quiz</content_type>
        <workflow_state>active</workflow_state>
        <title>Increasing Rate of Change Pre-Video Questions</title>
        <identifierref>ge7e85763c5e90fc104bd3cdc963dae04</identifierref>
        <position>1</position>
        <new_tab/>
        <indent>0</indent>
      </item>
      <item identifier="ge432c8cce5f0ec10b8c2a98b0c1c70a4">
        <content_type>Quizzes::Quiz</content_type>
        <workflow_state>active</workflow_state>
        <title>Increasing Rate of Change Task Question</title>
        <identifierref>g99afd78e1da842f6d49d32ac18167053</identifierref>
        <position>2</position>
        <new_tab/>
        <indent>0</indent>
      </item>
      <item identifier="g3402f990804fd1c7ecdb3f16c3a63f62">
        <content_type>WikiPage</content_type>
        <workflow_state>active</workflow_state>
        <title>Increasing Rate of Change Student Problem Solving Video</title>
        <identifierref>g74c2f2ea4ee9972af125efc82f3e8b3b</identifierref>
        <position>3</position>
        <new_tab/>
        <indent>0</indent>
      </item>
      <item identifier="g1975e178a33ffc1c99688115ce12d75a">
        <content_type>WikiPage</content_type>
        <workflow_state>active</workflow_state>
        <title>Increasing Rate of Change Video 1</title>
        <identifierref>g93088e87c49f1379270daa383e93026d</identifierref>
        <position>4</position>
        <new_tab/>
        <indent>0</indent>
      </item>
      <item identifier="gbc19587f0b0d7b101a685c8da1338605">
        <content_type>WikiPage</content_type>
        <workflow_state>active</workflow_state>
        <title>Increasing Rate of Change Video 2</title>
        <identifierref>g01eddf1460523368d0d79bae059c4a54</identifierref>
        <position>5</position>
        <new_tab/>
        <indent>0</indent>
      </item>
      <item identifier="g7a83e0c89ec1d32eec028b053a010e1e">
        <content_type>Quizzes::Quiz</content_type>
        <workflow_state>active</workflow_state>
        <title>Increasing Rate of Change Pre-Video Questions</title>
        <identifierref>g2445ed27bd5f9d3f1694cc625f393ae6</identifierref>
        <position>6</position>
        <new_tab/>
        <indent>0</indent>
      </item>
    </items>
  </module>
  <module identifier="g26dda073b4bf7846c3958d0bed09bf90">
    <title>Graphing Increasing Rate of Change</title>
    <workflow_state>active</workflow_state>
    <position>4</position>
    <require_sequential_progress>false</require_sequential_progress>
    <locked>false</locked>
    <items>
      <item identifier="g2359a2e5761e8e56e4344452a2974643">
        <content_type>Quizzes::Quiz</content_type>
        <workflow_state>active</workflow_state>
        <title>Graphing Increasing Rates of Change Pre-Video Questions</title>
        <identifierref>g66361e1078d7e852a0926200153764f7</identifierref>
        <position>1</position>
        <new_tab/>
        <indent>0</indent>
      </item>
      <item identifier="g6418f1b504c6eb69ba13ef3010c1a272">
        <content_type>Quizzes::Quiz</content_type>
        <workflow_state>active</workflow_state>
        <title>Graphing Increasing Rates of Change Task Question</title>
        <identifierref>g6cf283572c023ba71946ced1a7f2f411</identifierref>
        <position>2</position>
        <new_tab/>
        <indent>0</indent>
      </item>
      <item identifier="g460217f30ec4f9e85bd83402f4a74b33">
        <content_type>WikiPage</content_type>
        <workflow_state>active</workflow_state>
        <title>Graphing Increasing Rate of Change Student Problem Solving Video</title>
        <identifierref>gdaa10f7f84b7e69be2f808ca2ea7294a</identifierref>
        <position>3</position>
        <new_tab/>
        <indent>0</indent>
      </item>
      <item identifier="gb87c3e67cea1f3148bbdfee1543385fc">
        <content_type>WikiPage</content_type>
        <workflow_state>active</workflow_state>
        <title>Graphing Increasing Rate of Change Video 1</title>
        <identifierref>g6ef5307f2a01545a9385372a663bbf49</identifierref>
        <position>4</position>
        <new_tab/>
        <indent>0</indent>
      </item>
      <item identifier="g052763a1f1e1774284c96ebb952ae6b0">
        <content_type>Quizzes::Quiz</content_type>
        <workflow_state>active</workflow_state>
        <title>Graphing Increasing Rates of Change Post-Video Questions</title>
        <identifierref>g22dc5ebff91cc586d64a6cc7037d45a4</identifierref>
        <position>5</position>
        <new_tab/>
        <indent>0</indent>
      </item>
    </items>
  </module>
  <module identifier="ge0e4ce6d045e742d480e1419bede47ac">
    <title>Average Rate of Change</title>
    <workflow_state>active</workflow_state>
    <position>5</position>
    <require_sequential_progress>false</require_sequential_progress>
    <locked>false</locked>
    <items>
      <item identifier="g24c793dbe8fb2acdce1dad64700e9b49">
        <content_type>Quizzes::Quiz</content_type>
        <workflow_state>active</workflow_state>
        <title>Average Rate of Change Pre-Video Questions</title>
        <identifierref>gac82db7c934d2e31139380db389cd8ca</identifierref>
        <position>1</position>
        <new_tab/>
        <indent>0</indent>
      </item>
      <item identifier="g141e0b5713b1b4f26736e295c95005f9">
        <content_type>Quizzes::Quiz</content_type>
        <workflow_state>active</workflow_state>
        <title>Average Rate of Change Task Question</title>
        <identifierref>g369660e88e981e11eb2dee3781ce34cc</identifierref>
        <position>2</position>
        <new_tab/>
        <indent>0</indent>
      </item>
      <item identifier="gfd49b923ba9b1d168e7a3f091c4235c3">
        <content_type>WikiPage</content_type>
        <workflow_state>active</workflow_state>
        <title>Average Rate of Change Student Problem Solving Video</title>
        <identifierref>gc86bf86988d5ed4b91a9bdd107815fe0</identifierref>
        <position>3</position>
        <new_tab/>
        <indent>0</indent>
      </item>
      <item identifier="gf1866dccb7ba2a330d4bda32702b5dd1">
        <content_type>WikiPage</content_type>
        <workflow_state>active</workflow_state>
        <title>Average Rate of Change Video 1</title>
        <identifierref>ga3c4d6098b92f0a44edbba246ee688e3</identifierref>
        <position>4</position>
        <new_tab/>
        <indent>0</indent>
      </item>
      <item identifier="g075bcbc9a794055a269ee5dbd6541e73">
        <content_type>WikiPage</content_type>
        <workflow_state>active</workflow_state>
        <title>Average Rate of Change Video 2</title>
        <identifierref>gf09cca84a0174b40ecd6c40b261c2d44</identifierref>
        <position>5</position>
        <new_tab/>
        <indent>0</indent>
      </item>
      <item identifier="gb74821552aa88f34d8013cba5673e8e6">
        <content_type>Quizzes::Quiz</content_type>
        <workflow_state>active</workflow_state>
        <title>Average Rate of Change Post-Video Questions</title>
        <identifierref>g19230a8dc38fb3725652d3a1d4cb5c07</identifierref>
        <position>6</position>
        <new_tab/>
        <indent>0</indent>
      </item>
    </items>
  </module>
  <module identifier="g48acca51867614523fe137b19d14f0d0">
    <title>Approximating Instantaneous Rate of Change</title>
    <workflow_state>active</workflow_state>
    <position>6</position>
    <require_sequential_progress>false</require_sequential_progress>
    <locked>false</locked>
    <items>
      <item identifier="g74e9fc6f343e44f37b470537c288f409">
        <content_type>Quizzes::Quiz</content_type>
        <workflow_state>active</workflow_state>
        <title>Approximating Instantaneous Rates of Change Task Question</title>
        <identifierref>g089f25064ea66c45475bd560c43b2313</identifierref>
        <position>1</position>
        <new_tab/>
        <indent>0</indent>
      </item>
      <item identifier="g2fe40b6356d9a352a292112c89387ec3">
        <content_type>Quizzes::Quiz</content_type>
        <workflow_state>active</workflow_state>
        <title>Approximating Instantaneous Rates of Change Pre-Video Questions</title>
        <identifierref>gfb44f5b424ef55422bcf510fcdf87d56</identifierref>
        <position>2</position>
        <new_tab/>
        <indent>0</indent>
      </item>
      <item identifier="g00a03f2373c05c86dc069b5328aa1e19">
        <content_type>WikiPage</content_type>
        <workflow_state>active</workflow_state>
        <title>Approximating Instantaneous Rates of Change Student Problem Solving Video</title>
        <identifierref>gceafbc04eb6a3aef398e2c69505d9f10</identifierref>
        <position>3</position>
        <new_tab/>
        <indent>0</indent>
      </item>
      <item identifier="ge94b508c9eff9f56a5ab45e261b8aa9d">
        <content_type>WikiPage</content_type>
        <workflow_state>active</workflow_state>
        <title>Approximating Instantaneous Rates of Change Video 1</title>
        <identifierref>gc33fa22d65de0c57d18cc89c9683e35a</identifierref>
        <position>4</position>
        <new_tab/>
        <indent>0</indent>
      </item>
      <item identifier="g4f09b5c0373bcf1df0821f4e3d94aabf">
        <content_type>WikiPage</content_type>
        <workflow_state>active</workflow_state>
        <title>Approximating Instantaneous Rates of Change Video 2</title>
        <identifierref>gb7c842a5fd36ea20bd854744b19b3de0</identifierref>
        <position>5</position>
        <new_tab/>
        <indent>0</indent>
      </item>
      <item identifier="g0c2b94ebaf2680c5243ea1b3bbb69809">
        <content_type>Quizzes::Quiz</content_type>
        <workflow_state>active</workflow_state>
        <title>Approximating Instantaneous Rates of Change Post-Video Questions</title>
        <identifierref>g03fc019c8811703e80c9386477ac402c</identifierref>
        <position>6</position>
        <new_tab/>
        <indent>0</indent>
      </item>
    </items>
  </module>
  <module identifier="gf2fc1b66dc3af59c22592b9f9e8a89b7">
    <title>Continuity</title>
    <workflow_state>active</workflow_state>
    <position>7</position>
    <require_sequential_progress>false</require_sequential_progress>
    <locked>false</locked>
    <items>
      <item identifier="g2b544b761eb1cc1670b826c01ef74297">
        <content_type>Quizzes::Quiz</content_type>
        <workflow_state>active</workflow_state>
        <title>Continuity Pre-Video Questions</title>
        <identifierref>g34ef322fef5fb1c09b66cc9162434e08</identifierref>
        <position>1</position>
        <new_tab/>
        <indent>0</indent>
      </item>
      <item identifier="g6c8b4b3c9674cf5137c874aaabec95bb">
        <content_type>Quizzes::Quiz</content_type>
        <workflow_state>active</workflow_state>
        <title>Continuity Task Question</title>
        <identifierref>gdc8884da77aa29a91e81f941b37dfda5</identifierref>
        <position>2</position>
        <new_tab/>
        <indent>0</indent>
      </item>
      <item identifier="g79db9d92993820b5b02195ed1d21659f">
        <content_type>WikiPage</content_type>
        <workflow_state>active</workflow_state>
        <title>Continuity Student Problem Solving Video</title>
        <identifierref>g2400674f76a5421f75cdc7295ac34fef</identifierref>
        <position>3</position>
        <new_tab/>
        <indent>0</indent>
      </item>
      <item identifier="gce3c1351da1b6e258b98cc608f92edfa">
        <content_type>WikiPage</content_type>
        <workflow_state>active</workflow_state>
        <title>Continuity Video 1</title>
        <identifierref>g30d813f27b6240488f0118c9fc1b80b3</identifierref>
        <position>4</position>
        <new_tab/>
        <indent>0</indent>
      </item>
      <item identifier="g2a266c55b0cbe7bf0918077746809822">
        <content_type>Quizzes::Quiz</content_type>
        <workflow_state>active</workflow_state>
        <title>Continuity Post-Video Questions</title>
        <identifierref>g4b3e33c1b182d0db199694595e0e309b</identifierref>
        <position>6</position>
        <new_tab/>
        <indent>0</indent>
      </item>
    </items>
  </module>
  <module identifier="g48db784bf6cb5af0cdf2e4bc210858df">
    <title>Differentiability and Local Linearity</title>
    <workflow_state>active</workflow_state>
    <position>8</position>
    <require_sequential_progress>false</require_sequential_progress>
    <locked>false</locked>
    <items>
      <item identifier="gfd86ef82150abf5f57a1945ae85ed5d4">
        <content_type>Quizzes::Quiz</content_type>
        <workflow_state>active</workflow_state>
        <title>Differentiability and Local Linearity Pre-Video Questions</title>
        <identifierref>g0bbfba4302ab5ffbdd74088358cf593c</identifierref>
        <position>1</position>
        <new_tab/>
        <indent>0</indent>
      </item>
      <item identifier="gf3b09794c27edba3b852665a76e87561">
        <content_type>Quizzes::Quiz</content_type>
        <workflow_state>active</workflow_state>
        <title>Differentiability and Local Linearity Task Question</title>
        <identifierref>g2b8b066747ad82f5b005b3398bea2898</identifierref>
        <position>2</position>
        <new_tab/>
        <indent>0</indent>
      </item>
      <item identifier="g56b71cd2d6f856d6cedcf5ccee7abe5e">
        <content_type>WikiPage</content_type>
        <workflow_state>active</workflow_state>
        <title>Differentiability and Local Linearity Student Problem Solving Video</title>
        <identifierref>g7192a748d6a9e2cba67d484aceddf0e9</identifierref>
        <position>3</position>
        <new_tab/>
        <indent>0</indent>
      </item>
      <item identifier="gf218042af6c9d047643d4c1fae2e1e82">
        <content_type>WikiPage</content_type>
        <workflow_state>active</workflow_state>
        <title>Differentiability and Local Linearity Video 1</title>
        <identifierref>g87d19ae27ff64250857e6d6e6382ecda</identifierref>
        <position>4</position>
        <new_tab/>
        <indent>0</indent>
      </item>
      <item identifier="g7527d045c1be4ce6d16283f5d890f394">
        <content_type>Quizzes::Quiz</content_type>
        <workflow_state>active</workflow_state>
        <title>Differentiability and Local Linearity Post-Video Questions</title>
        <identifierref>g293b710fc0bf7d0e89646103c3d0781c</identifierref>
        <position>5</position>
        <new_tab/>
        <indent>0</indent>
      </item>
    </items>
  </module>
  <module identifier="g674d27938f6432f30fed9b4cf8ed7ba4">
    <title>Limit at a Point</title>
    <workflow_state>active</workflow_state>
    <position>9</position>
    <require_sequential_progress>false</require_sequential_progress>
    <locked>false</locked>
    <items>
      <item identifier="ga4064da7d21cf7d9ad4e9bf6d9f2145d">
        <content_type>Quizzes::Quiz</content_type>
        <workflow_state>active</workflow_state>
        <title>Limit at a Point Pre-Video Questions</title>
        <identifierref>g7a6be3f87acdca0c46b09c3728e1998f</identifierref>
        <position>1</position>
        <new_tab/>
        <indent>0</indent>
      </item>
      <item identifier="g7a4fc82f986f91c52cbd78834283aafc">
        <content_type>WikiPage</content_type>
        <workflow_state>active</workflow_state>
        <title>Limit at a Point Video 1</title>
        <identifierref>gd1fd1c653ee183b19f0b95bd7f6595ca</identifierref>
        <position>2</position>
        <new_tab/>
        <indent>0</indent>
      </item>
      <item identifier="g5fdd2c5f6486c5eb5bb07e8aff99b32a">
        <content_type>WikiPage</content_type>
        <workflow_state>active</workflow_state>
        <title>Limit at a Point Video 2</title>
        <identifierref>g8c7aeecd70d635e1c7a11b6b0bcbdaea</identifierref>
        <position>3</position>
        <new_tab/>
        <indent>0</indent>
      </item>
      <item identifier="g64d8f598bc27fdfbb087e31d6f61c63b">
        <content_type>Quizzes::Quiz</content_type>
        <workflow_state>active</workflow_state>
        <title>Limit at a Point Post-Video Questions</title>
        <identifierref>ga60b389e7b285f623304734811c63124</identifierref>
        <position>4</position>
        <new_tab/>
        <indent>0</indent>
      </item>
    </items>
  </module>
  <module identifier="g96c0a3e07b108c72cd7d228ceef5c964">
    <title>Limit Laws</title>
    <workflow_state>active</workflow_state>
    <position>10</position>
    <require_sequential_progress>false</require_sequential_progress>
    <locked>false</locked>
    <items>
      <item identifier="gc4d476f63e43d06678c60176816d106b">
        <content_type>Quizzes::Quiz</content_type>
        <workflow_state>active</workflow_state>
        <title>Limit Laws Pre-Video Questions</title>
        <identifierref>gf2057ce9484551713930f06ff2bc9e98</identifierref>
        <position>1</position>
        <new_tab/>
        <indent>0</indent>
      </item>
      <item identifier="g790edd8383d43fb12533720f98934ed8">
        <content_type>WikiPage</content_type>
        <workflow_state>active</workflow_state>
        <title>Limit Laws Video 1</title>
        <identifierref>g3a6df47716b88531276c2c00c03039b8</identifierref>
        <position>2</position>
        <new_tab/>
        <indent>0</indent>
      </item>
      <item identifier="g23e5a9722caeb10c10cd1c2098beaa5f">
        <content_type>Quizzes::Quiz</content_type>
        <workflow_state>active</workflow_state>
        <title>Limit Laws Post-Video Questions</title>
        <identifierref>g3fd13ba1dc349c1c0d6c498a43c3ff61</identifierref>
        <position>3</position>
        <new_tab/>
        <indent>0</indent>
      </item>
    </items>
  </module>
  <module identifier="g7d9cb95d54df869d6d8f102ae0aaff0f">
    <title>Limit Definition of the Derivative</title>
    <workflow_state>active</workflow_state>
    <position>11</position>
    <require_sequential_progress>false</require_sequential_progress>
    <locked>false</locked>
    <items>
      <item identifier="ged27ed596832533daf2f7cd11b42f715">
        <content_type>Quizzes::Quiz</content_type>
        <workflow_state>active</workflow_state>
        <title>Limit Definition of the Derivative Pre-Video Questions</title>
        <identifierref>g174506e0cf52f8bdcb4ed36741626583</identifierref>
        <position>1</position>
        <new_tab/>
        <indent>0</indent>
      </item>
      <item identifier="gdf3a5a80a7481ecc2ed1a96ddb68c9bb">
        <content_type>Quizzes::Quiz</content_type>
        <workflow_state>active</workflow_state>
        <title>Limit Definition of the Derivative Task Question</title>
        <identifierref>gb77cd5fea9e0e693a31ff8c7d832dbed</identifierref>
        <position>2</position>
        <new_tab/>
        <indent>0</indent>
      </item>
      <item identifier="g63e034edb661717db87b88ab2d5cc8df">
        <content_type>WikiPage</content_type>
        <workflow_state>active</workflow_state>
        <title>Limit Definition of the Derivative Student Problem Solving Video</title>
        <identifierref>g06b792c69d9b62390e85b8a7d87cab83</identifierref>
        <position>3</position>
        <new_tab/>
        <indent>0</indent>
      </item>
      <item identifier="g53d530950eb34afe2231d9ce689db01d">
        <content_type>WikiPage</content_type>
        <workflow_state>active</workflow_state>
        <title>Limit Definition of the Derivative Video 1</title>
        <identifierref>g800b35326e17e95886702b2aecdc69c6</identifierref>
        <position>4</position>
        <new_tab/>
        <indent>0</indent>
      </item>
      <item identifier="gfb53fdccc1d906edf11e27feab7f2134">
        <content_type>Quizzes::Quiz</content_type>
        <workflow_state>active</workflow_state>
        <title>Limit Definition of the Derivative Post-Video Questions</title>
        <identifierref>ge3df836104d4da93e09b77a2170245a2</identifierref>
        <position>5</position>
        <new_tab/>
        <indent>0</indent>
      </item>
    </items>
  </module>
  <module identifier="gc303e8609cedca4076f0f8b8c5d66ee1">
    <title>Using the Limit Definition of the Derivative</title>
    <workflow_state>active</workflow_state>
    <position>12</position>
    <require_sequential_progress>false</require_sequential_progress>
    <locked>false</locked>
    <items>
      <item identifier="g5a1046b936ddf18ba8d9b875460e1815">
        <content_type>Quizzes::Quiz</content_type>
        <workflow_state>active</workflow_state>
        <title>Using the Definition of the Derivative Pre-Video Questions</title>
        <identifierref>g70b63e56c5caa828cbc693fbd74e25db</identifierref>
        <position>1</position>
        <new_tab/>
        <indent>0</indent>
      </item>
      <item identifier="gb6d27de604436594a3255feca1a32847">
        <content_type>Quizzes::Quiz</content_type>
        <workflow_state>active</workflow_state>
        <title>Using The Definition of the Derivative Task Question</title>
        <identifierref>g3112da0e13f3b9c95ccacd5867f26f76</identifierref>
        <position>2</position>
        <new_tab/>
        <indent>0</indent>
      </item>
      <item identifier="g3ea38bceb691e9f1fe7839bcc32aff9f">
        <content_type>WikiPage</content_type>
        <workflow_state>active</workflow_state>
        <title>Using the Definition of the Derivative Student Problem Solving Video</title>
        <identifierref>g288cd3b8fc4f9edacf5b07a7dc3c1a35</identifierref>
        <position>3</position>
        <new_tab/>
        <indent>0</indent>
      </item>
      <item identifier="gd42c4acf52ebdcfec7455cfc401a17a4">
        <content_type>WikiPage</content_type>
        <workflow_state>active</workflow_state>
        <title>Using the Definition of the Derivative Video 1</title>
        <identifierref>g0ee412cafc431998685c56a287f5eb0e</identifierref>
        <position>4</position>
        <new_tab/>
        <indent>0</indent>
      </item>
      <item identifier="g69013a63a9b6e91b3d3c83377fac23ef">
        <content_type>Quizzes::Quiz</content_type>
        <workflow_state>active</workflow_state>
        <title>Using The Definition of the Derivative Post-Video Questions</title>
        <identifierref>g8e9139cd6f028ac971e7ad5b51f88f54</identifierref>
        <position>5</position>
        <new_tab/>
        <indent>0</indent>
      </item>
    </items>
  </module>
  <module identifier="g9b38cc2f4535aca92067f739d8a1895b">
    <title>Interpreting Derivatives</title>
    <workflow_state>active</workflow_state>
    <position>13</position>
    <require_sequential_progress>false</require_sequential_progress>
    <locked>false</locked>
    <items>
      <item identifier="g71be80503874e0cadad541dd5bad3a09">
        <content_type>Quizzes::Quiz</content_type>
        <workflow_state>active</workflow_state>
        <title>Interpreting Derivatives Pre-Video Questions</title>
        <identifierref>g019ac61d94b51d69c51456162f278638</identifierref>
        <position>1</position>
        <new_tab/>
        <indent>0</indent>
      </item>
      <item identifier="g1396fa700a0a6eeb8fe056ef423ab8a3">
        <content_type>Quizzes::Quiz</content_type>
        <workflow_state>active</workflow_state>
        <title>Interpreting Derivatives Task Question</title>
        <identifierref>g81fad122108b01e99f95005f3b2c4e45</identifierref>
        <position>2</position>
        <new_tab/>
        <indent>0</indent>
      </item>
      <item identifier="g7665932aca0e146bb174874074fc0888">
        <content_type>WikiPage</content_type>
        <workflow_state>active</workflow_state>
        <title>Interpreting Derivatives Student Problem Solving Video</title>
        <identifierref>g7e4e72bb12731cf3803a1cba1484c7f8</identifierref>
        <position>3</position>
        <new_tab/>
        <indent>0</indent>
      </item>
      <item identifier="g0ed9767854b20e71f080008f6be5909a">
        <content_type>WikiPage</content_type>
        <workflow_state>active</workflow_state>
        <title>Interpreting Derivatives Video 1</title>
        <identifierref>g9442d0780877e7b43f7efe9c416b567a</identifierref>
        <position>4</position>
        <new_tab/>
        <indent>0</indent>
      </item>
      <item identifier="gb29a019cd541f37f494792e9d67857b1">
        <content_type>Quizzes::Quiz</content_type>
        <workflow_state>active</workflow_state>
        <title>Interpreting Derivatives Post-Video Questions</title>
        <identifierref>g7eb6643d7b95f0d7798395bdb991c2d8</identifierref>
        <position>5</position>
        <new_tab/>
        <indent>0</indent>
      </item>
    </items>
  </module>
  <module identifier="g5e91a204f56c8d38fda09dda8eaf0b8c">
    <title>Slopes of Secant and Tangent Lines</title>
    <workflow_state>active</workflow_state>
    <position>14</position>
    <require_sequential_progress>false</require_sequential_progress>
    <locked>false</locked>
    <items>
      <item identifier="g50fd041709175ca2fc7e9c51ab61bc3b">
        <content_type>Quizzes::Quiz</content_type>
        <workflow_state>active</workflow_state>
        <title>Slopes of Secant and Tangent Lines Pre-Video Questions</title>
        <identifierref>g6356f8233b1847cda7545f4c62622656</identifierref>
        <position>1</position>
        <new_tab/>
        <indent>0</indent>
      </item>
      <item identifier="g541fe56c7db31eef3dcd23dd1d5123d0">
        <content_type>Quizzes::Quiz</content_type>
        <workflow_state>active</workflow_state>
        <title>Slopes of Secant and Tangent Lines Task Question</title>
        <identifierref>g0b5b61f65db634f46e9a12a4fa5ba4e7</identifierref>
        <position>2</position>
        <new_tab/>
        <indent>0</indent>
      </item>
      <item identifier="g80bcf149f5f45ec05a5043fd2c4a8985">
        <content_type>WikiPage</content_type>
        <workflow_state>active</workflow_state>
        <title>Slopes of Secant and Tangent Lines Student Problem Solving Video</title>
        <identifierref>ga67e5191ddb871c46692cffc6f34ec34</identifierref>
        <position>3</position>
        <new_tab/>
        <indent>0</indent>
      </item>
      <item identifier="ge4ab37545a875e0bfba9e99ce723a5d7">
        <content_type>WikiPage</content_type>
        <workflow_state>active</workflow_state>
        <title>Slopes of Secant and Tangent Lines Video 1</title>
        <identifierref>g737612e5209618bd8c1b012a4d50fdb3</identifierref>
        <position>4</position>
        <new_tab/>
        <indent>0</indent>
      </item>
      <item identifier="g7217ccefbe339e040491123958985760">
        <content_type>WikiPage</content_type>
        <workflow_state>active</workflow_state>
        <title>Slopes of Secant and Tangent Lines Video 2</title>
        <identifierref>g1e0e2a9d0b0606ad25499bdfae066004</identifierref>
        <position>5</position>
        <new_tab/>
        <indent>0</indent>
      </item>
      <item identifier="gfe62627f99abea9b4129fa6af6512d1d">
        <content_type>Quizzes::Quiz</content_type>
        <workflow_state>active</workflow_state>
        <title>Slopes of Secant and Tangent Lines Post-Video Questions</title>
        <identifierref>g0bb6104956675c96d67fe7b478feb239</identifierref>
        <position>6</position>
        <new_tab/>
        <indent>0</indent>
      </item>
    </items>
  </module>
  <module identifier="g748c871fe850ac1f6a33e30f25c638bb">
    <title>Graphing Derivatives</title>
    <workflow_state>active</workflow_state>
    <position>15</position>
    <require_sequential_progress>false</require_sequential_progress>
    <locked>false</locked>
    <items>
      <item identifier="g7d501a05eb0bef0037cc8d235ba28138">
        <content_type>Quizzes::Quiz</content_type>
        <workflow_state>active</workflow_state>
        <title>Graphing Derivatives Pre-Video Questions</title>
        <identifierref>g9a389592bc5ee41e7a5f2d94dfacff21</identifierref>
        <position>1</position>
        <new_tab/>
        <indent>0</indent>
      </item>
      <item identifier="g6118dd79e918ee4d5238401758a982c9">
        <content_type>Quizzes::Quiz</content_type>
        <workflow_state>active</workflow_state>
        <title>Graphing Derivatives Task Question</title>
        <identifierref>g53ff665030ded6954a0151de084953bb</identifierref>
        <position>2</position>
        <new_tab/>
        <indent>0</indent>
      </item>
      <item identifier="gb57d4b4f9c8fa1506953c4c188caf944">
        <content_type>WikiPage</content_type>
        <workflow_state>active</workflow_state>
        <title>Graphing Derivatives Student Problem Solving Video</title>
        <identifierref>gd642078b45597be765e2fd7e5b8cff06</identifierref>
        <position>3</position>
        <new_tab/>
        <indent>0</indent>
      </item>
      <item identifier="g932b463a4aec354b01ae0481a1a447f6">
        <content_type>WikiPage</content_type>
        <workflow_state>active</workflow_state>
        <title>Graphing Derivatives Video 1</title>
        <identifierref>g4ae69a0965e865a4f6738960abb82093</identifierref>
        <position>4</position>
        <new_tab/>
        <indent>0</indent>
      </item>
      <item identifier="g413f1eae95da606faa88520b96d8b777">
        <content_type>Quizzes::Quiz</content_type>
        <workflow_state>active</workflow_state>
        <title>Graphing Derivatives Post-Video Questions</title>
        <identifierref>g858cc014d2523f3fe143ef098c93ca99</identifierref>
        <position>5</position>
        <new_tab/>
        <indent>0</indent>
      </item>
    </items>
  </module>
  <module identifier="g04f363daeae1b46cfdf87ceda0d3f10f">
    <title>Basic Derivative Rules</title>
    <workflow_state>active</workflow_state>
    <position>16</position>
    <require_sequential_progress>false</require_sequential_progress>
    <locked>false</locked>
    <items>
      <item identifier="g2dcf4258ab7a092a38a75b28ed9e863b">
        <content_type>Quizzes::Quiz</content_type>
        <workflow_state>active</workflow_state>
        <title>Basic Derivative Rules Pre-Video Questions</title>
        <identifierref>gea15f1250b5034a71acabf745fa5c922</identifierref>
        <position>1</position>
        <new_tab/>
        <indent>0</indent>
      </item>
      <item identifier="ge72dccefc1d67cb3e418b5e155bf35d2">
        <content_type>WikiPage</content_type>
        <workflow_state>active</workflow_state>
        <title>Basic Derivative Rules Student Problem Solving Video</title>
        <identifierref>gd7c4ff5c8b577f0edda9c8dd6c1163b5</identifierref>
        <position>2</position>
        <new_tab/>
        <indent>0</indent>
      </item>
      <item identifier="g05e887dc4e44573b8bf5a618ef9febc7">
        <content_type>WikiPage</content_type>
        <workflow_state>active</workflow_state>
        <title>Basic Derivative Rules Video 1</title>
        <identifierref>gb1581de0759ad91541470d6fa80ddeac</identifierref>
        <position>3</position>
        <new_tab/>
        <indent>0</indent>
      </item>
      <item identifier="gbb4d9142072c24e818006686e4a3805c">
        <content_type>WikiPage</content_type>
        <workflow_state>active</workflow_state>
        <title>Basic Derivative Rules Video 2</title>
        <identifierref>g2944d1bebc03bd112b07e2745eb3c8c0</identifierref>
        <position>4</position>
        <new_tab/>
        <indent>0</indent>
      </item>
      <item identifier="gb49da6c8758aca7b9771f8c116759703">
        <content_type>WikiPage</content_type>
        <workflow_state>active</workflow_state>
        <title>Basic Derivative Rules Video 3</title>
        <identifierref>gdfeef26d815372278d88207148260b0a</identifierref>
        <position>5</position>
        <new_tab/>
        <indent>0</indent>
      </item>
      <item identifier="g298d27ecd48c4e5d176e39185dcb7e6d">
        <content_type>Quizzes::Quiz</content_type>
        <workflow_state>active</workflow_state>
        <title>Basic Derivative Rules Post-Video Questions</title>
        <identifierref>g6824dffecc56a58320667673fc590249</identifierref>
        <position>6</position>
        <new_tab/>
        <indent>0</indent>
      </item>
    </items>
  </module>
  <module identifier="g17adc5f4bc92c28680ef28ca229fd2e1">
    <title>The Product Rule</title>
    <workflow_state>active</workflow_state>
    <position>17</position>
    <require_sequential_progress>false</require_sequential_progress>
    <locked>false</locked>
    <items>
      <item identifier="gce7c48979562acdf161b1f78d2787d44">
        <content_type>Quizzes::Quiz</content_type>
        <workflow_state>active</workflow_state>
        <title>The Product Rule Pre-Video Questions</title>
        <identifierref>g5c76d6a22979ea0adbd65cf5b42f5051</identifierref>
        <position>1</position>
        <new_tab/>
        <indent>0</indent>
      </item>
      <item identifier="gfc748b61031a7b116d3df98c68e34493">
        <content_type>WikiPage</content_type>
        <workflow_state>active</workflow_state>
        <title>The Product Rule Student Problem Solving Video</title>
        <identifierref>g1eb2995cf34960b66451a74b7344fc46</identifierref>
        <position>2</position>
        <new_tab/>
        <indent>0</indent>
      </item>
      <item identifier="gf54151fd7b99bfb25a483e0a793d1fd9">
        <content_type>WikiPage</content_type>
        <workflow_state>active</workflow_state>
        <title>The Product Rule Video 1</title>
        <identifierref>gadc508446909f58656f1d794599334d5</identifierref>
        <position>3</position>
        <new_tab/>
        <indent>0</indent>
      </item>
      <item identifier="gf0a851d403c80f2a7342cb75441f8969">
        <content_type>WikiPage</content_type>
        <workflow_state>active</workflow_state>
        <title>The Product Rule Video 2</title>
        <identifierref>g410af8edf3882beb5e5bba82a848cdd0</identifierref>
        <position>4</position>
        <new_tab/>
        <indent>0</indent>
      </item>
      <item identifier="gfc09d774af9980ae1f13386c2893a136">
        <content_type>Quizzes::Quiz</content_type>
        <workflow_state>active</workflow_state>
        <title>The Product Rule Post-Video Questions</title>
        <identifierref>g9b2f057469a25451e03901b63cda7efd</identifierref>
        <position>5</position>
        <new_tab/>
        <indent>0</indent>
      </item>
    </items>
  </module>
  <module identifier="g2534860e098cb26e835a75c8f261f958">
    <title>The Quotient Rule</title>
    <workflow_state>active</workflow_state>
    <position>18</position>
    <require_sequential_progress>false</require_sequential_progress>
    <locked>false</locked>
    <items>
      <item identifier="g3bc03ff5c8eacff3a2df5c46b63b87e0">
        <content_type>Quizzes::Quiz</content_type>
        <workflow_state>active</workflow_state>
        <title>The Quotient Rule Pre-Video Questions</title>
        <identifierref>g98faf7c0c23ab1442467903f8756bdaa</identifierref>
        <position>1</position>
        <new_tab/>
        <indent>0</indent>
      </item>
      <item identifier="gdcbd9de9bc0588674077a59f1c493641">
        <content_type>WikiPage</content_type>
        <workflow_state>active</workflow_state>
        <title>The Quotient Rule Student Problem Solving Video</title>
        <identifierref>ge04ed8b7840504be8521f70fe28a2c02</identifierref>
        <position>2</position>
        <new_tab/>
        <indent>0</indent>
      </item>
      <item identifier="g80df25ae4087da8f447717ceb123b19c">
        <content_type>WikiPage</content_type>
        <workflow_state>active</workflow_state>
        <title>The Quotient Rule Video 1</title>
        <identifierref>g22e5a6bc2bee1d46f501372feaebe80b</identifierref>
        <position>3</position>
        <new_tab/>
        <indent>0</indent>
      </item>
      <item identifier="g9f9cb4b3669ec90f600769516440a60f">
        <content_type>WikiPage</content_type>
        <workflow_state>active</workflow_state>
        <title>The Quotient Rule Video 2</title>
        <identifierref>ga2f20303fd47b2ab62827fcbe0db0a3b</identifierref>
        <position>4</position>
        <new_tab/>
        <indent>0</indent>
      </item>
      <item identifier="gcd4f85f13b6a01b7d175509cbb956df7">
        <content_type>Quizzes::Quiz</content_type>
        <workflow_state>active</workflow_state>
        <title>The Quotient Rule Post-Video Quesitons</title>
        <identifierref>g3fd38e4784711f46372c43d1711d67a3</identifierref>
        <position>5</position>
        <new_tab/>
        <indent>0</indent>
      </item>
    </items>
  </module>
  <module identifier="g2b92f541b638446e1bd87b2588fb0c64">
    <title>The Chain Rule</title>
    <workflow_state>active</workflow_state>
    <position>19</position>
    <require_sequential_progress>false</require_sequential_progress>
    <locked>false</locked>
    <items>
      <item identifier="ge32ed1fbf21c2e18646587ef1765b00e">
        <content_type>Quizzes::Quiz</content_type>
        <workflow_state>active</workflow_state>
        <title>The Chain Rule Pre-Video Questions</title>
        <identifierref>g1a6bd574ef5955dab65c3536e0eb1675</identifierref>
        <position>1</position>
        <new_tab/>
        <indent>0</indent>
      </item>
      <item identifier="g33a2e960930770671bdb28d42f96e10b">
        <content_type>Quizzes::Quiz</content_type>
        <workflow_state>active</workflow_state>
        <title>The Chain Rule Task Question</title>
        <identifierref>g08bdf58e3e8d419930e45d661a29ac41</identifierref>
        <position>2</position>
        <new_tab/>
        <indent>0</indent>
      </item>
      <item identifier="g2f0213a73d5c9e4d67ae1fe1efb33d91">
        <content_type>WikiPage</content_type>
        <workflow_state>active</workflow_state>
        <title>The Chain Rule Student Problem Solving Video</title>
        <identifierref>gef524a81ad7b3d07dfa35ccd734705df</identifierref>
        <position>3</position>
        <new_tab/>
        <indent>0</indent>
      </item>
      <item identifier="g1458595171bc0f82684607f146ffd5eb">
        <content_type>WikiPage</content_type>
        <workflow_state>active</workflow_state>
        <title>The Chain Rule Video 1</title>
        <identifierref>g2023bdcfb9340e850ddc1698afbb17c7</identifierref>
        <position>4</position>
        <new_tab/>
        <indent>0</indent>
      </item>
      <item identifier="gc559888a133a6258af2e1e317e874a50">
        <content_type>WikiPage</content_type>
        <workflow_state>active</workflow_state>
        <title>The Chain Rule Video 2</title>
        <identifierref>g336e222b7566d66f4f585e533990b581</identifierref>
        <position>5</position>
        <new_tab/>
        <indent>0</indent>
      </item>
      <item identifier="g1cc5d4c24ef791cdfc089c38f3d592ab">
        <content_type>WikiPage</content_type>
        <workflow_state>active</workflow_state>
        <title>The Chain Rule Video 3</title>
        <identifierref>g90202981d90a567e5bbbdccfe196e36d</identifierref>
        <position>6</position>
        <new_tab/>
        <indent>0</indent>
      </item>
      <item identifier="gb015a42e24b98270d20eacf0e8bda1eb">
        <content_type>Quizzes::Quiz</content_type>
        <workflow_state>active</workflow_state>
        <title>The Chain Rule Post-Video Questions</title>
        <identifierref>gd4192cfcd9c1e2880160ec9b79194b9d</identifierref>
        <position>7</position>
        <new_tab/>
        <indent>0</indent>
      </item>
    </items>
  </module>
  <module identifier="gdf19dbb45ca75066a5f93c096e198044">
    <title>L'Hopital's Rule</title>
    <workflow_state>active</workflow_state>
    <position>20</position>
    <require_sequential_progress>false</require_sequential_progress>
    <locked>false</locked>
    <items>
      <item identifier="gb7494037b7a2e0bc34efdb5d39183003">
        <content_type>Quizzes::Quiz</content_type>
        <workflow_state>active</workflow_state>
        <title>L'Hopital's Rule Pre-Video Questions</title>
        <identifierref>g6611b1b843bd718ccdd15567008e482a</identifierref>
        <position>1</position>
        <new_tab/>
        <indent>0</indent>
      </item>
      <item identifier="gb0a03c500ec0ce9b7d569993f4072d1e">
        <content_type>WikiPage</content_type>
        <workflow_state>active</workflow_state>
        <title>L'Hopital's Rule Student Problem Solving Video</title>
        <identifierref>gb46b66e094d9f84459d92d409a77e8a2</identifierref>
        <position>2</position>
        <new_tab/>
        <indent>0</indent>
      </item>
      <item identifier="g80c2f5b7708cc79bf5b5bbd7046c9001">
        <content_type>WikiPage</content_type>
        <workflow_state>active</workflow_state>
        <title>L'Hopital's Rule Video 1</title>
        <identifierref>g11a1711ab836735e7db715c42714e82c</identifierref>
        <position>3</position>
        <new_tab/>
        <indent>0</indent>
      </item>
      <item identifier="g8f52da81c2fd99d8c0c0381af5ac12b5">
        <content_type>Quizzes::Quiz</content_type>
        <workflow_state>active</workflow_state>
        <title>L'Hopital's Rule Post-Video Questions</title>
        <identifierref>gfe6785f544d142f30b170ce042994094</identifierref>
        <position>4</position>
        <new_tab/>
        <indent>0</indent>
      </item>
    </items>
  </module>
  <module identifier="ge1e32470e3a37149dd3a14a4e83f6d6b">
    <title>Mean Value Theorem</title>
    <workflow_state>active</workflow_state>
    <position>21</position>
    <require_sequential_progress>false</require_sequential_progress>
    <locked>false</locked>
    <items>
      <item identifier="gb8c7f3fcd3878f8613151c3387ddaf02">
        <content_type>Quizzes::Quiz</content_type>
        <workflow_state>active</workflow_state>
        <title>Mean Value Theorem Pre-Video Questions</title>
        <identifierref>gc4a8ecd41dbe4bcc8e92075b3f26f48d</identifierref>
        <position>1</position>
        <new_tab/>
        <indent>0</indent>
      </item>
      <item identifier="ga0b935267bd1c41b916b50bdcb8b64ac">
        <content_type>Quizzes::Quiz</content_type>
        <workflow_state>active</workflow_state>
        <title>Mean Value Theorem Task Question</title>
        <identifierref>g0d34ddc2bf7ee14f060a5138b3b1c7dd</identifierref>
        <position>2</position>
        <new_tab/>
        <indent>0</indent>
      </item>
      <item identifier="ge3f33a4897e37019df2a98c6f0f26907">
        <content_type>WikiPage</content_type>
        <workflow_state>active</workflow_state>
        <title>Mean Value Theorem Student Problem Solving Video</title>
        <identifierref>g92287865ec931b2a3870cd316a16007c</identifierref>
        <position>3</position>
        <new_tab/>
        <indent>0</indent>
      </item>
      <item identifier="g1a96281a969703379a1310de76dd5bfb">
        <content_type>WikiPage</content_type>
        <workflow_state>active</workflow_state>
        <title>Mean Value Theorem Video 1</title>
        <identifierref>ga792cea340d73932439abc9bd6535492</identifierref>
        <position>4</position>
        <new_tab/>
        <indent>0</indent>
      </item>
      <item identifier="gb72e4a05888c2359b5eb3c3a359a5997">
        <content_type>WikiPage</content_type>
        <workflow_state>active</workflow_state>
        <title>Mean Value Theorem Video 2</title>
        <identifierref>ga75fe4e568e7865040a7d3179244ddec</identifierref>
        <position>5</position>
        <new_tab/>
        <indent>0</indent>
      </item>
      <item identifier="g999a5e93540b8a2590a368b90388beca">
        <content_type>WikiPage</content_type>
        <workflow_state>active</workflow_state>
        <title>Mean Value Theorem Extended</title>
        <identifierref>gc462937eb8356effe225adaed4b00c06</identifierref>
        <position>6</position>
        <new_tab/>
        <indent>0</indent>
      </item>
      <item identifier="gd2226dbedb54da5150a2936ba93e6c19">
        <content_type>Quizzes::Quiz</content_type>
        <workflow_state>active</workflow_state>
        <title>Mean Value Theorem Post-Video Questions</title>
        <identifierref>g87adc6e1eac23db2178c2c2f8c5847ce</identifierref>
        <position>7</position>
        <new_tab/>
        <indent>0</indent>
      </item>
    </items>
  </module>
  <module identifier="g15a9484367f72d4378b23615f4a24791">
    <title>Related Rates</title>
    <workflow_state>active</workflow_state>
    <position>22</position>
    <require_sequential_progress>false</require_sequential_progress>
    <locked>false</locked>
    <items>
      <item identifier="gb17580302f1a8dff700a0bb24ef127f2">
        <content_type>Quizzes::Quiz</content_type>
        <workflow_state>active</workflow_state>
        <title>Related Rates Pre-Video Questions</title>
        <identifierref>g45a85a16781000114f3e07268abdfe88</identifierref>
        <position>1</position>
        <new_tab/>
        <indent>0</indent>
      </item>
      <item identifier="g39d4e1aeb2a2f4a7682d7714994465d3">
        <content_type>Quizzes::Quiz</content_type>
        <workflow_state>active</workflow_state>
        <title>Related Rates Task Question</title>
        <identifierref>g410b95c53ca525ab284ac5c358020553</identifierref>
        <position>2</position>
        <new_tab/>
        <indent>0</indent>
      </item>
      <item identifier="gf10502abb86171097a3a0155b225d18a">
        <content_type>WikiPage</content_type>
        <workflow_state>active</workflow_state>
        <title>Related Rates Student Problem Solving Video</title>
        <identifierref>gc1abe710783d539ebef4cc4118ea86ca</identifierref>
        <position>3</position>
        <new_tab/>
        <indent>0</indent>
      </item>
      <item identifier="ge00c27453eaebbe1856f567aac03b94b">
        <content_type>WikiPage</content_type>
        <workflow_state>active</workflow_state>
        <title>Related Rates Video 1</title>
        <identifierref>g128aec17936152ef1b7dbb958d61ef84</identifierref>
        <position>4</position>
        <new_tab/>
        <indent>0</indent>
      </item>
      <item identifier="gcb845a8fe02dc2467119e93a713ed4b1">
        <content_type>WikiPage</content_type>
        <workflow_state>active</workflow_state>
        <title>Related Rates Video 2</title>
        <identifierref>g5a22b6e844aff1662a97e4ae7a479715</identifierref>
        <position>5</position>
        <new_tab/>
        <indent>0</indent>
      </item>
      <item identifier="gec4eb3b59a7d825c6fe152b7a48485f8">
        <content_type>Quizzes::Quiz</content_type>
        <workflow_state>active</workflow_state>
        <title>Related Rates Post-Video Questions</title>
        <identifierref>g440773cb50a34292ec7b5ac3c8232fd4</identifierref>
        <position>6</position>
        <new_tab/>
        <indent>0</indent>
      </item>
    </items>
  </module>
  <module identifier="g253a7014d14484e8eed7abc0d540905f">
    <title>Implicit Differentiation</title>
    <workflow_state>active</workflow_state>
    <position>23</position>
    <require_sequential_progress>false</require_sequential_progress>
    <locked>false</locked>
    <items>
      <item identifier="gcbcc29271ec7b325999592628d9cb3a8">
        <content_type>Quizzes::Quiz</content_type>
        <workflow_state>active</workflow_state>
        <title>Implicit Differentiation Pre-Video Question</title>
        <identifierref>g0ad5ac4c2e14ecbbd072eaeaa90b72e8</identifierref>
        <position>1</position>
        <new_tab/>
        <indent>0</indent>
      </item>
      <item identifier="g2d0d8d7aa03543e7f229c9bab2dd7d5a">
        <content_type>Quizzes::Quiz</content_type>
        <workflow_state>active</workflow_state>
        <title>Implicit Differentiation Task Question</title>
        <identifierref>gc0c781e07f3bec02d51b41d7e6933ba4</identifierref>
        <position>2</position>
        <new_tab/>
        <indent>0</indent>
      </item>
      <item identifier="g051d865075a51883d37620c9bd58b38c">
        <content_type>WikiPage</content_type>
        <workflow_state>active</workflow_state>
        <title>Implicit Differentiation Student Problem Solving Video</title>
        <identifierref>g13dd98862e27a6e23d80a4c9dabf03cc</identifierref>
        <position>3</position>
        <new_tab/>
        <indent>0</indent>
      </item>
      <item identifier="g2902c246811a48db506931d175b77979">
        <content_type>WikiPage</content_type>
        <workflow_state>active</workflow_state>
        <title>Implicit Differentiation Video 1</title>
        <identifierref>g55dc23535319fcfde0b8f21b34e608fd</identifierref>
        <position>4</position>
        <new_tab/>
        <indent>0</indent>
      </item>
      <item identifier="g38cfb31a8cd427026f32f0ad212c68c9">
        <content_type>WikiPage</content_type>
        <workflow_state>active</workflow_state>
        <title>Implicit Differentiation Video 2</title>
        <identifierref>g27dc7a66100dc47de7ea552a491649d1</identifierref>
        <position>5</position>
        <new_tab/>
        <indent>0</indent>
      </item>
      <item identifier="gf95991c38d13efb2405aab674d60d535">
        <content_type>Quizzes::Quiz</content_type>
        <workflow_state>active</workflow_state>
        <title>Implicit Differentiation Post-Video Questions</title>
        <identifierref>g7ecb3f80ca334a31b7055f3be3708d60</identifierref>
        <position>6</position>
        <new_tab/>
        <indent>0</indent>
      </item>
    </items>
  </module>
  <module identifier="g0621df913e4c0da2eb99809e3f669442">
    <title>Optimization (Intro)</title>
    <workflow_state>active</workflow_state>
    <position>24</position>
    <require_sequential_progress>false</require_sequential_progress>
    <locked>false</locked>
    <items>
      <item identifier="g1316006f12f15495ba90b92fbfe39018">
        <content_type>Quizzes::Quiz</content_type>
        <workflow_state>active</workflow_state>
        <title>Optimization (Intro) Pre-Video Questions</title>
        <identifierref>g954ea137925f10c1c9e3cf47a9c5d420</identifierref>
        <position>1</position>
        <new_tab/>
        <indent>0</indent>
      </item>
      <item identifier="ge2313216b05f91a7476287f09e69b05a">
        <content_type>Quizzes::Quiz</content_type>
        <workflow_state>active</workflow_state>
        <title>Optimization (Intro) Task Question</title>
        <identifierref>gdf2b7f5e6f972938d6d02b3534484a04</identifierref>
        <position>2</position>
        <new_tab/>
        <indent>0</indent>
      </item>
      <item identifier="g4543cae2e9de9601db0fdd9284914f75">
        <content_type>WikiPage</content_type>
        <workflow_state>active</workflow_state>
        <title>Optimization (Intro) Student Problem Solving Video</title>
        <identifierref>gc44099f9260ae503061e24d74088eae7</identifierref>
        <position>3</position>
        <new_tab/>
        <indent>0</indent>
      </item>
      <item identifier="g251cac12c956e9e2f7752a7b560f0da1">
        <content_type>WikiPage</content_type>
        <workflow_state>active</workflow_state>
        <title>Optimization (Intro) Video 1</title>
        <identifierref>g5763906ba4a632df977f8df9154b2058</identifierref>
        <position>4</position>
        <new_tab/>
        <indent>0</indent>
      </item>
      <item identifier="gfa27da9ece7f26d454d99c4f0c126d49">
        <content_type>WikiPage</content_type>
        <workflow_state>active</workflow_state>
        <title>Optimization (Intro) Video 2</title>
        <identifierref>gc3c45372843baebee4c6eba701217792</identifierref>
        <position>5</position>
        <new_tab/>
        <indent>0</indent>
      </item>
      <item identifier="gd3b9b501a3652e2feb59b6eb34307273">
        <content_type>Quizzes::Quiz</content_type>
        <workflow_state>active</workflow_state>
        <title>Optimization (Intro) Post-Video Questions</title>
        <identifierref>g7d76a0178d16085962d07d75b4d6a9f1</identifierref>
        <position>6</position>
        <new_tab/>
        <indent>0</indent>
      </item>
    </items>
  </module>
  <module identifier="g9ad8fcf3d1e9e5432d8823a8d6f1b0c2">
    <title>Optimization (Modeling)</title>
    <workflow_state>active</workflow_state>
    <position>25</position>
    <require_sequential_progress>false</require_sequential_progress>
    <locked>false</locked>
    <items>
      <item identifier="gb56a4fa297d7a8f7ebc7c7aac998a99d">
        <content_type>Quizzes::Quiz</content_type>
        <workflow_state>active</workflow_state>
        <title>Optimization (Modeling) Pre-Video Questions</title>
        <identifierref>g969165461287fff85489a8c05174a9be</identifierref>
        <position>1</position>
        <new_tab/>
        <indent>0</indent>
      </item>
      <item identifier="ged2bc4a336b5f9746a1d056ac372ae71">
        <content_type>Quizzes::Quiz</content_type>
        <workflow_state>active</workflow_state>
        <title>Optimization (Modeling) Task Question</title>
        <identifierref>g3a8e9fffea81fd91b69e11cf979fca98</identifierref>
        <position>2</position>
        <new_tab/>
        <indent>0</indent>
      </item>
      <item identifier="g67243e708886e0e23634febc79c87603">
        <content_type>WikiPage</content_type>
        <workflow_state>active</workflow_state>
        <title>Optimization (Modeling) Student Problem Solving Video</title>
        <identifierref>gae585be00b8e8f3b30ded4b87358cd1d</identifierref>
        <position>3</position>
        <new_tab/>
        <indent>0</indent>
      </item>
      <item identifier="ge76e0f445a20ce3f867fbfb110a4763d">
        <content_type>WikiPage</content_type>
        <workflow_state>active</workflow_state>
        <title>Optimization (Modeling) Video 1</title>
        <identifierref>gea9f5c30a143d55ef89072f91d5b6c4a</identifierref>
        <position>4</position>
        <new_tab/>
        <indent>0</indent>
      </item>
      <item identifier="g604c3df442e433d2bc512adb6120e713">
        <content_type>Quizzes::Quiz</content_type>
        <workflow_state>active</workflow_state>
        <title>Optimization (Modeling) Post-Video Questions</title>
        <identifierref>g683b6157803ac28ae0ee61ccf9dd7ff1</identifierref>
        <position>6</position>
        <new_tab/>
        <indent>0</indent>
      </item>
    </items>
  </module>
  <module identifier="g94019a17c1e99bafdfb36ffce7a90c40">
    <title>Riemann Sums Introduction</title>
    <workflow_state>active</workflow_state>
    <position>26</position>
    <require_sequential_progress>false</require_sequential_progress>
    <locked>false</locked>
    <items>
      <item identifier="gce1a0f2de995284da24acbec4351f399">
        <content_type>Quizzes::Quiz</content_type>
        <workflow_state>active</workflow_state>
        <title>Riemann Sums Introduction Pre-Video Questions</title>
        <identifierref>g6facbd95764df88ceb5acc75fbbabbe0</identifierref>
        <position>1</position>
        <new_tab/>
        <indent>0</indent>
      </item>
      <item identifier="gd2062b2d221754ef85d71714329de596">
        <content_type>Quizzes::Quiz</content_type>
        <workflow_state>active</workflow_state>
        <title>Riemann Sums Introduction Task Question</title>
        <identifierref>g643f9bf182a63212bd1630868be313b9</identifierref>
        <position>2</position>
        <new_tab/>
        <indent>0</indent>
      </item>
      <item identifier="gbb47f1598cddeca83ef73e4bac0eaee6">
        <content_type>WikiPage</content_type>
        <workflow_state>active</workflow_state>
        <title>Riemann Sums Introduction Student Problem Solving Video</title>
        <identifierref>g17176dec00378156db66fa7b25fc4bd9</identifierref>
        <position>3</position>
        <new_tab/>
        <indent>0</indent>
      </item>
      <item identifier="gf9b78f0f83f9b59d5489575dc5a1d318">
        <content_type>WikiPage</content_type>
        <workflow_state>active</workflow_state>
        <title>Riemann Sums Introduction Video 1</title>
        <identifierref>gd1023fbf192e65fdc56154013f9e1239</identifierref>
        <position>4</position>
        <new_tab/>
        <indent>0</indent>
      </item>
      <item identifier="gcf2a081e8edbebe5ded98a620fbea684">
        <content_type>WikiPage</content_type>
        <workflow_state>active</workflow_state>
        <title>Riemann Sums Introduction Video 2</title>
        <identifierref>g9cf15501073ba72d0fcba1260143fc34</identifierref>
        <position>5</position>
        <new_tab/>
        <indent>0</indent>
      </item>
      <item identifier="g32f636d1aa34105453f5468191626d20">
        <content_type>Quizzes::Quiz</content_type>
        <workflow_state>active</workflow_state>
        <title>Riemann Sums Introduction Post-Video Questions</title>
        <identifierref>g9e599775be97757ff47ec78c05685c8e</identifierref>
        <position>6</position>
        <new_tab/>
        <indent>0</indent>
      </item>
    </items>
  </module>
  <module identifier="g8b4c848a0d2d135646dd4446d54b2ace">
    <title>Riemann Sums Notation</title>
    <workflow_state>active</workflow_state>
    <position>27</position>
    <require_sequential_progress>false</require_sequential_progress>
    <locked>false</locked>
    <items>
      <item identifier="gfbb5a2cd18c7e0cd6da2ee948c062e68">
        <content_type>Quizzes::Quiz</content_type>
        <workflow_state>active</workflow_state>
        <title>Riemann Sums Notation Pre-Video Questions</title>
        <identifierref>gaa98816c8cf37af9425818e72a761dd0</identifierref>
        <position>1</position>
        <new_tab/>
        <indent>0</indent>
      </item>
      <item identifier="g825eeb68d03158bfba80fdbdca52d08b">
        <content_type>Quizzes::Quiz</content_type>
        <workflow_state>active</workflow_state>
        <title>Riemann Sums Notation Task Question</title>
        <identifierref>g2e74b9ca02f607b01d61cd8671ce4d03</identifierref>
        <position>2</position>
        <new_tab/>
        <indent>0</indent>
      </item>
      <item identifier="g366e7edd2250bd5d8ed065f35bdc5b58">
        <content_type>WikiPage</content_type>
        <workflow_state>active</workflow_state>
        <title>Riemann Sums Notation Student Problem Solving Video</title>
        <identifierref>gb449f50a321204836740961a301bb033</identifierref>
        <position>3</position>
        <new_tab/>
        <indent>0</indent>
      </item>
      <item identifier="g0d416cea0a9bc12af0441346406003b1">
        <content_type>WikiPage</content_type>
        <workflow_state>active</workflow_state>
        <title>Riemann Sums Notation Video 1</title>
        <identifierref>gf4f5e4ae6fbcd5b38f4512713a1e3210</identifierref>
        <position>4</position>
        <new_tab/>
        <indent>0</indent>
      </item>
      <item identifier="gd8a3bd2a7026aa796b23ae4d2bccc055">
        <content_type>Quizzes::Quiz</content_type>
        <workflow_state>active</workflow_state>
        <title>Riemann Sums Notation Post-Video Questions</title>
        <identifierref>g47d26078e905ed02ab219fcf77a988ed</identifierref>
        <position>6</position>
        <new_tab/>
        <indent>0</indent>
      </item>
    </items>
  </module>
  <module identifier="g54047e0f1c4c7118884a905e33966e38">
    <title>Definite Integrals</title>
    <workflow_state>active</workflow_state>
    <position>28</position>
    <require_sequential_progress>false</require_sequential_progress>
    <locked>false</locked>
    <items>
      <item identifier="g761c9b224b706451d577bcaa8a92f0c3">
        <content_type>Quizzes::Quiz</content_type>
        <workflow_state>active</workflow_state>
        <title>Definite Integrals Pre-Video Questions</title>
        <identifierref>g3739d358f3044a57aeea1a13412fa047</identifierref>
        <position>1</position>
        <new_tab/>
        <indent>0</indent>
      </item>
      <item identifier="ge49faca14748a6d39f79e633e3e8f6f7">
        <content_type>Quizzes::Quiz</content_type>
        <workflow_state>active</workflow_state>
        <title>Definite Integrals Task Questions</title>
        <identifierref>g81c3585f4469e75a5e3031f688b6da11</identifierref>
        <position>2</position>
        <new_tab/>
        <indent>0</indent>
      </item>
      <item identifier="gd3e0ad0b0ca86a3c76f196e4559617e8">
        <content_type>WikiPage</content_type>
        <workflow_state>active</workflow_state>
        <title>Definite Integrals Student Problem Solving Video</title>
        <identifierref>gb48e20093219e01861540a55c618d309</identifierref>
        <position>3</position>
        <new_tab/>
        <indent>0</indent>
      </item>
      <item identifier="g017aedef4dca0fa9ad278d1ec33628e7">
        <content_type>WikiPage</content_type>
        <workflow_state>active</workflow_state>
        <title>Definite Integrals Video 1</title>
        <identifierref>g7df256743099dfb360de95550fef695b</identifierref>
        <position>4</position>
        <new_tab/>
        <indent>0</indent>
      </item>
      <item identifier="g77d79b101f8499e496c91a505fbc9a39">
        <content_type>WikiPage</content_type>
        <workflow_state>active</workflow_state>
        <title>Definite Integrals Video 2</title>
        <identifierref>g386e5d9bc425a8c7bed4c799195e786d</identifierref>
        <position>5</position>
        <new_tab/>
        <indent>0</indent>
      </item>
      <item identifier="g4626a649674abfc0f14e939c60fea332">
        <content_type>Quizzes::Quiz</content_type>
        <workflow_state>active</workflow_state>
        <title>Definite Integrals Post-Video Questions</title>
        <identifierref>g07154b8a3b67b64313f7efad71ad92a1</identifierref>
        <position>6</position>
        <new_tab/>
        <indent>0</indent>
      </item>
    </items>
  </module>
  <module identifier="g756c37187f8a7184fdb560a5d856b8c9">
    <title>Antiderivatives</title>
    <workflow_state>active</workflow_state>
    <position>29</position>
    <require_sequential_progress>false</require_sequential_progress>
    <locked>false</locked>
    <items>
      <item identifier="g05225584b900652308369eea32504ea9">
        <content_type>Quizzes::Quiz</content_type>
        <workflow_state>active</workflow_state>
        <title>Antiderivatives Pre-Video Questions</title>
        <identifierref>g6631909a7d52f31a595f328cd23feaef</identifierref>
        <position>1</position>
        <new_tab/>
        <indent>0</indent>
      </item>
      <item identifier="ga4f4b75ea00cc2fe9ef8cb738df920fa">
        <content_type>WikiPage</content_type>
        <workflow_state>active</workflow_state>
        <title>Antiderivatives Student Problem Solving Video</title>
        <identifierref>g604d96f0a9add22e95f70ad5ab8a7303</identifierref>
        <position>2</position>
        <new_tab/>
        <indent>0</indent>
      </item>
      <item identifier="g17ea326b7c76602d43a3ffdf13f65a7f">
        <content_type>WikiPage</content_type>
        <workflow_state>active</workflow_state>
        <title>Antiderivatives Video 1</title>
        <identifierref>g029db6e972f04a95791b73f072fe1608</identifierref>
        <position>3</position>
        <new_tab/>
        <indent>0</indent>
      </item>
      <item identifier="gc30f3be6b6882aac9a17565601cf207f">
        <content_type>WikiPage</content_type>
        <workflow_state>active</workflow_state>
        <title>Antiderivatives Video 2</title>
        <identifierref>gee1b518debf128dbf4d19d4b085b45cc</identifierref>
        <position>4</position>
        <new_tab/>
        <indent>0</indent>
      </item>
      <item identifier="g99ba1c7e3c0075c8b4e9756da1e58918">
        <content_type>WikiPage</content_type>
        <workflow_state>active</workflow_state>
        <title>Antiderivatives Video 3</title>
        <identifierref>g1986d4f1ed8c3b19e4e20ec43d22d4fd</identifierref>
        <position>5</position>
        <new_tab/>
        <indent>0</indent>
      </item>
      <item identifier="g4c8955edb99b64a36a2b7629c55ce91c">
        <content_type>Quizzes::Quiz</content_type>
        <workflow_state>active</workflow_state>
        <title>Antiderivatives Post-Video Questions</title>
        <identifierref>g7acef7439388a7993156e63e5bedb6c0</identifierref>
        <position>6</position>
        <new_tab/>
        <indent>0</indent>
      </item>
    </items>
  </module>
  <module identifier="g8f65b8b173cd10b23cd679845de039b2">
    <title>The Fundamental Theorem of Calculus, Part 1</title>
    <workflow_state>active</workflow_state>
    <position>30</position>
    <require_sequential_progress>false</require_sequential_progress>
    <locked>false</locked>
    <items>
      <item identifier="g0e5c42c22630801f85d1b0807f291263">
        <content_type>Quizzes::Quiz</content_type>
        <workflow_state>active</workflow_state>
        <title>The Fundamental Theorem of Calculus, Part 1 Pre-Video Questions</title>
        <identifierref>g10de755311541d29ae3446413ad8848d</identifierref>
        <position>1</position>
        <new_tab/>
        <indent>0</indent>
      </item>
      <item identifier="gb735f5a7a1f7bd62ed6b09a2e397765e">
        <content_type>Quizzes::Quiz</content_type>
        <workflow_state>active</workflow_state>
        <title>The Fundamental Theorem of Calculus, Part 1 Task Question</title>
        <identifierref>ga1291dd90341d70758d5b1b2d08fea9b</identifierref>
        <position>2</position>
        <new_tab/>
        <indent>0</indent>
      </item>
      <item identifier="gabac9e4b98622ea337315a76e0b63d3f">
        <content_type>WikiPage</content_type>
        <workflow_state>active</workflow_state>
        <title>The Fundamental Theorem of Calculus, Part 1 Student Problem Solving Video</title>
        <identifierref>g25a21cccde082efa22affafd90b665bb</identifierref>
        <position>3</position>
        <new_tab/>
        <indent>0</indent>
      </item>
      <item identifier="g4d5768ad933512cf86c0b8cdcc716a76">
        <content_type>WikiPage</content_type>
        <workflow_state>active</workflow_state>
        <title>The Fundamental Theorem of Calculus, Part 1 Video 1</title>
        <identifierref>g25f91f949d8263b372a50fc7fa22fc96</identifierref>
        <position>4</position>
        <new_tab/>
        <indent>0</indent>
      </item>
      <item identifier="g1f547f1f630b1ed0dfb09f83576a81a3">
        <content_type>Quizzes::Quiz</content_type>
        <workflow_state>active</workflow_state>
        <title>The Fundamental Theorem of Calculus, Part 1 Post-Video Questions</title>
        <identifierref>g63fc6efca7929c4348f085c40a15b003</identifierref>
        <position>5</position>
        <new_tab/>
        <indent>0</indent>
      </item>
    </items>
  </module>
  <module identifier="g39e1fba83cd15ea6c94b6a0d53494ac3">
    <title>The Fundamental Theorem of Calculus, Part 2</title>
    <workflow_state>active</workflow_state>
    <position>31</position>
    <require_sequential_progress>false</require_sequential_progress>
    <locked>false</locked>
    <items>
      <item identifier="g5661066a2ea4f95d566d123d9e2b2b2f">
        <content_type>Quizzes::Quiz</content_type>
        <workflow_state>active</workflow_state>
        <title>The Fundamental Theorem of Calculus, Part 2 Pre-Video Questions</title>
        <identifierref>g6c31e8313b0d82d3898cbb66251f98e0</identifierref>
        <position>1</position>
        <new_tab/>
        <indent>0</indent>
      </item>
      <item identifier="g654b64c5512e108384601d8163176c12">
        <content_type>Quizzes::Quiz</content_type>
        <workflow_state>active</workflow_state>
        <title>The Fundamental Theorem of Calculus, Part 2 Task Question</title>
        <identifierref>g40b993959ac3a67cfbb690a10003f916</identifierref>
        <position>2</position>
        <new_tab/>
        <indent>0</indent>
      </item>
      <item identifier="g0633df25c5534b2c1363cf2cae1b39bd">
        <content_type>WikiPage</content_type>
        <workflow_state>active</workflow_state>
        <title>The Fundamental Theorem of Calculus, Part 2 Student Problem Solving Video</title>
        <identifierref>g5dd8c09ced8286055394b8fb22a314fe</identifierref>
        <position>3</position>
        <new_tab/>
        <indent>0</indent>
      </item>
      <item identifier="g7a44a0dce9cd840d1fd9f48918947929">
        <content_type>WikiPage</content_type>
        <workflow_state>active</workflow_state>
        <title>The Fundamental Theorem of Calculus, Part 2 Video 1</title>
        <identifierref>g9dd6eed6149a35484d7931b1dca34dce</identifierref>
        <position>4</position>
        <new_tab/>
        <indent>0</indent>
      </item>
      <item identifier="g5a55aa5fe7c1a67b462e7d855b30f0fd">
        <content_type>WikiPage</content_type>
        <workflow_state>active</workflow_state>
        <title>The Fundamental Theorem of Calculus, Part 2 Video 2</title>
        <identifierref>g9d71d4e7dbf02d8db1e0bc41f639cb7e</identifierref>
        <position>5</position>
        <new_tab/>
        <indent>0</indent>
      </item>
      <item identifier="gcaf2abfbc2b1edf135f4ce6efb8d3eb8">
        <content_type>Quizzes::Quiz</content_type>
        <workflow_state>active</workflow_state>
        <title>The Fundamental Theorem of Calculus, Part 2 Post-Video Questions</title>
        <identifierref>gec4f664e28be34ac50407e07c2d20294</identifierref>
        <position>6</position>
        <new_tab/>
        <indent>0</indent>
      </item>
    </items>
  </module>
  <module identifier="gb354eaa89146f8215fd7152a464c77f5">
    <title>U-Substitution</title>
    <workflow_state>active</workflow_state>
    <position>32</position>
    <require_sequential_progress>false</require_sequential_progress>
    <locked>false</locked>
    <items>
      <item identifier="g3d6d826464635d2bdf45214f2470362f">
        <content_type>Quizzes::Quiz</content_type>
        <workflow_state>active</workflow_state>
        <title>U-Substitution Pre-Video Questions</title>
        <identifierref>gc01e54f4f471da3e6717168ea1605c27</identifierref>
        <position>1</position>
        <new_tab/>
        <indent>0</indent>
      </item>
      <item identifier="gc90a8527c31836df082f937459a0380f">
        <content_type>WikiPage</content_type>
        <workflow_state>active</workflow_state>
        <title>U-Substitution Student Problem Solving Video</title>
        <identifierref>ge0a1cfdf0b4ee2bced87b27fd2eeab96</identifierref>
        <position>2</position>
        <new_tab/>
        <indent>0</indent>
      </item>
      <item identifier="g6861549ad83759d0723d1f996cb989c2">
        <content_type>WikiPage</content_type>
        <workflow_state>active</workflow_state>
        <title>U-Substitution Video 1</title>
        <identifierref>g2be82b97a8ad57027426775c9364a693</identifierref>
        <position>3</position>
        <new_tab/>
        <indent>0</indent>
      </item>
      <item identifier="g03e27a84c5f34ea13d2cffb9026eb456">
        <content_type>Quizzes::Quiz</content_type>
        <workflow_state>active</workflow_state>
        <title>U-Substitution Post-Video Questions</title>
        <identifierref>gec6444a535535fea0030a53b15c8aa99</identifierref>
        <position>4</position>
        <new_tab/>
        <indent>0</indent>
      </item>
    </items>
  </module>
  <module identifier="g679c5e60aceee50f09895fa310aaebcb">
    <title>The S-I-R Model</title>
    <workflow_state>active</workflow_state>
    <position>33</position>
    <require_sequential_progress>false</require_sequential_progress>
    <locked>false</locked>
    <items>
      <item identifier="ga06b174018e96b7cfd237905098d1b10">
        <content_type>WikiPage</content_type>
        <workflow_state>active</workflow_state>
        <title>The S-I-R Model Student Problem Solving Video</title>
        <identifierref>g000517ed9b99ba96e3fcbacfb1cf07c7</identifierref>
        <position>1</position>
        <new_tab/>
        <indent>0</indent>
      </item>
      <item identifier="g0b0c1af98bd3837664000787d261a9d8">
        <content_type>WikiPage</content_type>
        <workflow_state>active</workflow_state>
        <title>The S-I-R Model Video 1</title>
        <identifierref>g95299b36f34283fae38e37cd1f0cffb7</identifierref>
        <position>2</position>
        <new_tab/>
        <indent>0</indent>
      </item>
      <item identifier="gca245d23b3fe24e89c780fd0df0baf62">
        <content_type>WikiPage</content_type>
        <workflow_state>active</workflow_state>
        <title>The S-I-R Model Video 2</title>
        <identifierref>gae19dd7c317e01816f3aee6e206a61dd</identifierref>
        <position>3</position>
        <new_tab/>
        <indent>0</indent>
      </item>
    </items>
  </module>
  <module identifier="gd4b2724982ed9313741d49ebb1dd514a">
    <title>Introduction to Euler's Method</title>
    <workflow_state>active</workflow_state>
    <position>34</position>
    <require_sequential_progress>false</require_sequential_progress>
    <locked>false</locked>
    <items>
      <item identifier="g2eced410fbf48b5416d5ea90f64cf38d">
        <content_type>WikiPage</content_type>
        <workflow_state>active</workflow_state>
        <title>Introduction to Euler's Method Video 1</title>
        <identifierref>gd6c759bdc9899b30d1b1216dd374f0a1</identifierref>
        <position>1</position>
        <new_tab/>
        <indent>0</indent>
      </item>
      <item identifier="g9887ec197a2c911a86a6b03102109e00">
        <content_type>WikiPage</content_type>
        <workflow_state>active</workflow_state>
        <title>Introduction to Euler's Method Video 2</title>
        <identifierref>g50fedc019f97a041aa5e4345d897b381</identifierref>
        <position>2</position>
        <new_tab/>
        <indent>0</indent>
      </item>
      <item identifier="g0623dfbab3074310bf2120407390f818">
        <content_type>WikiPage</content_type>
        <workflow_state>active</workflow_state>
        <title>Introduction to Euler's Method Video 3</title>
        <identifierref>gdda215e88cb3f5b59c69cba5994329f5</identifierref>
        <position>3</position>
        <new_tab/>
        <indent>0</indent>
      </item>
      <item identifier="gc65c3b648f44fcfd553479445aa10336">
        <content_type>WikiPage</content_type>
        <workflow_state>active</workflow_state>
        <title>Introduction to Euler's Method Video 4</title>
        <identifierref>g1badecc72d669ff61d31cc38e66d86cb</identifierref>
        <position>4</position>
        <new_tab/>
        <indent>0</indent>
      </item>
    </items>
  </module>
  <module identifier="g440ec7d6713fd9eb2262a07f6e58e53b">
    <title>An Introduction to (Linear) Differential Equations</title>
    <workflow_state>active</workflow_state>
    <position>35</position>
    <require_sequential_progress>false</require_sequential_progress>
    <locked>false</locked>
    <items>
      <item identifier="g785002c33d0837c764e1e154c8c6eae2">
        <content_type>WikiPage</content_type>
        <workflow_state>active</workflow_state>
        <title>An Introduction To (Linear) Differential Equations Video 1</title>
        <identifierref>gc7bef64926b66698255749068a0329f2</identifierref>
        <position>1</position>
        <new_tab/>
        <indent>0</indent>
      </item>
      <item identifier="ga01245d0e560ef33ad690db4cda666b9">
        <content_type>WikiPage</content_type>
        <workflow_state>active</workflow_state>
        <title>An Introduction To (Linear) Differential Equations Video 2</title>
        <identifierref>g13ed96847e0e56bbc081557d44f8670f</identifierref>
        <position>2</position>
        <new_tab/>
        <indent>0</indent>
      </item>
    </items>
  </module>
</modules>
