<?xml version="1.0" encoding="utf-8"?>
<cartridge_basiclti_link xmlns="http://www.imsglobal.org/xsd/imslticc_v1p0" xmlns:lticm="http://www.imsglobal.org/xsd/imslticc_v1p0" xmlns:lticp="http://www.imsglobal.org/xsd/imslticp_v1p0" xmlns:xsi="http://www.w3.org/2001/XMLSchema-instance" xmlns:blti="http://www.imsglobal.org/xsd/imsbasiclti_v1p0" xsi:schemaLocation="xmlns http://www.imsglobal.org/xsd/lti/ltiv1p0/imslticc_v1p0p1.xsd http://www.imsglobal.org/xsd/imslticp_v1p0 http://www.imsglobal.org/xsd/lti/ltiv1p0/imslticp_v1p0.xsd  http://www.imsglobal.org/xsd/imslticm_v1p0 http://www.imsglobal.org/xsd/lti/ltiv1p0/imslticm_v1p0.xsd http://www.imsglobal.org/xsd/imsbasiclti_v1p0 http://www.imsglobal.org/xsd/lti/ltiv1p0/imsbasiclti_v1p0p1.xsd">
  <blti:title>Poetry History</blti:title>
  <blti:description>Auto-Generated Content LTI Link.</blti:description>
  <blti:custom />
  <blti:extensions>
    <lticm:property name="d2l_visibility">false</lticm:property>
    <lticm:property name="d2l_linktype">basic-lti-launch-request</lticm:property>
  </blti:extensions>
  <blti:launch_url>https://api.us-east-1.content-service.brightspace.com/tool/content/356527a8-336f-23e3-b444-46913ea20791</blti:launch_url>
  <blti:vendor>
    <lticp:code />
    <lticp:name />
    <lticp:description />
    <lticp:url />
    <lticp:contact>
      <lticp:email />
    </lticp:contact>
  </blti:vendor>
</cartridge_basiclti_link>