﻿<?xml version="1.0" encoding="UTF-8"?><questestinterop xmlns:d2l_2p0="http://desire2learn.com/xsd/d2lcp_v2p0"><assessment d2l_2p0:id="444" title="FTOC: Integrals are Antiderivatives Task" ident="res_quiz_122399" d2l_2p0:resource_code="ef9e56cc46d3486a98963923-124"><rubric><flow_mat><material><mattext d2l_2p0:isdisplayed="no" texttype="text/html" /></material></flow_mat></rubric><assessmentcontrol hintswitch="no" solutionswitch="yes" feedbackswitch="no" /><presentation_material><flow_mat><material label="page header"><mattext d2l_2p0:isdisplayed="no" texttype="text/html" /></material><material label="page footer"><mattext d2l_2p0:isdisplayed="no" texttype="text/html" /></material></flow_mat></presentation_material><assess_procextension><d2l_2p0:intro_message d2l_2p0:isdisplayed="yes" texttype="text/html">Respondus</d2l_2p0:intro_message><d2l_2p0:disable_right_click>no</d2l_2p0:disable_right_click><d2l_2p0:disable_pager_access>no</d2l_2p0:disable_pager_access><is_active>yes</is_active><d2l_2p0:date_start /><d2l_2p0:date_end /><d2l_2p0:date_due /><d2l_2p0:has_schedule_event>no</d2l_2p0:has_schedule_event><d2l_2p0:is_attempt_Rldb>no</d2l_2p0:is_attempt_Rldb><d2l_2p0:is_subview_Rldb>no</d2l_2p0:is_subview_Rldb><d2l_2p0:time_limit>120</d2l_2p0:time_limit><d2l_2p0:show_clock>yes</d2l_2p0:show_clock><d2l_2p0:enforce_time_limit>yes</d2l_2p0:enforce_time_limit><d2l_2p0:grace_period>5</d2l_2p0:grace_period><d2l_2p0:late_limit>0</d2l_2p0:late_limit><d2l_2p0:attempts_allowed>3</d2l_2p0:attempts_allowed><d2l_2p0:attempt_restrictions /><d2l_2p0:mark_calculation_type>1</d2l_2p0:mark_calculation_type><d2l_2p0:is_forward_only>no</d2l_2p0:is_forward_only></assess_procextension><assessfeedback title=""><rubric><flow_mat><material><mattext texttype="yes">Your quiz has been submitted successfully.</mattext></material></flow_mat></rubric><d2l_2p0:duration>0</d2l_2p0:duration><d2l_2p0:response_display_type_id>1</d2l_2p0:response_display_type_id><d2l_2p0:show_correct_answers>no</d2l_2p0:show_correct_answers><d2l_2p0:submission_restrictip>no</d2l_2p0:submission_restrictip><d2l_2p0:show_class_average>no</d2l_2p0:show_class_average><d2l_2p0:show_score_distribution>no</d2l_2p0:show_score_distribution></assessfeedback><section ident="CONTAINER_SECTION"><item ident="OBJ_1651148" label="QUES_42756955_42761036" d2l_2p0:page="1"><itemmetadata><qtimetadata><qti_metadatafield><fieldlabel>qmd_computerscored</fieldlabel><fieldentry>yes</fieldentry></qti_metadatafield><qti_metadatafield><fieldlabel>qmd_questiontype</fieldlabel><fieldentry>Multiple Choice</fieldentry></qti_metadatafield><qti_metadatafield><fieldlabel>qmd_weighting</fieldlabel><fieldentry>1.000000000</fieldentry></qti_metadatafield><qti_metadatafield><fieldlabel>qmd_globalid</fieldlabel><fieldentry>2ae51521-4b44-4b03-9521-f8337abbaf7f</fieldentry></qti_metadatafield><qti_metadatafield><fieldlabel>qmd_displayid</fieldlabel><fieldentry>Sample Course-74154</fieldentry></qti_metadatafield></qtimetadata></itemmetadata><itemproc_extension><d2l_2p0:difficulty>3</d2l_2p0:difficulty><d2l_2p0:isbonus>no</d2l_2p0:isbonus><d2l_2p0:ismandatory>yes</d2l_2p0:ismandatory></itemproc_extension><presentation><flow><material><mattext texttype="text/html">&lt;!--RsQ_001--&gt;&lt;span style="font-family:'Arial';"&gt;A factory produces golf balls at a rate of &lt;/span&gt;&lt;span style="font-family:'Arial'; color:#000000;"&gt;&lt;IMG src="ppg/respondus/FTOC_1_Task_BB_Test/eq_0c987d.gif" alt="equation" border=0 align="absmiddle"&gt;&lt;/span&gt;&lt;span style="font-family:'Arial';"&gt; balls per week (&lt;/span&gt;&lt;span style="font-family:'Arial'; color:#000000;"&gt;&lt;IMG src="ppg/respondus/FTOC_1_Task_BB_Test/eq_0c9892.gif" alt="equation" border=0 align="absmiddle"&gt;&lt;/span&gt;&lt;span style="font-family:'Arial';"&gt; in weeks). Exactly how many golf balls were produced from the beginning of week 2 to the end of week 4? &lt;/span&gt;</mattext></material><response_extension><d2l_2p0:display_style>2</d2l_2p0:display_style><d2l_2p0:enumeration>6</d2l_2p0:enumeration><d2l_2p0:grading_type>0</d2l_2p0:grading_type></response_extension><response_lid ident="QUES_42756955_42761036_LID" rcardinality="Single"><render_choice shuffle="no"><flow_label class="Block"><response_label ident="QUES_42756955_42761036_A130832994"><flow_mat><material><mattext texttype="text/html">&lt;span style="font-family:'Arial';"&gt;2460 golf balls&lt;/span&gt;</mattext></material></flow_mat></response_label></flow_label><flow_label class="Block"><response_label ident="QUES_42756955_42761036_A130832995"><flow_mat><material><mattext texttype="text/html">&lt;span style="font-family:'Arial';"&gt;4020 golf balls&lt;/span&gt;</mattext></material></flow_mat></response_label></flow_label><flow_label class="Block"><response_label ident="QUES_42756955_42761036_A130832996"><flow_mat><material><mattext texttype="text/html">&lt;span style="font-family:'Arial';"&gt;1400 golf balls&lt;/span&gt;</mattext></material></flow_mat></response_label></flow_label><flow_label class="Block"><response_label ident="QUES_42756955_42761036_A130832997"><flow_mat><material><mattext texttype="text/html">&lt;span style="font-family:'Arial';"&gt;7320 golf balls&lt;/span&gt;</mattext></material></flow_mat></response_label></flow_label><flow_label class="Block"><response_label ident="QUES_42756955_42761036_A130832998"><flow_mat><material><mattext texttype="text/html">&lt;span style="font-family:'Arial';"&gt;2790 golf balls&lt;/span&gt;</mattext></material></flow_mat></response_label></flow_label></render_choice></response_lid></flow></presentation><resprocessing><respcondition title="Response Condition 1"><conditionvar><varequal respident="QUES_42756955_42761036_LID">QUES_42756955_42761036_A130832994</varequal></conditionvar><setvar action="Set">0.000000000</setvar><displayfeedback feedbacktype="Response" linkrefid="QUES_42756955_42761036_IF130832994" /></respcondition><respcondition title="Response Condition 2"><conditionvar><varequal respident="QUES_42756955_42761036_LID">QUES_42756955_42761036_A130832995</varequal></conditionvar><setvar action="Set">100.000000000</setvar><displayfeedback feedbacktype="Response" linkrefid="QUES_42756955_42761036_IF130832995" /></respcondition><respcondition title="Response Condition 3"><conditionvar><varequal respident="QUES_42756955_42761036_LID">QUES_42756955_42761036_A130832996</varequal></conditionvar><setvar action="Set">0.000000000</setvar><displayfeedback feedbacktype="Response" linkrefid="QUES_42756955_42761036_IF130832996" /></respcondition><respcondition title="Response Condition 4"><conditionvar><varequal respident="QUES_42756955_42761036_LID">QUES_42756955_42761036_A130832997</varequal></conditionvar><setvar action="Set">0.000000000</setvar><displayfeedback feedbacktype="Response" linkrefid="QUES_42756955_42761036_IF130832997" /></respcondition><respcondition title="Response Condition 5"><conditionvar><varequal respident="QUES_42756955_42761036_LID">QUES_42756955_42761036_A130832998</varequal></conditionvar><setvar action="Set">0.000000000</setvar><displayfeedback feedbacktype="Response" linkrefid="QUES_42756955_42761036_IF130832998" /></respcondition></resprocessing><itemfeedback ident="QUES_42756955_42761036_IF130832994"><material><mattext texttype="text/plain" /></material></itemfeedback><itemfeedback ident="QUES_42756955_42761036_IF130832995"><material><mattext texttype="text/plain" /></material></itemfeedback><itemfeedback ident="QUES_42756955_42761036_IF130832996"><material><mattext texttype="text/plain" /></material></itemfeedback><itemfeedback ident="QUES_42756955_42761036_IF130832997"><material><mattext texttype="text/plain" /></material></itemfeedback><itemfeedback ident="QUES_42756955_42761036_IF130832998"><material><mattext texttype="text/plain" /></material></itemfeedback></item></section></assessment></questestinterop>