﻿<?xml version="1.0" encoding="UTF-8"?><questestinterop xmlns:d2l_2p0="http://desire2learn.com/xsd/d2lcp_v2p0"><assessment d2l_2p0:id="445" title="FTOC: Variable in Bounds PostVideo Questions" ident="res_quiz_122400" d2l_2p0:resource_code="ef9e56cc46d3486a98963923-125"><rubric><flow_mat><material><mattext d2l_2p0:isdisplayed="no" texttype="text/html" /></material></flow_mat></rubric><assessmentcontrol hintswitch="no" solutionswitch="yes" feedbackswitch="no" /><presentation_material><flow_mat><material label="page header"><mattext d2l_2p0:isdisplayed="no" texttype="text/html" /></material><material label="page footer"><mattext d2l_2p0:isdisplayed="no" texttype="text/html" /></material></flow_mat></presentation_material><assess_procextension><d2l_2p0:intro_message d2l_2p0:isdisplayed="yes" texttype="text/html">Respondus</d2l_2p0:intro_message><d2l_2p0:disable_right_click>no</d2l_2p0:disable_right_click><d2l_2p0:disable_pager_access>no</d2l_2p0:disable_pager_access><is_active>yes</is_active><d2l_2p0:date_start /><d2l_2p0:date_end /><d2l_2p0:date_due /><d2l_2p0:has_schedule_event>no</d2l_2p0:has_schedule_event><d2l_2p0:is_attempt_Rldb>no</d2l_2p0:is_attempt_Rldb><d2l_2p0:is_subview_Rldb>no</d2l_2p0:is_subview_Rldb><d2l_2p0:time_limit>120</d2l_2p0:time_limit><d2l_2p0:show_clock>yes</d2l_2p0:show_clock><d2l_2p0:enforce_time_limit>yes</d2l_2p0:enforce_time_limit><d2l_2p0:grace_period>5</d2l_2p0:grace_period><d2l_2p0:late_limit>0</d2l_2p0:late_limit><d2l_2p0:attempts_allowed>3</d2l_2p0:attempts_allowed><d2l_2p0:attempt_restrictions /><d2l_2p0:mark_calculation_type>1</d2l_2p0:mark_calculation_type><d2l_2p0:is_forward_only>no</d2l_2p0:is_forward_only></assess_procextension><assessfeedback title=""><rubric><flow_mat><material><mattext texttype="yes">Your quiz has been submitted successfully.</mattext></material></flow_mat></rubric><d2l_2p0:duration>0</d2l_2p0:duration><d2l_2p0:response_display_type_id>1</d2l_2p0:response_display_type_id><d2l_2p0:show_correct_answers>no</d2l_2p0:show_correct_answers><d2l_2p0:submission_restrictip>no</d2l_2p0:submission_restrictip><d2l_2p0:show_class_average>no</d2l_2p0:show_class_average><d2l_2p0:show_score_distribution>no</d2l_2p0:show_score_distribution></assessfeedback><section ident="CONTAINER_SECTION"><item ident="OBJ_1651149" label="QUES_42756956_42761037" d2l_2p0:page="1"><itemmetadata><qtimetadata><qti_metadatafield><fieldlabel>qmd_computerscored</fieldlabel><fieldentry>yes</fieldentry></qti_metadatafield><qti_metadatafield><fieldlabel>qmd_questiontype</fieldlabel><fieldentry>Multiple Choice</fieldentry></qti_metadatafield><qti_metadatafield><fieldlabel>qmd_weighting</fieldlabel><fieldentry>1.000000000</fieldentry></qti_metadatafield><qti_metadatafield><fieldlabel>qmd_globalid</fieldlabel><fieldentry>7452d129-9e78-4363-9fcc-41f0d6bc67cf</fieldentry></qti_metadatafield><qti_metadatafield><fieldlabel>qmd_displayid</fieldlabel><fieldentry>Sample Course-74155</fieldentry></qti_metadatafield></qtimetadata></itemmetadata><itemproc_extension><d2l_2p0:difficulty>3</d2l_2p0:difficulty><d2l_2p0:isbonus>no</d2l_2p0:isbonus><d2l_2p0:ismandatory>yes</d2l_2p0:ismandatory></itemproc_extension><presentation><flow><material><mattext texttype="text/html">&lt;!--RsQ_001--&gt;&lt;span style="font-family:'Arial';"&gt;Determine an antiderivative for &lt;/span&gt;&lt;span style="font-family:'Arial'; color:#000000;"&gt;&lt;IMG src="ppg/respondus/FTOC_2_Post_BB_Test/eq_0c9a43.gif" alt="equation" border=0 align="absmiddle"&gt;&lt;/span&gt;&lt;span style="font-family:'Arial';"&gt; &lt;/span&gt;</mattext></material><response_extension><d2l_2p0:display_style>2</d2l_2p0:display_style><d2l_2p0:enumeration>6</d2l_2p0:enumeration><d2l_2p0:grading_type>0</d2l_2p0:grading_type></response_extension><response_lid ident="QUES_42756956_42761037_LID" rcardinality="Single"><render_choice shuffle="no"><flow_label class="Block"><response_label ident="QUES_42756956_42761037_A130832999"><flow_mat><material><mattext texttype="text/html">&lt;span style="font-family:'Arial'; color:#000000;"&gt;&lt;IMG src="ppg/respondus/FTOC_2_Post_BB_Test/eq_0c9a59.gif" alt="equation" border=0 align="absmiddle"&gt;&lt;/span&gt;&lt;span style="font-family:'Arial';"&gt; &lt;/span&gt;</mattext></material></flow_mat></response_label></flow_label><flow_label class="Block"><response_label ident="QUES_42756956_42761037_A130833000"><flow_mat><material><mattext texttype="text/html">&lt;span style="font-family:'Arial'; color:#000000;"&gt;&lt;IMG src="ppg/respondus/FTOC_2_Post_BB_Test/eq_0ca110.gif" alt="equation" border=0 align="absmiddle"&gt;&lt;/span&gt;</mattext></material></flow_mat></response_label></flow_label><flow_label class="Block"><response_label ident="QUES_42756956_42761037_A130833001"><flow_mat><material><mattext texttype="text/html">&lt;span style="font-family:'Arial'; color:#000000;"&gt;&lt;IMG src="ppg/respondus/FTOC_2_Post_BB_Test/eq_0c9b44.gif" alt="equation" border=0 align="absmiddle"&gt;&lt;/span&gt;&lt;span style="font-family:'Arial';"&gt; &lt;/span&gt;</mattext></material></flow_mat></response_label></flow_label><flow_label class="Block"><response_label ident="QUES_42756956_42761037_A130833002"><flow_mat><material><mattext texttype="text/html">&lt;span style="font-family:'Arial'; color:#000000;"&gt;&lt;IMG src="ppg/respondus/FTOC_2_Post_BB_Test/eq_0c9b56.gif" alt="equation" border=0 align="absmiddle"&gt;&lt;/span&gt;&lt;span style="font-family:'Arial';"&gt; &lt;/span&gt;</mattext></material></flow_mat></response_label></flow_label><flow_label class="Block"><response_label ident="QUES_42756956_42761037_A130833003"><flow_mat><material><mattext texttype="text/html">&lt;span style="font-family:'Arial'; color:#000000;"&gt;&lt;IMG src="ppg/respondus/FTOC_2_Post_BB_Test/eq_0c9b69.gif" alt="equation" border=0 align="absmiddle"&gt;&lt;/span&gt;&lt;span style="font-family:'Arial';"&gt; &lt;/span&gt;</mattext></material></flow_mat></response_label></flow_label><flow_label class="Block"><response_label ident="QUES_42756956_42761037_A130833004"><flow_mat><material><mattext texttype="text/html">&lt;span style="font-family:'Arial'; color:#000000;"&gt;&lt;IMG src="ppg/respondus/FTOC_2_Post_BB_Test/eq_0c9b86.gif" alt="equation" border=0 align="absmiddle"&gt;&lt;/span&gt;&lt;span style="font-family:'Arial';"&gt; doesn't have an antiderivative. &lt;/span&gt;</mattext></material></flow_mat></response_label></flow_label></render_choice></response_lid></flow></presentation><resprocessing><respcondition title="Response Condition 1"><conditionvar><varequal respident="QUES_42756956_42761037_LID">QUES_42756956_42761037_A130832999</varequal></conditionvar><setvar action="Set">0.000000000</setvar><displayfeedback feedbacktype="Response" linkrefid="QUES_42756956_42761037_IF130832999" /></respcondition><respcondition title="Response Condition 2"><conditionvar><varequal respident="QUES_42756956_42761037_LID">QUES_42756956_42761037_A130833000</varequal></conditionvar><setvar action="Set">0.000000000</setvar><displayfeedback feedbacktype="Response" linkrefid="QUES_42756956_42761037_IF130833000" /></respcondition><respcondition title="Response Condition 3"><conditionvar><varequal respident="QUES_42756956_42761037_LID">QUES_42756956_42761037_A130833001</varequal></conditionvar><setvar action="Set">100.000000000</setvar><displayfeedback feedbacktype="Response" linkrefid="QUES_42756956_42761037_IF130833001" /></respcondition><respcondition title="Response Condition 4"><conditionvar><varequal respident="QUES_42756956_42761037_LID">QUES_42756956_42761037_A130833002</varequal></conditionvar><setvar action="Set">0.000000000</setvar><displayfeedback feedbacktype="Response" linkrefid="QUES_42756956_42761037_IF130833002" /></respcondition><respcondition title="Response Condition 5"><conditionvar><varequal respident="QUES_42756956_42761037_LID">QUES_42756956_42761037_A130833003</varequal></conditionvar><setvar action="Set">0.000000000</setvar><displayfeedback feedbacktype="Response" linkrefid="QUES_42756956_42761037_IF130833003" /></respcondition><respcondition title="Response Condition 6"><conditionvar><varequal respident="QUES_42756956_42761037_LID">QUES_42756956_42761037_A130833004</varequal></conditionvar><setvar action="Set">0.000000000</setvar><displayfeedback feedbacktype="Response" linkrefid="QUES_42756956_42761037_IF130833004" /></respcondition></resprocessing><itemfeedback ident="QUES_42756956_42761037_IF130832999"><material><mattext texttype="text/plain" /></material></itemfeedback><itemfeedback ident="QUES_42756956_42761037_IF130833000"><material><mattext texttype="text/plain" /></material></itemfeedback><itemfeedback ident="QUES_42756956_42761037_IF130833001"><material><mattext texttype="text/plain" /></material></itemfeedback><itemfeedback ident="QUES_42756956_42761037_IF130833002"><material><mattext texttype="text/plain" /></material></itemfeedback><itemfeedback ident="QUES_42756956_42761037_IF130833003"><material><mattext texttype="text/plain" /></material></itemfeedback><itemfeedback ident="QUES_42756956_42761037_IF130833004"><material><mattext texttype="text/plain" /></material></itemfeedback></item><item ident="OBJ_1651150" label="QUES_42756957_42761038" d2l_2p0:page="1"><itemmetadata><qtimetadata><qti_metadatafield><fieldlabel>qmd_computerscored</fieldlabel><fieldentry>yes</fieldentry></qti_metadatafield><qti_metadatafield><fieldlabel>qmd_questiontype</fieldlabel><fieldentry>Multiple Choice</fieldentry></qti_metadatafield><qti_metadatafield><fieldlabel>qmd_weighting</fieldlabel><fieldentry>1.000000000</fieldentry></qti_metadatafield><qti_metadatafield><fieldlabel>qmd_globalid</fieldlabel><fieldentry>1ffe8c3e-3914-41dd-9744-4546a5113416</fieldentry></qti_metadatafield><qti_metadatafield><fieldlabel>qmd_displayid</fieldlabel><fieldentry>Sample Course-74156</fieldentry></qti_metadatafield></qtimetadata></itemmetadata><itemproc_extension><d2l_2p0:difficulty>3</d2l_2p0:difficulty><d2l_2p0:isbonus>no</d2l_2p0:isbonus><d2l_2p0:ismandatory>yes</d2l_2p0:ismandatory></itemproc_extension><presentation><flow><material><mattext texttype="text/html">&lt;!--RsQ_002--&gt;&lt;span style="font-family:'Arial';"&gt;if &lt;/span&gt;&lt;span style="font-family:'Arial'; color:#000000;"&gt;&lt;IMG src="ppg/respondus/FTOC_2_Post_BB_Test/eq_0c9ba7.gif" alt="equation" border=0 align="absmiddle"&gt;&lt;/span&gt;&lt;span style="font-family:'Arial';"&gt;, what is &lt;/span&gt;&lt;span style="font-family:'Arial'; color:#000000;"&gt;&lt;IMG src="ppg/respondus/FTOC_2_Post_BB_Test/eq_0c9bc2.gif" alt="equation" border=0 align="absmiddle"&gt;&lt;/span&gt;&lt;span style="font-family:'Arial';"&gt;? &lt;/span&gt;</mattext></material><response_extension><d2l_2p0:display_style>2</d2l_2p0:display_style><d2l_2p0:enumeration>6</d2l_2p0:enumeration><d2l_2p0:grading_type>0</d2l_2p0:grading_type></response_extension><response_lid ident="QUES_42756957_42761038_LID" rcardinality="Single"><render_choice shuffle="no"><flow_label class="Block"><response_label ident="QUES_42756957_42761038_A130833005"><flow_mat><material><mattext texttype="text/html">&lt;span style="font-family:'Arial'; color:#000000;"&gt;&lt;IMG src="ppg/respondus/FTOC_2_Post_BB_Test/eq_0c9bcf.gif" alt="equation" border=0 align="absmiddle"&gt;&lt;/span&gt;&lt;span style="font-family:'Arial';"&gt; &lt;/span&gt;</mattext></material></flow_mat></response_label></flow_label><flow_label class="Block"><response_label ident="QUES_42756957_42761038_A130833006"><flow_mat><material><mattext texttype="text/html">&lt;span style="font-family:'Arial'; color:#000000;"&gt;&lt;IMG src="ppg/respondus/FTOC_2_Post_BB_Test/eq_0c9bd5.gif" alt="equation" border=0 align="absmiddle"&gt;&lt;/span&gt;&lt;span style="font-family:'Arial';"&gt; &lt;/span&gt;</mattext></material></flow_mat></response_label></flow_label><flow_label class="Block"><response_label ident="QUES_42756957_42761038_A130833007"><flow_mat><material><mattext texttype="text/html">&lt;span style="font-family:'Arial'; color:#000000;"&gt;&lt;IMG src="ppg/respondus/FTOC_2_Post_BB_Test/eq_0c9bda.gif" alt="equation" border=0 align="absmiddle"&gt;&lt;/span&gt;&lt;span style="font-family:'Arial';"&gt; &lt;/span&gt;</mattext></material></flow_mat></response_label></flow_label><flow_label class="Block"><response_label ident="QUES_42756957_42761038_A130833008"><flow_mat><material><mattext texttype="text/html">&lt;span style="font-family:'Arial'; color:#000000;"&gt;&lt;IMG src="ppg/respondus/FTOC_2_Post_BB_Test/eq_0c9be2.gif" alt="equation" border=0 align="absmiddle"&gt;&lt;/span&gt;&lt;span style="font-family:'Arial';"&gt; &lt;/span&gt;</mattext></material></flow_mat></response_label></flow_label><flow_label class="Block"><response_label ident="QUES_42756957_42761038_A130833009"><flow_mat><material><mattext texttype="text/html">&lt;span style="font-family:'Arial'; color:#000000;"&gt;&lt;IMG src="ppg/respondus/FTOC_2_Post_BB_Test/eq_0c9bf1.gif" alt="equation" border=0 align="absmiddle"&gt;&lt;/span&gt;&lt;span style="font-family:'Arial';"&gt; &lt;/span&gt;</mattext></material></flow_mat></response_label></flow_label><flow_label class="Block"><response_label ident="QUES_42756957_42761038_A130833010"><flow_mat><material><mattext texttype="text/html">&lt;span style="font-family:'Arial'; color:#000000;"&gt;&lt;IMG src="ppg/respondus/FTOC_2_Post_BB_Test/eq_0c9c09.gif" alt="equation" border=0 align="absmiddle"&gt;&lt;/span&gt;&lt;span style="font-family:'Arial';"&gt; &lt;/span&gt;</mattext></material></flow_mat></response_label></flow_label><flow_label class="Block"><response_label ident="QUES_42756957_42761038_A130833011"><flow_mat><material><mattext texttype="text/html">&lt;span style="font-family:'Arial'; color:#000000;"&gt;&lt;IMG src="ppg/respondus/FTOC_2_Post_BB_Test/eq_0c9c1b.gif" alt="equation" border=0 align="absmiddle"&gt;&lt;/span&gt;&lt;span style="font-family:'Arial';"&gt; &lt;/span&gt;</mattext></material></flow_mat></response_label></flow_label></render_choice></response_lid></flow></presentation><resprocessing><respcondition title="Response Condition 1"><conditionvar><varequal respident="QUES_42756957_42761038_LID">QUES_42756957_42761038_A130833005</varequal></conditionvar><setvar action="Set">0.000000000</setvar><displayfeedback feedbacktype="Response" linkrefid="QUES_42756957_42761038_IF130833005" /></respcondition><respcondition title="Response Condition 2"><conditionvar><varequal respident="QUES_42756957_42761038_LID">QUES_42756957_42761038_A130833006</varequal></conditionvar><setvar action="Set">100.000000000</setvar><displayfeedback feedbacktype="Response" linkrefid="QUES_42756957_42761038_IF130833006" /></respcondition><respcondition title="Response Condition 3"><conditionvar><varequal respident="QUES_42756957_42761038_LID">QUES_42756957_42761038_A130833007</varequal></conditionvar><setvar action="Set">0.000000000</setvar><displayfeedback feedbacktype="Response" linkrefid="QUES_42756957_42761038_IF130833007" /></respcondition><respcondition title="Response Condition 4"><conditionvar><varequal respident="QUES_42756957_42761038_LID">QUES_42756957_42761038_A130833008</varequal></conditionvar><setvar action="Set">0.000000000</setvar><displayfeedback feedbacktype="Response" linkrefid="QUES_42756957_42761038_IF130833008" /></respcondition><respcondition title="Response Condition 5"><conditionvar><varequal respident="QUES_42756957_42761038_LID">QUES_42756957_42761038_A130833009</varequal></conditionvar><setvar action="Set">0.000000000</setvar><displayfeedback feedbacktype="Response" linkrefid="QUES_42756957_42761038_IF130833009" /></respcondition><respcondition title="Response Condition 6"><conditionvar><varequal respident="QUES_42756957_42761038_LID">QUES_42756957_42761038_A130833010</varequal></conditionvar><setvar action="Set">0.000000000</setvar><displayfeedback feedbacktype="Response" linkrefid="QUES_42756957_42761038_IF130833010" /></respcondition><respcondition title="Response Condition 7"><conditionvar><varequal respident="QUES_42756957_42761038_LID">QUES_42756957_42761038_A130833011</varequal></conditionvar><setvar action="Set">0.000000000</setvar><displayfeedback feedbacktype="Response" linkrefid="QUES_42756957_42761038_IF130833011" /></respcondition></resprocessing><itemfeedback ident="QUES_42756957_42761038_IF130833005"><material><mattext texttype="text/plain" /></material></itemfeedback><itemfeedback ident="QUES_42756957_42761038_IF130833006"><material><mattext texttype="text/plain" /></material></itemfeedback><itemfeedback ident="QUES_42756957_42761038_IF130833007"><material><mattext texttype="text/plain" /></material></itemfeedback><itemfeedback ident="QUES_42756957_42761038_IF130833008"><material><mattext texttype="text/plain" /></material></itemfeedback><itemfeedback ident="QUES_42756957_42761038_IF130833009"><material><mattext texttype="text/plain" /></material></itemfeedback><itemfeedback ident="QUES_42756957_42761038_IF130833010"><material><mattext texttype="text/plain" /></material></itemfeedback><itemfeedback ident="QUES_42756957_42761038_IF130833011"><material><mattext texttype="text/plain" /></material></itemfeedback></item><item ident="OBJ_1651151" label="QUES_42756958_42761039" d2l_2p0:page="1"><itemmetadata><qtimetadata><qti_metadatafield><fieldlabel>qmd_computerscored</fieldlabel><fieldentry>yes</fieldentry></qti_metadatafield><qti_metadatafield><fieldlabel>qmd_questiontype</fieldlabel><fieldentry>Multiple Choice</fieldentry></qti_metadatafield><qti_metadatafield><fieldlabel>qmd_weighting</fieldlabel><fieldentry>1.000000000</fieldentry></qti_metadatafield><qti_metadatafield><fieldlabel>qmd_globalid</fieldlabel><fieldentry>4a3a9e7c-553b-423d-b847-9b0615284692</fieldentry></qti_metadatafield><qti_metadatafield><fieldlabel>qmd_displayid</fieldlabel><fieldentry>Sample Course-74157</fieldentry></qti_metadatafield></qtimetadata></itemmetadata><itemproc_extension><d2l_2p0:difficulty>3</d2l_2p0:difficulty><d2l_2p0:isbonus>no</d2l_2p0:isbonus><d2l_2p0:ismandatory>yes</d2l_2p0:ismandatory></itemproc_extension><presentation><flow><material><mattext texttype="text/html">&lt;!--RsQ_003--&gt;&lt;span style="font-family:'Arial'; color:#000000;"&gt;&lt;IMG src="ppg/respondus/FTOC_2_Post_BB_Test/eq_0c9cd1.gif" alt="equation" border=0 align="absmiddle"&gt;&lt;/span&gt;&lt;span style="font-family:'Arial';"&gt;. On the interval &lt;/span&gt;&lt;span style="font-family:'Arial'; color:#000000;"&gt;&lt;IMG src="ppg/respondus/FTOC_2_Post_BB_Test/eq_0c9ce7.gif" alt="equation" border=0 align="absmiddle"&gt;&lt;/span&gt;&lt;span style="font-family:'Arial';"&gt; is: &lt;/span&gt;</mattext></material><response_extension><d2l_2p0:display_style>2</d2l_2p0:display_style><d2l_2p0:enumeration>6</d2l_2p0:enumeration><d2l_2p0:grading_type>0</d2l_2p0:grading_type></response_extension><response_lid ident="QUES_42756958_42761039_LID" rcardinality="Single"><render_choice shuffle="no"><flow_label class="Block"><response_label ident="QUES_42756958_42761039_A130833012"><flow_mat><material><mattext texttype="text/html">&lt;span style="font-family:'Arial';"&gt;Increasing&lt;/span&gt;</mattext></material></flow_mat></response_label></flow_label><flow_label class="Block"><response_label ident="QUES_42756958_42761039_A130833013"><flow_mat><material><mattext texttype="text/html">&lt;span style="font-family:'Arial';"&gt;Decreasing&lt;/span&gt;</mattext></material></flow_mat></response_label></flow_label><flow_label class="Block"><response_label ident="QUES_42756958_42761039_A130833014"><flow_mat><material><mattext texttype="text/html">&lt;span style="font-family:'Arial';"&gt;Constant&lt;/span&gt;</mattext></material></flow_mat></response_label></flow_label><flow_label class="Block"><response_label ident="QUES_42756958_42761039_A130833015"><flow_mat><material><mattext texttype="text/html">&lt;span style="font-family:'Arial';"&gt;Both increasing and decreasing&lt;/span&gt;</mattext></material></flow_mat></response_label></flow_label><flow_label class="Block"><response_label ident="QUES_42756958_42761039_A130833016"><flow_mat><material><mattext texttype="text/html">&lt;span style="font-family:'Arial';"&gt;Can't tell without more information&lt;/span&gt;</mattext></material></flow_mat></response_label></flow_label></render_choice></response_lid></flow></presentation><resprocessing><respcondition title="Response Condition 1"><conditionvar><varequal respident="QUES_42756958_42761039_LID">QUES_42756958_42761039_A130833012</varequal></conditionvar><setvar action="Set">0.000000000</setvar><displayfeedback feedbacktype="Response" linkrefid="QUES_42756958_42761039_IF130833012" /></respcondition><respcondition title="Response Condition 2"><conditionvar><varequal respident="QUES_42756958_42761039_LID">QUES_42756958_42761039_A130833013</varequal></conditionvar><setvar action="Set">0.000000000</setvar><displayfeedback feedbacktype="Response" linkrefid="QUES_42756958_42761039_IF130833013" /></respcondition><respcondition title="Response Condition 3"><conditionvar><varequal respident="QUES_42756958_42761039_LID">QUES_42756958_42761039_A130833014</varequal></conditionvar><setvar action="Set">0.000000000</setvar><displayfeedback feedbacktype="Response" linkrefid="QUES_42756958_42761039_IF130833014" /></respcondition><respcondition title="Response Condition 4"><conditionvar><varequal respident="QUES_42756958_42761039_LID">QUES_42756958_42761039_A130833015</varequal></conditionvar><setvar action="Set">100.000000000</setvar><displayfeedback feedbacktype="Response" linkrefid="QUES_42756958_42761039_IF130833015" /></respcondition><respcondition title="Response Condition 5"><conditionvar><varequal respident="QUES_42756958_42761039_LID">QUES_42756958_42761039_A130833016</varequal></conditionvar><setvar action="Set">0.000000000</setvar><displayfeedback feedbacktype="Response" linkrefid="QUES_42756958_42761039_IF130833016" /></respcondition></resprocessing><itemfeedback ident="QUES_42756958_42761039_IF130833012"><material><mattext texttype="text/plain" /></material></itemfeedback><itemfeedback ident="QUES_42756958_42761039_IF130833013"><material><mattext texttype="text/plain" /></material></itemfeedback><itemfeedback ident="QUES_42756958_42761039_IF130833014"><material><mattext texttype="text/plain" /></material></itemfeedback><itemfeedback ident="QUES_42756958_42761039_IF130833015"><material><mattext texttype="text/plain" /></material></itemfeedback><itemfeedback ident="QUES_42756958_42761039_IF130833016"><material><mattext texttype="text/plain" /></material></itemfeedback></item><item ident="OBJ_1651152" label="QUES_42756959_42761040" d2l_2p0:page="1"><itemmetadata><qtimetadata><qti_metadatafield><fieldlabel>qmd_computerscored</fieldlabel><fieldentry>yes</fieldentry></qti_metadatafield><qti_metadatafield><fieldlabel>qmd_questiontype</fieldlabel><fieldentry>Multiple Choice</fieldentry></qti_metadatafield><qti_metadatafield><fieldlabel>qmd_weighting</fieldlabel><fieldentry>1.000000000</fieldentry></qti_metadatafield><qti_metadatafield><fieldlabel>qmd_globalid</fieldlabel><fieldentry>aefd7442-d2a9-4ca1-91ae-8341402c5eea</fieldentry></qti_metadatafield><qti_metadatafield><fieldlabel>qmd_displayid</fieldlabel><fieldentry>Sample Course-74158</fieldentry></qti_metadatafield></qtimetadata></itemmetadata><itemproc_extension><d2l_2p0:difficulty>3</d2l_2p0:difficulty><d2l_2p0:isbonus>no</d2l_2p0:isbonus><d2l_2p0:ismandatory>yes</d2l_2p0:ismandatory></itemproc_extension><presentation><flow><material><mattext texttype="text/html">&lt;!--RsQ_004--&gt;&lt;span style="font-family:'Arial';"&gt;The following graph of &lt;/span&gt;&lt;span style="font-family:'Arial'; color:#000000;"&gt;&lt;IMG src="ppg/respondus/FTOC_2_Post_BB_Test/eq_0c9d55.gif" alt="equation" border=0 align="absmiddle"&gt;&lt;/span&gt;&lt;span style="font-family:'Arial';"&gt; over the interval [-1,4].&lt;br&gt;&lt;/span&gt;&lt;span style="font-family:'Arial'; color:#000000;"&gt;&lt;IMG src="ppg/respondus/FTOC_2_Post_BB_Test/post4.png" alt="image" align="bottom" border=0&gt;&lt;/span&gt;&lt;span style="font-family:'Arial';"&gt;&lt;br&gt;Which of the following choices could be the corresponding graph of &lt;/span&gt;&lt;span style="font-family:'Arial'; color:#000000;"&gt;&lt;IMG src="ppg/respondus/FTOC_2_Post_BB_Test/eq_0c9e14.gif" alt="equation" border=0 align="absmiddle"&gt;&lt;/span&gt;&lt;span style="font-family:'Arial';"&gt;: &lt;/span&gt;</mattext></material><response_extension><d2l_2p0:display_style>2</d2l_2p0:display_style><d2l_2p0:enumeration>6</d2l_2p0:enumeration><d2l_2p0:grading_type>0</d2l_2p0:grading_type></response_extension><response_lid ident="QUES_42756959_42761040_LID" rcardinality="Single"><render_choice shuffle="no"><flow_label class="Block"><response_label ident="QUES_42756959_42761040_A130833017"><flow_mat><material><mattext texttype="text/html">&lt;span style="font-family:'Arial'; color:#000000;"&gt;&lt;IMG src="ppg/respondus/FTOC_2_Post_BB_Test/post4a.png" alt="image" align="bottom" border=0&gt;&lt;/span&gt;&lt;span style="font-family:'Arial';"&gt; &lt;/span&gt;</mattext></material></flow_mat></response_label></flow_label><flow_label class="Block"><response_label ident="QUES_42756959_42761040_A130833018"><flow_mat><material><mattext texttype="text/html">&lt;span style="font-family:'Arial'; color:#000000;"&gt;&lt;IMG src="ppg/respondus/FTOC_2_Post_BB_Test/post4b.png" alt="image" align="bottom" border=0&gt;&lt;/span&gt;&lt;span style="font-family:'Arial';"&gt; &lt;/span&gt;</mattext></material></flow_mat></response_label></flow_label><flow_label class="Block"><response_label ident="QUES_42756959_42761040_A130833019"><flow_mat><material><mattext texttype="text/html">&lt;span style="font-family:'Arial'; color:#000000;"&gt;&lt;IMG src="ppg/respondus/FTOC_2_Post_BB_Test/post4c.png" alt="image" align="bottom" border=0&gt;&lt;/span&gt;&lt;span style="font-family:'Arial';"&gt; &lt;/span&gt;</mattext></material></flow_mat></response_label></flow_label><flow_label class="Block"><response_label ident="QUES_42756959_42761040_A130833020"><flow_mat><material><mattext texttype="text/html">&lt;span style="font-family:'Arial'; color:#000000;"&gt;&lt;IMG src="ppg/respondus/FTOC_2_Post_BB_Test/post4d.png" alt="image" align="bottom" border=0&gt;&lt;/span&gt;&lt;span style="font-family:'Arial';"&gt; &lt;/span&gt;</mattext></material></flow_mat></response_label></flow_label><flow_label class="Block"><response_label ident="QUES_42756959_42761040_A130833021"><flow_mat><material><mattext texttype="text/html">&lt;span style="font-family:'Arial'; color:#000000;"&gt;&lt;IMG src="ppg/respondus/FTOC_2_Post_BB_Test/post4e.png" alt="image" align="bottom" border=0&gt;&lt;/span&gt;&lt;span style="font-family:'Arial';"&gt; &lt;/span&gt;</mattext></material></flow_mat></response_label></flow_label><flow_label class="Block"><response_label ident="QUES_42756959_42761040_A130833022"><flow_mat><material><mattext texttype="text/html">&lt;span style="font-family:'Arial'; color:#000000;"&gt;&lt;IMG src="ppg/respondus/FTOC_2_Post_BB_Test/post4f.png" alt="image" align="bottom" border=0&gt;&lt;/span&gt;&lt;span style="font-family:'Arial';"&gt; &lt;/span&gt;</mattext></material></flow_mat></response_label></flow_label><flow_label class="Block"><response_label ident="QUES_42756959_42761040_A130833023"><flow_mat><material><mattext texttype="text/html">&lt;span style="font-family:'Arial'; color:#000000;"&gt;&lt;IMG src="ppg/respondus/FTOC_2_Post_BB_Test/post4g.png" alt="image" align="bottom" border=0&gt;&lt;/span&gt;&lt;span style="font-family:'Arial';"&gt; &lt;/span&gt;</mattext></material></flow_mat></response_label></flow_label><flow_label class="Block"><response_label ident="QUES_42756959_42761040_A130833024"><flow_mat><material><mattext texttype="text/html">&lt;span style="font-family:'Arial'; color:#000000;"&gt;&lt;IMG src="ppg/respondus/FTOC_2_Post_BB_Test/post4h.png" alt="image" align="bottom" border=0&gt;&lt;/span&gt;&lt;span style="font-family:'Arial';"&gt; &lt;/span&gt;</mattext></material></flow_mat></response_label></flow_label></render_choice></response_lid></flow></presentation><resprocessing><respcondition title="Response Condition 1"><conditionvar><varequal respident="QUES_42756959_42761040_LID">QUES_42756959_42761040_A130833017</varequal></conditionvar><setvar action="Set">0.000000000</setvar><displayfeedback feedbacktype="Response" linkrefid="QUES_42756959_42761040_IF130833017" /></respcondition><respcondition title="Response Condition 2"><conditionvar><varequal respident="QUES_42756959_42761040_LID">QUES_42756959_42761040_A130833018</varequal></conditionvar><setvar action="Set">0.000000000</setvar><displayfeedback feedbacktype="Response" linkrefid="QUES_42756959_42761040_IF130833018" /></respcondition><respcondition title="Response Condition 3"><conditionvar><varequal respident="QUES_42756959_42761040_LID">QUES_42756959_42761040_A130833019</varequal></conditionvar><setvar action="Set">0.000000000</setvar><displayfeedback feedbacktype="Response" linkrefid="QUES_42756959_42761040_IF130833019" /></respcondition><respcondition title="Response Condition 4"><conditionvar><varequal respident="QUES_42756959_42761040_LID">QUES_42756959_42761040_A130833020</varequal></conditionvar><setvar action="Set">100.000000000</setvar><displayfeedback feedbacktype="Response" linkrefid="QUES_42756959_42761040_IF130833020" /></respcondition><respcondition title="Response Condition 5"><conditionvar><varequal respident="QUES_42756959_42761040_LID">QUES_42756959_42761040_A130833021</varequal></conditionvar><setvar action="Set">0.000000000</setvar><displayfeedback feedbacktype="Response" linkrefid="QUES_42756959_42761040_IF130833021" /></respcondition><respcondition title="Response Condition 6"><conditionvar><varequal respident="QUES_42756959_42761040_LID">QUES_42756959_42761040_A130833022</varequal></conditionvar><setvar action="Set">0.000000000</setvar><displayfeedback feedbacktype="Response" linkrefid="QUES_42756959_42761040_IF130833022" /></respcondition><respcondition title="Response Condition 7"><conditionvar><varequal respident="QUES_42756959_42761040_LID">QUES_42756959_42761040_A130833023</varequal></conditionvar><setvar action="Set">0.000000000</setvar><displayfeedback feedbacktype="Response" linkrefid="QUES_42756959_42761040_IF130833023" /></respcondition><respcondition title="Response Condition 8"><conditionvar><varequal respident="QUES_42756959_42761040_LID">QUES_42756959_42761040_A130833024</varequal></conditionvar><setvar action="Set">0.000000000</setvar><displayfeedback feedbacktype="Response" linkrefid="QUES_42756959_42761040_IF130833024" /></respcondition></resprocessing><itemfeedback ident="QUES_42756959_42761040_IF130833017"><material><mattext texttype="text/plain" /></material></itemfeedback><itemfeedback ident="QUES_42756959_42761040_IF130833018"><material><mattext texttype="text/plain" /></material></itemfeedback><itemfeedback ident="QUES_42756959_42761040_IF130833019"><material><mattext texttype="text/plain" /></material></itemfeedback><itemfeedback ident="QUES_42756959_42761040_IF130833020"><material><mattext texttype="text/plain" /></material></itemfeedback><itemfeedback ident="QUES_42756959_42761040_IF130833021"><material><mattext texttype="text/plain" /></material></itemfeedback><itemfeedback ident="QUES_42756959_42761040_IF130833022"><material><mattext texttype="text/plain" /></material></itemfeedback><itemfeedback ident="QUES_42756959_42761040_IF130833023"><material><mattext texttype="text/plain" /></material></itemfeedback><itemfeedback ident="QUES_42756959_42761040_IF130833024"><material><mattext texttype="text/plain" /></material></itemfeedback></item></section></assessment></questestinterop>