﻿<?xml version="1.0" encoding="UTF-8"?><questestinterop xmlns:d2l_2p0="http://desire2learn.com/xsd/d2lcp_v2p0"><assessment d2l_2p0:id="480" title="Limit at a Point PostVideo Questions" ident="res_quiz_122435" d2l_2p0:resource_code="ef9e56cc46d3486a98963923-160"><rubric><flow_mat><material><mattext d2l_2p0:isdisplayed="no" texttype="text/html" /></material></flow_mat></rubric><assessmentcontrol hintswitch="no" solutionswitch="yes" feedbackswitch="no" /><presentation_material><flow_mat><material label="page header"><mattext d2l_2p0:isdisplayed="no" texttype="text/html" /></material><material label="page footer"><mattext d2l_2p0:isdisplayed="no" texttype="text/html" /></material></flow_mat></presentation_material><assess_procextension><d2l_2p0:intro_message d2l_2p0:isdisplayed="yes" texttype="text/html">Respondus</d2l_2p0:intro_message><d2l_2p0:disable_right_click>no</d2l_2p0:disable_right_click><d2l_2p0:disable_pager_access>no</d2l_2p0:disable_pager_access><is_active>yes</is_active><d2l_2p0:date_start /><d2l_2p0:date_end /><d2l_2p0:date_due /><d2l_2p0:has_schedule_event>no</d2l_2p0:has_schedule_event><d2l_2p0:is_attempt_Rldb>no</d2l_2p0:is_attempt_Rldb><d2l_2p0:is_subview_Rldb>no</d2l_2p0:is_subview_Rldb><d2l_2p0:time_limit>120</d2l_2p0:time_limit><d2l_2p0:show_clock>yes</d2l_2p0:show_clock><d2l_2p0:enforce_time_limit>yes</d2l_2p0:enforce_time_limit><d2l_2p0:grace_period>5</d2l_2p0:grace_period><d2l_2p0:late_limit>0</d2l_2p0:late_limit><d2l_2p0:attempts_allowed>3</d2l_2p0:attempts_allowed><d2l_2p0:attempt_restrictions /><d2l_2p0:mark_calculation_type>1</d2l_2p0:mark_calculation_type><d2l_2p0:is_forward_only>no</d2l_2p0:is_forward_only></assess_procextension><assessfeedback title=""><rubric><flow_mat><material><mattext texttype="yes">Your quiz has been submitted successfully.</mattext></material></flow_mat></rubric><d2l_2p0:duration>0</d2l_2p0:duration><d2l_2p0:response_display_type_id>1</d2l_2p0:response_display_type_id><d2l_2p0:show_correct_answers>no</d2l_2p0:show_correct_answers><d2l_2p0:submission_restrictip>no</d2l_2p0:submission_restrictip><d2l_2p0:show_class_average>no</d2l_2p0:show_class_average><d2l_2p0:show_score_distribution>no</d2l_2p0:show_score_distribution></assessfeedback><section ident="CONTAINER_SECTION"><item ident="OBJ_1651254" label="QUES_42757061_42761142" d2l_2p0:page="1"><itemmetadata><qtimetadata><qti_metadatafield><fieldlabel>qmd_computerscored</fieldlabel><fieldentry>yes</fieldentry></qti_metadatafield><qti_metadatafield><fieldlabel>qmd_questiontype</fieldlabel><fieldentry>Multiple Choice</fieldentry></qti_metadatafield><qti_metadatafield><fieldlabel>qmd_weighting</fieldlabel><fieldentry>1.000000000</fieldentry></qti_metadatafield><qti_metadatafield><fieldlabel>qmd_globalid</fieldlabel><fieldentry>6a86631c-c16a-4d0c-a9a1-b85cba4edb60</fieldentry></qti_metadatafield><qti_metadatafield><fieldlabel>qmd_displayid</fieldlabel><fieldentry>Sample Course-74260</fieldentry></qti_metadatafield></qtimetadata></itemmetadata><itemproc_extension><d2l_2p0:difficulty>3</d2l_2p0:difficulty><d2l_2p0:isbonus>no</d2l_2p0:isbonus><d2l_2p0:ismandatory>yes</d2l_2p0:ismandatory></itemproc_extension><presentation><flow><material><mattext texttype="text/html">&lt;!--RsQ_001--&gt;&lt;span style="font-family:'Arial';"&gt;Suppose &lt;/span&gt;&lt;span style="font-family:'Arial'; color:#000000;"&gt;&lt;IMG src="ppg/respondus/Limit_at_a_Point_Post_BB_Test/eq_22f11e.gif" alt="equation" border=0 align="absmiddle"&gt;&lt;/span&gt;&lt;span style="font-family:'Arial';"&gt; is a strictly decreasing function. This means that as &lt;/span&gt;&lt;span style="font-family:'Arial'; color:#000000;"&gt;&lt;IMG src="ppg/respondus/Limit_at_a_Point_Post_BB_Test/eq_22f12a.gif" alt="equation" border=0 align="absmiddle"&gt;&lt;/span&gt;&lt;span style="font-family:'Arial';"&gt; increases, the values of &lt;/span&gt;&lt;span style="font-family:'Arial'; color:#000000;"&gt;&lt;IMG src="ppg/respondus/Limit_at_a_Point_Post_BB_Test/eq_22f133.gif" alt="equation" border=0 align="absmiddle"&gt;&lt;/span&gt;&lt;span style="font-family:'Arial';"&gt; decrease. The table below shows several values of &lt;/span&gt;&lt;span style="font-family:'Arial'; color:#000000;"&gt;&lt;IMG src="ppg/respondus/Limit_at_a_Point_Post_BB_Test/eq_22f144.gif" alt="equation" border=0 align="absmiddle"&gt;&lt;/span&gt;&lt;span style="font-family:'Arial';"&gt;.&lt;br&gt;&lt;/span&gt;&lt;span style="font-family:'Arial'; color:#000000;"&gt;&lt;IMG src="ppg/respondus/Limit_at_a_Point_Post_BB_Test/capturep.png" alt="image" align="bottom" border=0&gt;&lt;/span&gt;&lt;span style="font-family:'Arial';"&gt;&lt;br&gt;Using values from the table only, what would be the most accurate overestimate for &lt;/span&gt;&lt;span style="font-family:'Arial'; color:#000000;"&gt;&lt;IMG src="ppg/respondus/Limit_at_a_Point_Post_BB_Test/eq_22f23b.gif" alt="equation" border=0 align="absmiddle"&gt;&lt;/span&gt;&lt;span style="font-family:'Arial';"&gt;? &lt;/span&gt;</mattext></material><response_extension><d2l_2p0:display_style>2</d2l_2p0:display_style><d2l_2p0:enumeration>6</d2l_2p0:enumeration><d2l_2p0:grading_type>0</d2l_2p0:grading_type></response_extension><response_lid ident="QUES_42757061_42761142_LID" rcardinality="Single"><render_choice shuffle="no"><flow_label class="Block"><response_label ident="QUES_42757061_42761142_A130833608"><flow_mat><material><mattext texttype="text/html">&lt;span style="font-family:'Arial';"&gt;1 &lt;/span&gt;</mattext></material></flow_mat></response_label></flow_label><flow_label class="Block"><response_label ident="QUES_42757061_42761142_A130833609"><flow_mat><material><mattext texttype="text/html">&lt;span style="font-family:'Arial';"&gt;2&lt;/span&gt;</mattext></material></flow_mat></response_label></flow_label><flow_label class="Block"><response_label ident="QUES_42757061_42761142_A130833610"><flow_mat><material><mattext texttype="text/html">&lt;span style="font-family:'Arial';"&gt;3&lt;/span&gt;</mattext></material></flow_mat></response_label></flow_label><flow_label class="Block"><response_label ident="QUES_42757061_42761142_A130833611"><flow_mat><material><mattext texttype="text/html">&lt;span style="font-family:'Arial';"&gt;4&lt;/span&gt;</mattext></material></flow_mat></response_label></flow_label><flow_label class="Block"><response_label ident="QUES_42757061_42761142_A130833612"><flow_mat><material><mattext texttype="text/html">&lt;span style="font-family:'Arial';"&gt;5&lt;/span&gt;</mattext></material></flow_mat></response_label></flow_label><flow_label class="Block"><response_label ident="QUES_42757061_42761142_A130833613"><flow_mat><material><mattext texttype="text/html">&lt;span style="font-family:'Arial';"&gt;15.2&lt;/span&gt;</mattext></material></flow_mat></response_label></flow_label><flow_label class="Block"><response_label ident="QUES_42757061_42761142_A130833614"><flow_mat><material><mattext texttype="text/html">&lt;span style="font-family:'Arial';"&gt;13.9&lt;/span&gt;</mattext></material></flow_mat></response_label></flow_label><flow_label class="Block"><response_label ident="QUES_42757061_42761142_A130833615"><flow_mat><material><mattext texttype="text/html">&lt;span style="font-family:'Arial';"&gt;Undefined&lt;/span&gt;</mattext></material></flow_mat></response_label></flow_label><flow_label class="Block"><response_label ident="QUES_42757061_42761142_A130833616"><flow_mat><material><mattext texttype="text/html">&lt;span style="font-family:'Arial';"&gt;9.7&lt;/span&gt;</mattext></material></flow_mat></response_label></flow_label><flow_label class="Block"><response_label ident="QUES_42757061_42761142_A130833617"><flow_mat><material><mattext texttype="text/html">&lt;span style="font-family:'Arial';"&gt;5.2&lt;/span&gt;</mattext></material></flow_mat></response_label></flow_label><flow_label class="Block"><response_label ident="QUES_42757061_42761142_A130833618"><flow_mat><material><mattext texttype="text/html">&lt;span style="font-family:'Arial';"&gt;You need more information to determine the most accurate overestimate.&lt;/span&gt;</mattext></material></flow_mat></response_label></flow_label></render_choice></response_lid></flow></presentation><resprocessing><respcondition title="Response Condition 1"><conditionvar><varequal respident="QUES_42757061_42761142_LID">QUES_42757061_42761142_A130833608</varequal></conditionvar><setvar action="Set">0.000000000</setvar><displayfeedback feedbacktype="Response" linkrefid="QUES_42757061_42761142_IF130833608" /></respcondition><respcondition title="Response Condition 2"><conditionvar><varequal respident="QUES_42757061_42761142_LID">QUES_42757061_42761142_A130833609</varequal></conditionvar><setvar action="Set">0.000000000</setvar><displayfeedback feedbacktype="Response" linkrefid="QUES_42757061_42761142_IF130833609" /></respcondition><respcondition title="Response Condition 3"><conditionvar><varequal respident="QUES_42757061_42761142_LID">QUES_42757061_42761142_A130833610</varequal></conditionvar><setvar action="Set">0.000000000</setvar><displayfeedback feedbacktype="Response" linkrefid="QUES_42757061_42761142_IF130833610" /></respcondition><respcondition title="Response Condition 4"><conditionvar><varequal respident="QUES_42757061_42761142_LID">QUES_42757061_42761142_A130833611</varequal></conditionvar><setvar action="Set">0.000000000</setvar><displayfeedback feedbacktype="Response" linkrefid="QUES_42757061_42761142_IF130833611" /></respcondition><respcondition title="Response Condition 5"><conditionvar><varequal respident="QUES_42757061_42761142_LID">QUES_42757061_42761142_A130833612</varequal></conditionvar><setvar action="Set">0.000000000</setvar><displayfeedback feedbacktype="Response" linkrefid="QUES_42757061_42761142_IF130833612" /></respcondition><respcondition title="Response Condition 6"><conditionvar><varequal respident="QUES_42757061_42761142_LID">QUES_42757061_42761142_A130833613</varequal></conditionvar><setvar action="Set">0.000000000</setvar><displayfeedback feedbacktype="Response" linkrefid="QUES_42757061_42761142_IF130833613" /></respcondition><respcondition title="Response Condition 7"><conditionvar><varequal respident="QUES_42757061_42761142_LID">QUES_42757061_42761142_A130833614</varequal></conditionvar><setvar action="Set">100.000000000</setvar><displayfeedback feedbacktype="Response" linkrefid="QUES_42757061_42761142_IF130833614" /></respcondition><respcondition title="Response Condition 8"><conditionvar><varequal respident="QUES_42757061_42761142_LID">QUES_42757061_42761142_A130833615</varequal></conditionvar><setvar action="Set">0.000000000</setvar><displayfeedback feedbacktype="Response" linkrefid="QUES_42757061_42761142_IF130833615" /></respcondition><respcondition title="Response Condition 9"><conditionvar><varequal respident="QUES_42757061_42761142_LID">QUES_42757061_42761142_A130833616</varequal></conditionvar><setvar action="Set">0.000000000</setvar><displayfeedback feedbacktype="Response" linkrefid="QUES_42757061_42761142_IF130833616" /></respcondition><respcondition title="Response Condition 10"><conditionvar><varequal respident="QUES_42757061_42761142_LID">QUES_42757061_42761142_A130833617</varequal></conditionvar><setvar action="Set">0.000000000</setvar><displayfeedback feedbacktype="Response" linkrefid="QUES_42757061_42761142_IF130833617" /></respcondition><respcondition title="Response Condition 11"><conditionvar><varequal respident="QUES_42757061_42761142_LID">QUES_42757061_42761142_A130833618</varequal></conditionvar><setvar action="Set">0.000000000</setvar><displayfeedback feedbacktype="Response" linkrefid="QUES_42757061_42761142_IF130833618" /></respcondition></resprocessing><itemfeedback ident="QUES_42757061_42761142_IF130833608"><material><mattext texttype="text/plain" /></material></itemfeedback><itemfeedback ident="QUES_42757061_42761142_IF130833609"><material><mattext texttype="text/plain" /></material></itemfeedback><itemfeedback ident="QUES_42757061_42761142_IF130833610"><material><mattext texttype="text/plain" /></material></itemfeedback><itemfeedback ident="QUES_42757061_42761142_IF130833611"><material><mattext texttype="text/plain" /></material></itemfeedback><itemfeedback ident="QUES_42757061_42761142_IF130833612"><material><mattext texttype="text/plain" /></material></itemfeedback><itemfeedback ident="QUES_42757061_42761142_IF130833613"><material><mattext texttype="text/plain" /></material></itemfeedback><itemfeedback ident="QUES_42757061_42761142_IF130833614"><material><mattext texttype="text/plain" /></material></itemfeedback><itemfeedback ident="QUES_42757061_42761142_IF130833615"><material><mattext texttype="text/plain" /></material></itemfeedback><itemfeedback ident="QUES_42757061_42761142_IF130833616"><material><mattext texttype="text/plain" /></material></itemfeedback><itemfeedback ident="QUES_42757061_42761142_IF130833617"><material><mattext texttype="text/plain" /></material></itemfeedback><itemfeedback ident="QUES_42757061_42761142_IF130833618"><material><mattext texttype="text/plain" /></material></itemfeedback></item><item ident="OBJ_1651255" label="QUES_42757062_42761143" d2l_2p0:page="1"><itemmetadata><qtimetadata><qti_metadatafield><fieldlabel>qmd_computerscored</fieldlabel><fieldentry>yes</fieldentry></qti_metadatafield><qti_metadatafield><fieldlabel>qmd_questiontype</fieldlabel><fieldentry>Multiple Choice</fieldentry></qti_metadatafield><qti_metadatafield><fieldlabel>qmd_weighting</fieldlabel><fieldentry>1.000000000</fieldentry></qti_metadatafield><qti_metadatafield><fieldlabel>qmd_globalid</fieldlabel><fieldentry>ce364449-b372-4732-a3bd-b9601ffe78eb</fieldentry></qti_metadatafield><qti_metadatafield><fieldlabel>qmd_displayid</fieldlabel><fieldentry>Sample Course-74261</fieldentry></qti_metadatafield></qtimetadata></itemmetadata><itemproc_extension><d2l_2p0:difficulty>3</d2l_2p0:difficulty><d2l_2p0:isbonus>no</d2l_2p0:isbonus><d2l_2p0:ismandatory>yes</d2l_2p0:ismandatory></itemproc_extension><presentation><flow><material><mattext texttype="text/html">&lt;!--RsQ_002--&gt;&lt;span style="font-family:'Arial';"&gt;Suppose &lt;/span&gt;&lt;span style="font-family:'Arial'; color:#000000;"&gt;&lt;IMG src="ppg/respondus/Limit_at_a_Point_Post_BB_Test/eq_22f11ea.gif" alt="equation" border=0 align="absmiddle"&gt;&lt;/span&gt;&lt;span style="font-family:'Arial';"&gt; is a strictly decreasing function. This means that as &lt;/span&gt;&lt;span style="font-family:'Arial'; color:#000000;"&gt;&lt;IMG src="ppg/respondus/Limit_at_a_Point_Post_BB_Test/eq_22f12aa.gif" alt="equation" border=0 align="absmiddle"&gt;&lt;/span&gt;&lt;span style="font-family:'Arial';"&gt; increases, the values of &lt;/span&gt;&lt;span style="font-family:'Arial'; color:#000000;"&gt;&lt;IMG src="ppg/respondus/Limit_at_a_Point_Post_BB_Test/eq_22f133a.gif" alt="equation" border=0 align="absmiddle"&gt;&lt;/span&gt;&lt;span style="font-family:'Arial';"&gt; decrease. The table below shows several values of &lt;/span&gt;&lt;span style="font-family:'Arial'; color:#000000;"&gt;&lt;IMG src="ppg/respondus/Limit_at_a_Point_Post_BB_Test/eq_22f144a.gif" alt="equation" border=0 align="absmiddle"&gt;&lt;/span&gt;&lt;span style="font-family:'Arial';"&gt;.&lt;br&gt;&lt;/span&gt;&lt;span style="font-family:'Arial'; color:#000000;"&gt;&lt;IMG src="ppg/respondus/Limit_at_a_Point_Post_BB_Test/capturep.png" alt="image" align="bottom" border=0&gt;&lt;/span&gt;&lt;span style="font-family:'Arial';"&gt;&lt;br&gt;if you use &lt;/span&gt;&lt;span style="font-family:'Arial'; color:#000000;"&gt;&lt;IMG src="ppg/respondus/Limit_at_a_Point_Post_BB_Test/eq_22f306.gif" alt="equation" border=0 align="absmiddle"&gt;&lt;/span&gt;&lt;span style="font-family:'Arial';"&gt;to approximate &lt;/span&gt;&lt;span style="font-family:'Arial'; color:#000000;"&gt;&lt;IMG src="ppg/respondus/Limit_at_a_Point_Post_BB_Test/eq_22f23ba.gif" alt="equation" border=0 align="absmiddle"&gt;&lt;/span&gt;&lt;span style="font-family:'Arial';"&gt;, how large could the error be using this approximation? &lt;/span&gt;</mattext></material><response_extension><d2l_2p0:display_style>2</d2l_2p0:display_style><d2l_2p0:enumeration>6</d2l_2p0:enumeration><d2l_2p0:grading_type>0</d2l_2p0:grading_type></response_extension><response_lid ident="QUES_42757062_42761143_LID" rcardinality="Single"><render_choice shuffle="no"><flow_label class="Block"><response_label ident="QUES_42757062_42761143_A130833619"><flow_mat><material><mattext texttype="text/html">&lt;span style="font-family:'Arial';"&gt;2&lt;/span&gt;</mattext></material></flow_mat></response_label></flow_label><flow_label class="Block"><response_label ident="QUES_42757062_42761143_A130833620"><flow_mat><material><mattext texttype="text/html">&lt;span style="font-family:'Arial';"&gt;4&lt;/span&gt;</mattext></material></flow_mat></response_label></flow_label><flow_label class="Block"><response_label ident="QUES_42757062_42761143_A130833621"><flow_mat><material><mattext texttype="text/html">&lt;span style="font-family:'Arial';"&gt;9.7&lt;/span&gt;</mattext></material></flow_mat></response_label></flow_label><flow_label class="Block"><response_label ident="QUES_42757062_42761143_A130833622"><flow_mat><material><mattext texttype="text/html">&lt;span style="font-family:'Arial';"&gt;13.9-9.7&lt;/span&gt;</mattext></material></flow_mat></response_label></flow_label><flow_label class="Block"><response_label ident="QUES_42757062_42761143_A130833623"><flow_mat><material><mattext texttype="text/html">&lt;span style="font-family:'Arial'; color:#000000;"&gt;&lt;IMG src="ppg/respondus/Limit_at_a_Point_Post_BB_Test/eq_22f331.gif" alt="equation" border=0 align="absmiddle"&gt;&lt;/span&gt;&lt;span style="font-family:'Arial';"&gt; &lt;/span&gt;</mattext></material></flow_mat></response_label></flow_label><flow_label class="Block"><response_label ident="QUES_42757062_42761143_A130833624"><flow_mat><material><mattext texttype="text/html">&lt;span style="font-family:'Arial';"&gt;Cannot be sure without more information&lt;/span&gt;</mattext></material></flow_mat></response_label></flow_label></render_choice></response_lid></flow></presentation><resprocessing><respcondition title="Response Condition 1"><conditionvar><varequal respident="QUES_42757062_42761143_LID">QUES_42757062_42761143_A130833619</varequal></conditionvar><setvar action="Set">0.000000000</setvar><displayfeedback feedbacktype="Response" linkrefid="QUES_42757062_42761143_IF130833619" /></respcondition><respcondition title="Response Condition 2"><conditionvar><varequal respident="QUES_42757062_42761143_LID">QUES_42757062_42761143_A130833620</varequal></conditionvar><setvar action="Set">0.000000000</setvar><displayfeedback feedbacktype="Response" linkrefid="QUES_42757062_42761143_IF130833620" /></respcondition><respcondition title="Response Condition 3"><conditionvar><varequal respident="QUES_42757062_42761143_LID">QUES_42757062_42761143_A130833621</varequal></conditionvar><setvar action="Set">0.000000000</setvar><displayfeedback feedbacktype="Response" linkrefid="QUES_42757062_42761143_IF130833621" /></respcondition><respcondition title="Response Condition 4"><conditionvar><varequal respident="QUES_42757062_42761143_LID">QUES_42757062_42761143_A130833622</varequal></conditionvar><setvar action="Set">100.000000000</setvar><displayfeedback feedbacktype="Response" linkrefid="QUES_42757062_42761143_IF130833622" /></respcondition><respcondition title="Response Condition 5"><conditionvar><varequal respident="QUES_42757062_42761143_LID">QUES_42757062_42761143_A130833623</varequal></conditionvar><setvar action="Set">0.000000000</setvar><displayfeedback feedbacktype="Response" linkrefid="QUES_42757062_42761143_IF130833623" /></respcondition><respcondition title="Response Condition 6"><conditionvar><varequal respident="QUES_42757062_42761143_LID">QUES_42757062_42761143_A130833624</varequal></conditionvar><setvar action="Set">0.000000000</setvar><displayfeedback feedbacktype="Response" linkrefid="QUES_42757062_42761143_IF130833624" /></respcondition></resprocessing><itemfeedback ident="QUES_42757062_42761143_IF130833619"><material><mattext texttype="text/plain" /></material></itemfeedback><itemfeedback ident="QUES_42757062_42761143_IF130833620"><material><mattext texttype="text/plain" /></material></itemfeedback><itemfeedback ident="QUES_42757062_42761143_IF130833621"><material><mattext texttype="text/plain" /></material></itemfeedback><itemfeedback ident="QUES_42757062_42761143_IF130833622"><material><mattext texttype="text/plain" /></material></itemfeedback><itemfeedback ident="QUES_42757062_42761143_IF130833623"><material><mattext texttype="text/plain" /></material></itemfeedback><itemfeedback ident="QUES_42757062_42761143_IF130833624"><material><mattext texttype="text/plain" /></material></itemfeedback></item><item ident="OBJ_1651256" label="QUES_42757063_42761144" d2l_2p0:page="1"><itemmetadata><qtimetadata><qti_metadatafield><fieldlabel>qmd_computerscored</fieldlabel><fieldentry>yes</fieldentry></qti_metadatafield><qti_metadatafield><fieldlabel>qmd_questiontype</fieldlabel><fieldentry>Multiple Choice</fieldentry></qti_metadatafield><qti_metadatafield><fieldlabel>qmd_weighting</fieldlabel><fieldentry>1.000000000</fieldentry></qti_metadatafield><qti_metadatafield><fieldlabel>qmd_globalid</fieldlabel><fieldentry>2ff71da6-5a98-4852-af67-927fb58f7e48</fieldentry></qti_metadatafield><qti_metadatafield><fieldlabel>qmd_displayid</fieldlabel><fieldentry>Sample Course-74262</fieldentry></qti_metadatafield></qtimetadata></itemmetadata><itemproc_extension><d2l_2p0:difficulty>3</d2l_2p0:difficulty><d2l_2p0:isbonus>no</d2l_2p0:isbonus><d2l_2p0:ismandatory>yes</d2l_2p0:ismandatory></itemproc_extension><presentation><flow><material><mattext texttype="text/html">&lt;!--RsQ_003--&gt;&lt;span style="font-family:'Arial';"&gt;For which of the following does &lt;/span&gt;&lt;span style="font-family:'Arial'; color:#000000;"&gt;&lt;IMG src="ppg/respondus/Limit_at_a_Point_Post_BB_Test/eq_22f382.gif" alt="equation" border=0 align="absmiddle"&gt;&lt;/span&gt;&lt;span style="font-family:'Arial';"&gt; exist?&lt;br&gt;I&lt;br&gt;&lt;/span&gt;&lt;span style="font-family:'Arial'; color:#000000;"&gt;&lt;IMG src="ppg/respondus/Limit_at_a_Point_Post_BB_Test/1.png" alt="image" align="bottom" border=0&gt;&lt;/span&gt;&lt;span style="font-family:'Arial';"&gt;&lt;br&gt;II&lt;br&gt;&lt;/span&gt;&lt;span style="font-family:'Arial'; color:#000000;"&gt;&lt;IMG src="ppg/respondus/Limit_at_a_Point_Post_BB_Test/2.png" alt="image" align="bottom" border=0&gt;&lt;/span&gt;&lt;span style="font-family:'Arial';"&gt;&lt;br&gt;III&lt;br&gt;&lt;/span&gt;&lt;span style="font-family:'Arial'; color:#000000;"&gt;&lt;IMG src="ppg/respondus/Limit_at_a_Point_Post_BB_Test/3.png" alt="image" align="bottom" border=0&gt;&lt;/span&gt;&lt;span style="font-family:'Arial';"&gt;&lt;br&gt;IV&lt;br&gt;&lt;/span&gt;&lt;span style="font-family:'Arial'; color:#000000;"&gt;&lt;IMG src="ppg/respondus/Limit_at_a_Point_Post_BB_Test/4.png" alt="image" align="bottom" border=0&gt;&lt;/span&gt;&lt;span style="font-family:'Arial';"&gt; &lt;/span&gt;</mattext></material><response_extension><d2l_2p0:display_style>2</d2l_2p0:display_style><d2l_2p0:enumeration>6</d2l_2p0:enumeration><d2l_2p0:grading_type>0</d2l_2p0:grading_type></response_extension><response_lid ident="QUES_42757063_42761144_LID" rcardinality="Single"><render_choice shuffle="no"><flow_label class="Block"><response_label ident="QUES_42757063_42761144_A130833625"><flow_mat><material><mattext texttype="text/html">&lt;span style="font-family:'Arial';"&gt;IV only&lt;/span&gt;</mattext></material></flow_mat></response_label></flow_label><flow_label class="Block"><response_label ident="QUES_42757063_42761144_A130833626"><flow_mat><material><mattext texttype="text/html">&lt;span style="font-family:'Arial';"&gt;III and IV only&lt;/span&gt;</mattext></material></flow_mat></response_label></flow_label><flow_label class="Block"><response_label ident="QUES_42757063_42761144_A130833627"><flow_mat><material><mattext texttype="text/html">&lt;span style="font-family:'Arial';"&gt;II, III, and IV only&lt;/span&gt;</mattext></material></flow_mat></response_label></flow_label><flow_label class="Block"><response_label ident="QUES_42757063_42761144_A130833628"><flow_mat><material><mattext texttype="text/html">&lt;span style="font-family:'Arial';"&gt;I, II, III, and IV&lt;/span&gt;</mattext></material></flow_mat></response_label></flow_label><flow_label class="Block"><response_label ident="QUES_42757063_42761144_A130833629"><flow_mat><material><mattext texttype="text/html">&lt;span style="font-family:'Arial';"&gt;None of these&lt;/span&gt;</mattext></material></flow_mat></response_label></flow_label></render_choice></response_lid></flow></presentation><resprocessing><respcondition title="Response Condition 1"><conditionvar><varequal respident="QUES_42757063_42761144_LID">QUES_42757063_42761144_A130833625</varequal></conditionvar><setvar action="Set">0.000000000</setvar><displayfeedback feedbacktype="Response" linkrefid="QUES_42757063_42761144_IF130833625" /></respcondition><respcondition title="Response Condition 2"><conditionvar><varequal respident="QUES_42757063_42761144_LID">QUES_42757063_42761144_A130833626</varequal></conditionvar><setvar action="Set">100.000000000</setvar><displayfeedback feedbacktype="Response" linkrefid="QUES_42757063_42761144_IF130833626" /></respcondition><respcondition title="Response Condition 3"><conditionvar><varequal respident="QUES_42757063_42761144_LID">QUES_42757063_42761144_A130833627</varequal></conditionvar><setvar action="Set">0.000000000</setvar><displayfeedback feedbacktype="Response" linkrefid="QUES_42757063_42761144_IF130833627" /></respcondition><respcondition title="Response Condition 4"><conditionvar><varequal respident="QUES_42757063_42761144_LID">QUES_42757063_42761144_A130833628</varequal></conditionvar><setvar action="Set">0.000000000</setvar><displayfeedback feedbacktype="Response" linkrefid="QUES_42757063_42761144_IF130833628" /></respcondition><respcondition title="Response Condition 5"><conditionvar><varequal respident="QUES_42757063_42761144_LID">QUES_42757063_42761144_A130833629</varequal></conditionvar><setvar action="Set">0.000000000</setvar><displayfeedback feedbacktype="Response" linkrefid="QUES_42757063_42761144_IF130833629" /></respcondition></resprocessing><itemfeedback ident="QUES_42757063_42761144_IF130833625"><material><mattext texttype="text/plain" /></material></itemfeedback><itemfeedback ident="QUES_42757063_42761144_IF130833626"><material><mattext texttype="text/plain" /></material></itemfeedback><itemfeedback ident="QUES_42757063_42761144_IF130833627"><material><mattext texttype="text/plain" /></material></itemfeedback><itemfeedback ident="QUES_42757063_42761144_IF130833628"><material><mattext texttype="text/plain" /></material></itemfeedback><itemfeedback ident="QUES_42757063_42761144_IF130833629"><material><mattext texttype="text/plain" /></material></itemfeedback></item><item ident="OBJ_1651257" label="QUES_42757064_42761145" d2l_2p0:page="1"><itemmetadata><qtimetadata><qti_metadatafield><fieldlabel>qmd_computerscored</fieldlabel><fieldentry>yes</fieldentry></qti_metadatafield><qti_metadatafield><fieldlabel>qmd_questiontype</fieldlabel><fieldentry>Multiple Choice</fieldentry></qti_metadatafield><qti_metadatafield><fieldlabel>qmd_weighting</fieldlabel><fieldentry>1.000000000</fieldentry></qti_metadatafield><qti_metadatafield><fieldlabel>qmd_globalid</fieldlabel><fieldentry>15077162-5530-4e44-ab20-2747666c0878</fieldentry></qti_metadatafield><qti_metadatafield><fieldlabel>qmd_displayid</fieldlabel><fieldentry>Sample Course-74263</fieldentry></qti_metadatafield></qtimetadata></itemmetadata><itemproc_extension><d2l_2p0:difficulty>3</d2l_2p0:difficulty><d2l_2p0:isbonus>no</d2l_2p0:isbonus><d2l_2p0:ismandatory>yes</d2l_2p0:ismandatory></itemproc_extension><presentation><flow><material><mattext texttype="text/html">&lt;!--RsQ_004--&gt;&lt;span style="font-family:'Arial';"&gt;Which of the following most accurately represents the meaning of &lt;/span&gt;&lt;span style="font-family:'Arial'; color:#000000;"&gt;&lt;IMG src="ppg/respondus/Limit_at_a_Point_Post_BB_Test/eq_22f409.gif" alt="equation" border=0 align="absmiddle"&gt;&lt;/span&gt;&lt;span style="font-family:'Arial';"&gt;? &lt;/span&gt;</mattext></material><response_extension><d2l_2p0:display_style>2</d2l_2p0:display_style><d2l_2p0:enumeration>6</d2l_2p0:enumeration><d2l_2p0:grading_type>0</d2l_2p0:grading_type></response_extension><response_lid ident="QUES_42757064_42761145_LID" rcardinality="Single"><render_choice shuffle="no"><flow_label class="Block"><response_label ident="QUES_42757064_42761145_A130833630"><flow_mat><material><mattext texttype="text/html">&lt;span style="font-family:'Arial';"&gt;L is equal to &lt;/span&gt;&lt;span style="font-family:'Arial';"&gt;&lt;IMG src="ppg/respondus/Limit_at_a_Point_Post_BB_Test/eq_22f41a.gif" alt="equation" border=0 align="absmiddle"&gt;&lt;/span&gt;</mattext></material></flow_mat></response_label></flow_label><flow_label class="Block"><response_label ident="QUES_42757064_42761145_A130833631"><flow_mat><material><mattext texttype="text/html">&lt;span style="font-family:'Arial'; color:#000000;"&gt;&lt;IMG src="ppg/respondus/Limit_at_a_Point_Post_BB_Test/eq_22f421.gif" alt="equation" border=0 align="absmiddle"&gt;&lt;/span&gt;&lt;span style="font-family:'Arial';"&gt; gets close to L but never equals L&lt;/span&gt;</mattext></material></flow_mat></response_label></flow_label><flow_label class="Block"><response_label ident="QUES_42757064_42761145_A130833632"><flow_mat><material><mattext texttype="text/html">&lt;span style="font-family:'Arial';"&gt;The process of getting closer and closer to L &lt;/span&gt;</mattext></material></flow_mat></response_label></flow_label><flow_label class="Block"><response_label ident="QUES_42757064_42761145_A130833633"><flow_mat><material><mattext texttype="text/html">&lt;span style="font-family:'Arial'; color:#000000;"&gt;&lt;IMG src="ppg/respondus/Limit_at_a_Point_Post_BB_Test/eq_22f437.gif" alt="equation" border=0 align="absmiddle"&gt;&lt;/span&gt;&lt;span style="font-family:'Arial';"&gt; can become as close to L as desired by making &lt;/span&gt;&lt;span style="font-family:'Arial'; color:#000000;"&gt;&lt;IMG src="ppg/respondus/Limit_at_a_Point_Post_BB_Test/eq_22f44b.gif" alt="equation" border=0 align="absmiddle"&gt;&lt;/span&gt;&lt;span style="font-family:'Arial';"&gt; get closer to &lt;/span&gt;&lt;span style="font-family:'Arial';"&gt;&lt;IMG src="ppg/respondus/Limit_at_a_Point_Post_BB_Test/eq_22f451.gif" alt="equation" border=0 align="absmiddle"&gt;&lt;/span&gt;&lt;span style="font-family:'Arial';"&gt; &lt;/span&gt;</mattext></material></flow_mat></response_label></flow_label><flow_label class="Block"><response_label ident="QUES_42757064_42761145_A130833634"><flow_mat><material><mattext texttype="text/html">&lt;span style="font-family:'Arial'; color:#000000;"&gt;&lt;IMG src="ppg/respondus/Limit_at_a_Point_Post_BB_Test/eq_22f457.gif" alt="equation" border=0 align="absmiddle"&gt;&lt;/span&gt;&lt;span style="font-family:'Arial';"&gt; can become as close to L as desired by making &lt;/span&gt;&lt;span style="font-family:'Arial'; color:#000000;"&gt;&lt;IMG src="ppg/respondus/Limit_at_a_Point_Post_BB_Test/eq_22f461.gif" alt="equation" border=0 align="absmiddle"&gt;&lt;/span&gt;&lt;span style="font-family:'Arial';"&gt; get closer to &lt;/span&gt;&lt;span style="font-family:'Arial';"&gt;&lt;IMG src="ppg/respondus/Limit_at_a_Point_Post_BB_Test/eq_22f468.gif" alt="equation" border=0 align="absmiddle"&gt;&lt;/span&gt;</mattext></material></flow_mat></response_label></flow_label><flow_label class="Block"><response_label ident="QUES_42757064_42761145_A130833635"><flow_mat><material><mattext texttype="text/html">&lt;span style="font-family:'Arial';"&gt;lim &lt;/span&gt;&lt;span style="font-family:'Arial'; color:#000000;"&gt;&lt;IMG src="ppg/respondus/Limit_at_a_Point_Post_BB_Test/eq_22f470.gif" alt="equation" border=0 align="absmiddle"&gt;&lt;/span&gt;&lt;span style="font-family:'Arial';"&gt; is an approximation that you can make as close to L as desired&lt;/span&gt;</mattext></material></flow_mat></response_label></flow_label><flow_label class="Block"><response_label ident="QUES_42757064_42761145_A130833636"><flow_mat><material><mattext texttype="text/html">&lt;span style="font-family:'Arial';"&gt;We can't say for sure because &lt;/span&gt;&lt;span style="font-family:'Arial'; color:#000000;"&gt;&lt;IMG src="ppg/respondus/Limit_at_a_Point_Post_BB_Test/eq_22f486.gif" alt="equation" border=0 align="absmiddle"&gt;&lt;/span&gt;&lt;span style="font-family:'Arial';"&gt; might be undefined&lt;/span&gt;</mattext></material></flow_mat></response_label></flow_label></render_choice></response_lid></flow></presentation><resprocessing><respcondition title="Response Condition 1"><conditionvar><varequal respident="QUES_42757064_42761145_LID">QUES_42757064_42761145_A130833630</varequal></conditionvar><setvar action="Set">0.000000000</setvar><displayfeedback feedbacktype="Response" linkrefid="QUES_42757064_42761145_IF130833630" /></respcondition><respcondition title="Response Condition 2"><conditionvar><varequal respident="QUES_42757064_42761145_LID">QUES_42757064_42761145_A130833631</varequal></conditionvar><setvar action="Set">0.000000000</setvar><displayfeedback feedbacktype="Response" linkrefid="QUES_42757064_42761145_IF130833631" /></respcondition><respcondition title="Response Condition 3"><conditionvar><varequal respident="QUES_42757064_42761145_LID">QUES_42757064_42761145_A130833632</varequal></conditionvar><setvar action="Set">0.000000000</setvar><displayfeedback feedbacktype="Response" linkrefid="QUES_42757064_42761145_IF130833632" /></respcondition><respcondition title="Response Condition 4"><conditionvar><varequal respident="QUES_42757064_42761145_LID">QUES_42757064_42761145_A130833633</varequal></conditionvar><setvar action="Set">100.000000000</setvar><displayfeedback feedbacktype="Response" linkrefid="QUES_42757064_42761145_IF130833633" /></respcondition><respcondition title="Response Condition 5"><conditionvar><varequal respident="QUES_42757064_42761145_LID">QUES_42757064_42761145_A130833634</varequal></conditionvar><setvar action="Set">0.000000000</setvar><displayfeedback feedbacktype="Response" linkrefid="QUES_42757064_42761145_IF130833634" /></respcondition><respcondition title="Response Condition 6"><conditionvar><varequal respident="QUES_42757064_42761145_LID">QUES_42757064_42761145_A130833635</varequal></conditionvar><setvar action="Set">0.000000000</setvar><displayfeedback feedbacktype="Response" linkrefid="QUES_42757064_42761145_IF130833635" /></respcondition><respcondition title="Response Condition 7"><conditionvar><varequal respident="QUES_42757064_42761145_LID">QUES_42757064_42761145_A130833636</varequal></conditionvar><setvar action="Set">0.000000000</setvar><displayfeedback feedbacktype="Response" linkrefid="QUES_42757064_42761145_IF130833636" /></respcondition></resprocessing><itemfeedback ident="QUES_42757064_42761145_IF130833630"><material><mattext texttype="text/plain" /></material></itemfeedback><itemfeedback ident="QUES_42757064_42761145_IF130833631"><material><mattext texttype="text/plain" /></material></itemfeedback><itemfeedback ident="QUES_42757064_42761145_IF130833632"><material><mattext texttype="text/plain" /></material></itemfeedback><itemfeedback ident="QUES_42757064_42761145_IF130833633"><material><mattext texttype="text/plain" /></material></itemfeedback><itemfeedback ident="QUES_42757064_42761145_IF130833634"><material><mattext texttype="text/plain" /></material></itemfeedback><itemfeedback ident="QUES_42757064_42761145_IF130833635"><material><mattext texttype="text/plain" /></material></itemfeedback><itemfeedback ident="QUES_42757064_42761145_IF130833636"><material><mattext texttype="text/plain" /></material></itemfeedback></item></section></assessment></questestinterop>