﻿<?xml version="1.0" encoding="UTF-8"?><questestinterop xmlns:d2l_2p0="http://desire2learn.com/xsd/d2lcp_v2p0"><assessment d2l_2p0:id="436" title="Basic Derivative Rules PostVideo Questions" ident="res_quiz_122391" d2l_2p0:resource_code="ef9e56cc46d3486a98963923-116"><rubric><flow_mat><material><mattext d2l_2p0:isdisplayed="no" texttype="text/html" /></material></flow_mat></rubric><assessmentcontrol hintswitch="no" solutionswitch="yes" feedbackswitch="no" /><presentation_material><flow_mat><material label="page header"><mattext d2l_2p0:isdisplayed="no" texttype="text/html" /></material><material label="page footer"><mattext d2l_2p0:isdisplayed="no" texttype="text/html" /></material></flow_mat></presentation_material><assess_procextension><d2l_2p0:intro_message d2l_2p0:isdisplayed="yes" texttype="text/html">Respondus</d2l_2p0:intro_message><d2l_2p0:disable_right_click>no</d2l_2p0:disable_right_click><d2l_2p0:disable_pager_access>no</d2l_2p0:disable_pager_access><is_active>yes</is_active><d2l_2p0:date_start /><d2l_2p0:date_end /><d2l_2p0:date_due /><d2l_2p0:has_schedule_event>no</d2l_2p0:has_schedule_event><d2l_2p0:is_attempt_Rldb>no</d2l_2p0:is_attempt_Rldb><d2l_2p0:is_subview_Rldb>no</d2l_2p0:is_subview_Rldb><d2l_2p0:time_limit>120</d2l_2p0:time_limit><d2l_2p0:show_clock>yes</d2l_2p0:show_clock><d2l_2p0:enforce_time_limit>yes</d2l_2p0:enforce_time_limit><d2l_2p0:grace_period>5</d2l_2p0:grace_period><d2l_2p0:late_limit>0</d2l_2p0:late_limit><d2l_2p0:attempts_allowed>3</d2l_2p0:attempts_allowed><d2l_2p0:attempt_restrictions /><d2l_2p0:mark_calculation_type>1</d2l_2p0:mark_calculation_type><d2l_2p0:is_forward_only>no</d2l_2p0:is_forward_only></assess_procextension><assessfeedback title=""><rubric><flow_mat><material><mattext texttype="yes">Your quiz has been submitted successfully.</mattext></material></flow_mat></rubric><d2l_2p0:duration>0</d2l_2p0:duration><d2l_2p0:response_display_type_id>1</d2l_2p0:response_display_type_id><d2l_2p0:show_correct_answers>no</d2l_2p0:show_correct_answers><d2l_2p0:submission_restrictip>no</d2l_2p0:submission_restrictip><d2l_2p0:show_class_average>no</d2l_2p0:show_class_average><d2l_2p0:show_score_distribution>no</d2l_2p0:show_score_distribution></assessfeedback><section ident="CONTAINER_SECTION"><item ident="OBJ_1651131" label="QUES_42756938_42761019" d2l_2p0:page="1"><itemmetadata><qtimetadata><qti_metadatafield><fieldlabel>qmd_computerscored</fieldlabel><fieldentry>yes</fieldentry></qti_metadatafield><qti_metadatafield><fieldlabel>qmd_questiontype</fieldlabel><fieldentry>Multiple Choice</fieldentry></qti_metadatafield><qti_metadatafield><fieldlabel>qmd_weighting</fieldlabel><fieldentry>1.000000000</fieldentry></qti_metadatafield><qti_metadatafield><fieldlabel>qmd_globalid</fieldlabel><fieldentry>3e3bbfa0-38f6-4a31-8039-a17ecf791608</fieldentry></qti_metadatafield><qti_metadatafield><fieldlabel>qmd_displayid</fieldlabel><fieldentry>Sample Course-74137</fieldentry></qti_metadatafield></qtimetadata></itemmetadata><itemproc_extension><d2l_2p0:difficulty>3</d2l_2p0:difficulty><d2l_2p0:isbonus>no</d2l_2p0:isbonus><d2l_2p0:ismandatory>yes</d2l_2p0:ismandatory></itemproc_extension><presentation><flow><material><mattext texttype="text/html">&lt;!--RsQ_001--&gt;&lt;span style="font-family:'Arial';"&gt;Compute the Derivative:&lt;br&gt;&lt;/span&gt;&lt;span style="font-family:'Arial';"&gt;&lt;i&gt;f&lt;/i&gt;&lt;/span&gt;&lt;span style="font-family:'Arial';"&gt;(&lt;/span&gt;&lt;span style="font-family:'Arial';"&gt;&lt;i&gt;x&lt;/i&gt;&lt;/span&gt;&lt;span style="font-family:'Arial';"&gt;) = 2&lt;/span&gt;&lt;span style="font-family:'Arial';"&gt;&lt;i&gt;x&lt;/i&gt;&lt;/span&gt;&lt;span style="font-family:'Arial';"&gt;&lt;sup&gt;3&lt;/SUP&gt;&lt;/span&gt;&lt;span style="font-family:'Arial';"&gt; + 7 &lt;/span&gt;</mattext></material><response_extension><d2l_2p0:display_style>2</d2l_2p0:display_style><d2l_2p0:enumeration>6</d2l_2p0:enumeration><d2l_2p0:grading_type>0</d2l_2p0:grading_type></response_extension><response_lid ident="QUES_42756938_42761019_LID" rcardinality="Single"><render_choice shuffle="no"><flow_label class="Block"><response_label ident="QUES_42756938_42761019_A130832904"><flow_mat><material><mattext texttype="text/html">&lt;span style="font-family:'Arial';"&gt;2&lt;/span&gt;&lt;span style="font-family:'Arial';"&gt;&lt;i&gt;x&lt;/i&gt;&lt;/span&gt;&lt;span style="font-family:'Arial';"&gt;&lt;sup&gt;3&lt;/SUP&gt;&lt;/span&gt;&lt;span style="font-family:'Arial';"&gt; + 7&lt;/span&gt;</mattext></material></flow_mat></response_label></flow_label><flow_label class="Block"><response_label ident="QUES_42756938_42761019_A130832905"><flow_mat><material><mattext texttype="text/html">&lt;span style="font-family:'Arial';"&gt;2&lt;/span&gt;&lt;span style="font-family:'Arial';"&gt;&lt;i&gt;x&lt;/i&gt;&lt;/span&gt;&lt;span style="font-family:'Arial';"&gt;&lt;sup&gt;3&lt;/sup&gt;&lt;/span&gt;</mattext></material></flow_mat></response_label></flow_label><flow_label class="Block"><response_label ident="QUES_42756938_42761019_A130832906"><flow_mat><material><mattext texttype="text/html">&lt;span style="font-family:'Arial';"&gt;6&lt;/span&gt;&lt;span style="font-family:'Arial';"&gt;&lt;i&gt;x&lt;/i&gt;&lt;/span&gt;&lt;span style="font-family:'Arial';"&gt;&lt;sup&gt;3&lt;/SUP&gt;&lt;/span&gt;&lt;span style="font-family:'Arial';"&gt; + 7&lt;/span&gt;</mattext></material></flow_mat></response_label></flow_label><flow_label class="Block"><response_label ident="QUES_42756938_42761019_A130832907"><flow_mat><material><mattext texttype="text/html">&lt;span style="font-family:'Arial';"&gt;6&lt;/span&gt;&lt;span style="font-family:'Arial';"&gt;&lt;i&gt;x&lt;/i&gt;&lt;/span&gt;&lt;span style="font-family:'Arial';"&gt;&lt;sup&gt;2&lt;/sup&gt;&lt;/span&gt;</mattext></material></flow_mat></response_label></flow_label><flow_label class="Block"><response_label ident="QUES_42756938_42761019_A130832908"><flow_mat><material><mattext texttype="text/html">&lt;span style="font-family:'Arial';"&gt;6&lt;/span&gt;&lt;span style="font-family:'Arial';"&gt;&lt;i&gt;x&lt;/i&gt;&lt;/span&gt;&lt;span style="font-family:'Arial';"&gt;&lt;sup&gt;2&lt;/SUP&gt;&lt;/span&gt;&lt;span style="font-family:'Arial';"&gt; + 7&lt;/span&gt;</mattext></material></flow_mat></response_label></flow_label></render_choice></response_lid></flow></presentation><resprocessing><respcondition title="Response Condition 1"><conditionvar><varequal respident="QUES_42756938_42761019_LID">QUES_42756938_42761019_A130832904</varequal></conditionvar><setvar action="Set">0.000000000</setvar><displayfeedback feedbacktype="Response" linkrefid="QUES_42756938_42761019_IF130832904" /></respcondition><respcondition title="Response Condition 2"><conditionvar><varequal respident="QUES_42756938_42761019_LID">QUES_42756938_42761019_A130832905</varequal></conditionvar><setvar action="Set">0.000000000</setvar><displayfeedback feedbacktype="Response" linkrefid="QUES_42756938_42761019_IF130832905" /></respcondition><respcondition title="Response Condition 3"><conditionvar><varequal respident="QUES_42756938_42761019_LID">QUES_42756938_42761019_A130832906</varequal></conditionvar><setvar action="Set">0.000000000</setvar><displayfeedback feedbacktype="Response" linkrefid="QUES_42756938_42761019_IF130832906" /></respcondition><respcondition title="Response Condition 4"><conditionvar><varequal respident="QUES_42756938_42761019_LID">QUES_42756938_42761019_A130832907</varequal></conditionvar><setvar action="Set">100.000000000</setvar><displayfeedback feedbacktype="Response" linkrefid="QUES_42756938_42761019_IF130832907" /></respcondition><respcondition title="Response Condition 5"><conditionvar><varequal respident="QUES_42756938_42761019_LID">QUES_42756938_42761019_A130832908</varequal></conditionvar><setvar action="Set">0.000000000</setvar><displayfeedback feedbacktype="Response" linkrefid="QUES_42756938_42761019_IF130832908" /></respcondition></resprocessing><itemfeedback ident="QUES_42756938_42761019_IF130832904"><material><mattext texttype="text/plain" /></material></itemfeedback><itemfeedback ident="QUES_42756938_42761019_IF130832905"><material><mattext texttype="text/plain" /></material></itemfeedback><itemfeedback ident="QUES_42756938_42761019_IF130832906"><material><mattext texttype="text/plain" /></material></itemfeedback><itemfeedback ident="QUES_42756938_42761019_IF130832907"><material><mattext texttype="text/plain" /></material></itemfeedback><itemfeedback ident="QUES_42756938_42761019_IF130832908"><material><mattext texttype="text/plain" /></material></itemfeedback></item><item ident="OBJ_1651132" label="QUES_42756939_42761020" d2l_2p0:page="1"><itemmetadata><qtimetadata><qti_metadatafield><fieldlabel>qmd_computerscored</fieldlabel><fieldentry>yes</fieldentry></qti_metadatafield><qti_metadatafield><fieldlabel>qmd_questiontype</fieldlabel><fieldentry>Multiple Choice</fieldentry></qti_metadatafield><qti_metadatafield><fieldlabel>qmd_weighting</fieldlabel><fieldentry>1.000000000</fieldentry></qti_metadatafield><qti_metadatafield><fieldlabel>qmd_globalid</fieldlabel><fieldentry>538f7f55-5e62-4070-97ac-cd3318eab1fc</fieldentry></qti_metadatafield><qti_metadatafield><fieldlabel>qmd_displayid</fieldlabel><fieldentry>Sample Course-74138</fieldentry></qti_metadatafield></qtimetadata></itemmetadata><itemproc_extension><d2l_2p0:difficulty>3</d2l_2p0:difficulty><d2l_2p0:isbonus>no</d2l_2p0:isbonus><d2l_2p0:ismandatory>yes</d2l_2p0:ismandatory></itemproc_extension><presentation><flow><material><mattext texttype="text/html">&lt;!--RsQ_002--&gt;&lt;span style="font-family:'Arial';"&gt;Compute the Derivative:&lt;br&gt;&lt;/span&gt;&lt;span style="font-family:'Arial';"&gt;&lt;i&gt;f&lt;/i&gt;&lt;/span&gt;&lt;span style="font-family:'Arial';"&gt;(&lt;/span&gt;&lt;span style="font-family:'Arial';"&gt;&lt;i&gt;x&lt;/i&gt;&lt;/span&gt;&lt;span style="font-family:'Arial';"&gt;) = 7&lt;/span&gt;&lt;span style="font-family:'Arial';"&gt;&lt;i&gt;&lt;sup&gt;x&lt;/SUP&gt;&lt;/i&gt;&lt;/span&gt;&lt;span style="font-family:'Arial';"&gt; &lt;/span&gt;</mattext></material><response_extension><d2l_2p0:display_style>2</d2l_2p0:display_style><d2l_2p0:enumeration>6</d2l_2p0:enumeration><d2l_2p0:grading_type>0</d2l_2p0:grading_type></response_extension><response_lid ident="QUES_42756939_42761020_LID" rcardinality="Single"><render_choice shuffle="no"><flow_label class="Block"><response_label ident="QUES_42756939_42761020_A130832909"><flow_mat><material><mattext texttype="text/html">&lt;span style="font-family:'Arial';"&gt;ln(7)7&lt;/span&gt;&lt;span style="font-family:'Arial';"&gt;&lt;i&gt;&lt;sup&gt;x&lt;/SUP&gt;&lt;/i&gt;&lt;/span&gt;&lt;span style="font-family:'Arial';"&gt; &lt;/span&gt;</mattext></material></flow_mat></response_label></flow_label><flow_label class="Block"><response_label ident="QUES_42756939_42761020_A130832910"><flow_mat><material><mattext texttype="text/html">&lt;span style="font-family:'Arial';"&gt;7&lt;/span&gt;&lt;span style="font-family:'Arial';"&gt;&lt;i&gt;&lt;sup&gt;x&lt;/SUP&gt;&lt;/i&gt;&lt;/span&gt;&lt;span style="font-family:'Arial';"&gt; &lt;/span&gt;</mattext></material></flow_mat></response_label></flow_label><flow_label class="Block"><response_label ident="QUES_42756939_42761020_A130832911"><flow_mat><material><mattext texttype="text/html">&lt;span style="font-family:'Arial';"&gt;&lt;i&gt;x&lt;/i&gt;&lt;/span&gt;&lt;span style="font-family:'Arial';"&gt;7&lt;/span&gt;&lt;span style="font-family:'Arial';"&gt;&lt;i&gt;&lt;sup&gt;x&lt;/i&gt;&lt;/span&gt;&lt;span style="font-family:'Arial';"&gt;-1&lt;/SUP&gt;&lt;/span&gt;&lt;span style="font-family:'Arial';"&gt; &lt;/span&gt;</mattext></material></flow_mat></response_label></flow_label><flow_label class="Block"><response_label ident="QUES_42756939_42761020_A130832912"><flow_mat><material><mattext texttype="text/html">&lt;span style="font-family:'Arial';"&gt;7*7&lt;/span&gt;&lt;span style="font-family:'Arial';"&gt;&lt;i&gt;&lt;sup&gt;x&lt;/SUP&gt;&lt;/i&gt;&lt;/span&gt;&lt;span style="font-family:'Arial';"&gt; &lt;/span&gt;</mattext></material></flow_mat></response_label></flow_label><flow_label class="Block"><response_label ident="QUES_42756939_42761020_A130832913"><flow_mat><material><mattext texttype="text/html">&lt;span style="font-family:'Arial';"&gt;6&lt;/span&gt;&lt;span style="font-family:'Arial';"&gt;&lt;i&gt;x&lt;/i&gt;&lt;/span&gt;&lt;span style="font-family:'Arial';"&gt;&lt;sup&gt;2&lt;/SUP&gt;&lt;/span&gt;&lt;span style="font-family:'Arial';"&gt; + 7&lt;/span&gt;</mattext></material></flow_mat></response_label></flow_label></render_choice></response_lid></flow></presentation><resprocessing><respcondition title="Response Condition 1"><conditionvar><varequal respident="QUES_42756939_42761020_LID">QUES_42756939_42761020_A130832909</varequal></conditionvar><setvar action="Set">100.000000000</setvar><displayfeedback feedbacktype="Response" linkrefid="QUES_42756939_42761020_IF130832909" /></respcondition><respcondition title="Response Condition 2"><conditionvar><varequal respident="QUES_42756939_42761020_LID">QUES_42756939_42761020_A130832910</varequal></conditionvar><setvar action="Set">0.000000000</setvar><displayfeedback feedbacktype="Response" linkrefid="QUES_42756939_42761020_IF130832910" /></respcondition><respcondition title="Response Condition 3"><conditionvar><varequal respident="QUES_42756939_42761020_LID">QUES_42756939_42761020_A130832911</varequal></conditionvar><setvar action="Set">0.000000000</setvar><displayfeedback feedbacktype="Response" linkrefid="QUES_42756939_42761020_IF130832911" /></respcondition><respcondition title="Response Condition 4"><conditionvar><varequal respident="QUES_42756939_42761020_LID">QUES_42756939_42761020_A130832912</varequal></conditionvar><setvar action="Set">0.000000000</setvar><displayfeedback feedbacktype="Response" linkrefid="QUES_42756939_42761020_IF130832912" /></respcondition><respcondition title="Response Condition 5"><conditionvar><varequal respident="QUES_42756939_42761020_LID">QUES_42756939_42761020_A130832913</varequal></conditionvar><setvar action="Set">0.000000000</setvar><displayfeedback feedbacktype="Response" linkrefid="QUES_42756939_42761020_IF130832913" /></respcondition></resprocessing><itemfeedback ident="QUES_42756939_42761020_IF130832909"><material><mattext texttype="text/plain" /></material></itemfeedback><itemfeedback ident="QUES_42756939_42761020_IF130832910"><material><mattext texttype="text/plain" /></material></itemfeedback><itemfeedback ident="QUES_42756939_42761020_IF130832911"><material><mattext texttype="text/plain" /></material></itemfeedback><itemfeedback ident="QUES_42756939_42761020_IF130832912"><material><mattext texttype="text/plain" /></material></itemfeedback><itemfeedback ident="QUES_42756939_42761020_IF130832913"><material><mattext texttype="text/plain" /></material></itemfeedback></item><item ident="OBJ_1651133" label="QUES_42756940_42761021" d2l_2p0:page="1"><itemmetadata><qtimetadata><qti_metadatafield><fieldlabel>qmd_computerscored</fieldlabel><fieldentry>yes</fieldentry></qti_metadatafield><qti_metadatafield><fieldlabel>qmd_questiontype</fieldlabel><fieldentry>Multiple Choice</fieldentry></qti_metadatafield><qti_metadatafield><fieldlabel>qmd_weighting</fieldlabel><fieldentry>1.000000000</fieldentry></qti_metadatafield><qti_metadatafield><fieldlabel>qmd_globalid</fieldlabel><fieldentry>f2e77cf9-4c2f-4b63-871f-6b90a427a60f</fieldentry></qti_metadatafield><qti_metadatafield><fieldlabel>qmd_displayid</fieldlabel><fieldentry>Sample Course-74139</fieldentry></qti_metadatafield></qtimetadata></itemmetadata><itemproc_extension><d2l_2p0:difficulty>3</d2l_2p0:difficulty><d2l_2p0:isbonus>no</d2l_2p0:isbonus><d2l_2p0:ismandatory>yes</d2l_2p0:ismandatory></itemproc_extension><presentation><flow><material><mattext texttype="text/html">&lt;!--RsQ_003--&gt;&lt;span style="font-family:'Arial';"&gt;Compute the Derivative:&lt;br&gt;&lt;/span&gt;&lt;span style="font-family:'Arial';"&gt;&lt;i&gt;f&lt;/i&gt;&lt;/span&gt;&lt;span style="font-family:'Arial';"&gt;(&lt;/span&gt;&lt;span style="font-family:'Arial';"&gt;&lt;i&gt;x&lt;/i&gt;&lt;/span&gt;&lt;span style="font-family:'Arial';"&gt;) = log&lt;/span&gt;&lt;span style="font-family:'Arial';"&gt;&lt;sub&gt;7&lt;/SUB&gt;&lt;/span&gt;&lt;span style="font-family:'Arial';"&gt;(&lt;/span&gt;&lt;span style="font-family:'Arial';"&gt;&lt;i&gt;x&lt;/i&gt;&lt;/span&gt;&lt;span style="font-family:'Arial';"&gt;) &lt;/span&gt;</mattext></material><response_extension><d2l_2p0:display_style>2</d2l_2p0:display_style><d2l_2p0:enumeration>6</d2l_2p0:enumeration><d2l_2p0:grading_type>0</d2l_2p0:grading_type></response_extension><response_lid ident="QUES_42756940_42761021_LID" rcardinality="Single"><render_choice shuffle="no"><flow_label class="Block"><response_label ident="QUES_42756940_42761021_A130832914"><flow_mat><material><mattext texttype="text/html">&lt;span style="font-family:'Arial';"&gt;&amp;nbsp; &lt;/span&gt;&lt;span style="font-family:'Arial';"&gt;&lt;IMG src="ppg/respondus/Basic_Derivative_Rules_Pre_BB_nonpool/eq_e908ab.gif" alt="equation" border=0 align="absmiddle"&gt;&lt;/span&gt;</mattext></material></flow_mat></response_label></flow_label><flow_label class="Block"><response_label ident="QUES_42756940_42761021_A130832915"><flow_mat><material><mattext texttype="text/html">&lt;span style="font-family:'Arial'; color:#000000;"&gt;&lt;IMG src="ppg/respondus/Basic_Derivative_Rules_Pre_BB_nonpool/eq_e907d3.gif" alt="equation" border=0 align="absmiddle"&gt;&lt;/span&gt;&lt;span style="font-family:'Arial';"&gt;&amp;nbsp; &lt;/span&gt;</mattext></material></flow_mat></response_label></flow_label><flow_label class="Block"><response_label ident="QUES_42756940_42761021_A130832916"><flow_mat><material><mattext texttype="text/html">&lt;span style="font-family:'Arial';"&gt;&amp;nbsp; &lt;/span&gt;&lt;span style="font-family:'Arial';"&gt;&lt;IMG src="ppg/respondus/Basic_Derivative_Rules_Pre_BB_nonpool/eq_e908c4.gif" alt="equation" border=0 align="absmiddle"&gt;&lt;/span&gt;</mattext></material></flow_mat></response_label></flow_label><flow_label class="Block"><response_label ident="QUES_42756940_42761021_A130832917"><flow_mat><material><mattext texttype="text/html">&lt;span style="font-family:'Arial';"&gt;&lt;IMG src="ppg/respondus/Basic_Derivative_Rules_Pre_BB_nonpool/eq_e907f1.gif" alt="equation" border=0 align="absmiddle"&gt;&lt;/span&gt;&lt;span style="font-family:'Arial';"&gt;&amp;nbsp; &lt;/span&gt;</mattext></material></flow_mat></response_label></flow_label></render_choice></response_lid></flow></presentation><resprocessing><respcondition title="Response Condition 1"><conditionvar><varequal respident="QUES_42756940_42761021_LID">QUES_42756940_42761021_A130832914</varequal></conditionvar><setvar action="Set">0.000000000</setvar><displayfeedback feedbacktype="Response" linkrefid="QUES_42756940_42761021_IF130832914" /></respcondition><respcondition title="Response Condition 2"><conditionvar><varequal respident="QUES_42756940_42761021_LID">QUES_42756940_42761021_A130832915</varequal></conditionvar><setvar action="Set">100.000000000</setvar><displayfeedback feedbacktype="Response" linkrefid="QUES_42756940_42761021_IF130832915" /></respcondition><respcondition title="Response Condition 3"><conditionvar><varequal respident="QUES_42756940_42761021_LID">QUES_42756940_42761021_A130832916</varequal></conditionvar><setvar action="Set">0.000000000</setvar><displayfeedback feedbacktype="Response" linkrefid="QUES_42756940_42761021_IF130832916" /></respcondition><respcondition title="Response Condition 4"><conditionvar><varequal respident="QUES_42756940_42761021_LID">QUES_42756940_42761021_A130832917</varequal></conditionvar><setvar action="Set">0.000000000</setvar><displayfeedback feedbacktype="Response" linkrefid="QUES_42756940_42761021_IF130832917" /></respcondition></resprocessing><itemfeedback ident="QUES_42756940_42761021_IF130832914"><material><mattext texttype="text/plain" /></material></itemfeedback><itemfeedback ident="QUES_42756940_42761021_IF130832915"><material><mattext texttype="text/plain" /></material></itemfeedback><itemfeedback ident="QUES_42756940_42761021_IF130832916"><material><mattext texttype="text/plain" /></material></itemfeedback><itemfeedback ident="QUES_42756940_42761021_IF130832917"><material><mattext texttype="text/plain" /></material></itemfeedback></item><item ident="OBJ_1651134" label="QUES_42756941_42761022" d2l_2p0:page="1"><itemmetadata><qtimetadata><qti_metadatafield><fieldlabel>qmd_computerscored</fieldlabel><fieldentry>yes</fieldentry></qti_metadatafield><qti_metadatafield><fieldlabel>qmd_questiontype</fieldlabel><fieldentry>Multiple Choice</fieldentry></qti_metadatafield><qti_metadatafield><fieldlabel>qmd_weighting</fieldlabel><fieldentry>1.000000000</fieldentry></qti_metadatafield><qti_metadatafield><fieldlabel>qmd_globalid</fieldlabel><fieldentry>cf3a0d6a-e9d6-4561-8388-819c10ffffad</fieldentry></qti_metadatafield><qti_metadatafield><fieldlabel>qmd_displayid</fieldlabel><fieldentry>Sample Course-74140</fieldentry></qti_metadatafield></qtimetadata></itemmetadata><itemproc_extension><d2l_2p0:difficulty>3</d2l_2p0:difficulty><d2l_2p0:isbonus>no</d2l_2p0:isbonus><d2l_2p0:ismandatory>yes</d2l_2p0:ismandatory></itemproc_extension><presentation><flow><material><mattext texttype="text/html">&lt;!--RsQ_004--&gt;&lt;span style="font-family:'Arial';"&gt;Compute the Derivative:&lt;br&gt;&lt;/span&gt;&lt;span style="font-family:'Arial';"&gt;&lt;i&gt;f&lt;/i&gt;&lt;/span&gt;&lt;span style="font-family:'Arial';"&gt;(&lt;/span&gt;&lt;span style="font-family:'Arial';"&gt;&lt;i&gt;x&lt;/i&gt;&lt;/span&gt;&lt;span style="font-family:'Arial';"&gt;) = 4cos(&lt;/span&gt;&lt;span style="font-family:'Arial';"&gt;&lt;i&gt;x&lt;/i&gt;&lt;/span&gt;&lt;span style="font-family:'Arial';"&gt;) &lt;/span&gt;</mattext></material><response_extension><d2l_2p0:display_style>2</d2l_2p0:display_style><d2l_2p0:enumeration>6</d2l_2p0:enumeration><d2l_2p0:grading_type>0</d2l_2p0:grading_type></response_extension><response_lid ident="QUES_42756941_42761022_LID" rcardinality="Single"><render_choice shuffle="no"><flow_label class="Block"><response_label ident="QUES_42756941_42761022_A130832918"><flow_mat><material><mattext texttype="text/html">&lt;span style="font-family:'Arial';"&gt;4sin(&lt;/span&gt;&lt;span style="font-family:'Arial';"&gt;&lt;i&gt;x&lt;/i&gt;&lt;/span&gt;&lt;span style="font-family:'Arial';"&gt;)&amp;nbsp; &lt;/span&gt;</mattext></material></flow_mat></response_label></flow_label><flow_label class="Block"><response_label ident="QUES_42756941_42761022_A130832919"><flow_mat><material><mattext texttype="text/html">&lt;span style="font-family:'Arial';"&gt;-4sin(&lt;/span&gt;&lt;span style="font-family:'Arial';"&gt;&lt;i&gt;x&lt;/i&gt;&lt;/span&gt;&lt;span style="font-family:'Arial';"&gt;)&lt;/span&gt;</mattext></material></flow_mat></response_label></flow_label><flow_label class="Block"><response_label ident="QUES_42756941_42761022_A130832920"><flow_mat><material><mattext texttype="text/html">&lt;span style="font-family:'Arial';"&gt;4cos(&lt;/span&gt;&lt;span style="font-family:'Arial';"&gt;&lt;i&gt;x&lt;/i&gt;&lt;/span&gt;&lt;span style="font-family:'Arial';"&gt;)&amp;nbsp; &lt;/span&gt;</mattext></material></flow_mat></response_label></flow_label><flow_label class="Block"><response_label ident="QUES_42756941_42761022_A130832921"><flow_mat><material><mattext texttype="text/html">&lt;span style="font-family:'Arial';"&gt;-4cos(&lt;/span&gt;&lt;span style="font-family:'Arial';"&gt;&lt;i&gt;x&lt;/i&gt;&lt;/span&gt;&lt;span style="font-family:'Arial';"&gt;)&amp;nbsp;&amp;nbsp; &lt;/span&gt;</mattext></material></flow_mat></response_label></flow_label></render_choice></response_lid></flow></presentation><resprocessing><respcondition title="Response Condition 1"><conditionvar><varequal respident="QUES_42756941_42761022_LID">QUES_42756941_42761022_A130832918</varequal></conditionvar><setvar action="Set">0.000000000</setvar><displayfeedback feedbacktype="Response" linkrefid="QUES_42756941_42761022_IF130832918" /></respcondition><respcondition title="Response Condition 2"><conditionvar><varequal respident="QUES_42756941_42761022_LID">QUES_42756941_42761022_A130832919</varequal></conditionvar><setvar action="Set">100.000000000</setvar><displayfeedback feedbacktype="Response" linkrefid="QUES_42756941_42761022_IF130832919" /></respcondition><respcondition title="Response Condition 3"><conditionvar><varequal respident="QUES_42756941_42761022_LID">QUES_42756941_42761022_A130832920</varequal></conditionvar><setvar action="Set">0.000000000</setvar><displayfeedback feedbacktype="Response" linkrefid="QUES_42756941_42761022_IF130832920" /></respcondition><respcondition title="Response Condition 4"><conditionvar><varequal respident="QUES_42756941_42761022_LID">QUES_42756941_42761022_A130832921</varequal></conditionvar><setvar action="Set">0.000000000</setvar><displayfeedback feedbacktype="Response" linkrefid="QUES_42756941_42761022_IF130832921" /></respcondition></resprocessing><itemfeedback ident="QUES_42756941_42761022_IF130832918"><material><mattext texttype="text/plain" /></material></itemfeedback><itemfeedback ident="QUES_42756941_42761022_IF130832919"><material><mattext texttype="text/plain" /></material></itemfeedback><itemfeedback ident="QUES_42756941_42761022_IF130832920"><material><mattext texttype="text/plain" /></material></itemfeedback><itemfeedback ident="QUES_42756941_42761022_IF130832921"><material><mattext texttype="text/plain" /></material></itemfeedback></item></section></assessment></questestinterop>