﻿<?xml version="1.0" encoding="UTF-8"?><questestinterop xmlns:d2l_2p0="http://desire2learn.com/xsd/d2lcp_v2p0"><assessment d2l_2p0:id="432" title="Approximating Instantaneous Rates of Change PreVideo Questions" ident="res_quiz_122387" d2l_2p0:resource_code="ef9e56cc46d3486a98963923-112"><rubric><flow_mat><material><mattext d2l_2p0:isdisplayed="no" texttype="text/html" /></material></flow_mat></rubric><assessmentcontrol hintswitch="no" solutionswitch="yes" feedbackswitch="no" /><presentation_material><flow_mat><material label="page header"><mattext d2l_2p0:isdisplayed="no" texttype="text/html" /></material><material label="page footer"><mattext d2l_2p0:isdisplayed="no" texttype="text/html" /></material></flow_mat></presentation_material><assess_procextension><d2l_2p0:intro_message d2l_2p0:isdisplayed="yes" texttype="text/html">Respondus</d2l_2p0:intro_message><d2l_2p0:disable_right_click>no</d2l_2p0:disable_right_click><d2l_2p0:disable_pager_access>no</d2l_2p0:disable_pager_access><is_active>yes</is_active><d2l_2p0:date_start /><d2l_2p0:date_end /><d2l_2p0:date_due /><d2l_2p0:has_schedule_event>no</d2l_2p0:has_schedule_event><d2l_2p0:is_attempt_Rldb>no</d2l_2p0:is_attempt_Rldb><d2l_2p0:is_subview_Rldb>no</d2l_2p0:is_subview_Rldb><d2l_2p0:time_limit>120</d2l_2p0:time_limit><d2l_2p0:show_clock>yes</d2l_2p0:show_clock><d2l_2p0:enforce_time_limit>yes</d2l_2p0:enforce_time_limit><d2l_2p0:grace_period>5</d2l_2p0:grace_period><d2l_2p0:late_limit>0</d2l_2p0:late_limit><d2l_2p0:attempts_allowed>3</d2l_2p0:attempts_allowed><d2l_2p0:attempt_restrictions /><d2l_2p0:mark_calculation_type>1</d2l_2p0:mark_calculation_type><d2l_2p0:is_forward_only>no</d2l_2p0:is_forward_only></assess_procextension><assessfeedback title=""><rubric><flow_mat><material><mattext texttype="yes">Your quiz has been submitted successfully.</mattext></material></flow_mat></rubric><d2l_2p0:duration>0</d2l_2p0:duration><d2l_2p0:response_display_type_id>1</d2l_2p0:response_display_type_id><d2l_2p0:show_correct_answers>no</d2l_2p0:show_correct_answers><d2l_2p0:submission_restrictip>no</d2l_2p0:submission_restrictip><d2l_2p0:show_class_average>no</d2l_2p0:show_class_average><d2l_2p0:show_score_distribution>no</d2l_2p0:show_score_distribution></assessfeedback><section ident="CONTAINER_SECTION"><item ident="OBJ_1651123" label="QUES_42756930_42761011" d2l_2p0:page="1"><itemmetadata><qtimetadata><qti_metadatafield><fieldlabel>qmd_computerscored</fieldlabel><fieldentry>yes</fieldentry></qti_metadatafield><qti_metadatafield><fieldlabel>qmd_questiontype</fieldlabel><fieldentry>Multiple Choice</fieldentry></qti_metadatafield><qti_metadatafield><fieldlabel>qmd_weighting</fieldlabel><fieldentry>1.000000000</fieldentry></qti_metadatafield><qti_metadatafield><fieldlabel>qmd_globalid</fieldlabel><fieldentry>28ce2a67-5190-4935-994b-ec4a71c1510a</fieldentry></qti_metadatafield><qti_metadatafield><fieldlabel>qmd_displayid</fieldlabel><fieldentry>Sample Course-74129</fieldentry></qti_metadatafield></qtimetadata></itemmetadata><itemproc_extension><d2l_2p0:difficulty>3</d2l_2p0:difficulty><d2l_2p0:isbonus>no</d2l_2p0:isbonus><d2l_2p0:ismandatory>yes</d2l_2p0:ismandatory></itemproc_extension><presentation><flow><material><mattext texttype="text/html">&lt;!--RsQ_001--&gt;&lt;p&gt;&lt;span style="font-size: 14pt; font-family: 'Avenir Next', sans-serif; color: #292b2c;"&gt;A car speeds up as it drives away from a traffic light. The car&amp;#8217;s GPS unit records its distance from the light in the table below:&lt;/span&gt;&lt;/p&gt;  &lt;p&gt;&lt;br&gt;&lt;/p&gt;  &lt;table border="0" cellspacing="0" cellpadding="0" style="width: 672px; background: white; border-collapse: collapse;"&gt;   &lt;tbody&gt;    &lt;tr&gt;     &lt;td width="192" valign="top" style="width: 2.0in; padding: 0in 0in 0in 0in;"&gt; &lt;p&gt;&lt;span style="font-size: 14pt; font-family: 'Avenir Next', sans-serif;"&gt;Time (seconds)&lt;/span&gt;&lt;/p&gt; &lt;/td&gt;     &lt;td width="192" valign="top" style="width: 2.0in; padding: 0in 0in 0in 0in;"&gt; &lt;p&gt;&lt;span style="font-size: 14pt; font-family: 'Avenir Next', sans-serif;"&gt;Distance (meters)&lt;/span&gt;&lt;/p&gt; &lt;/td&gt;    &lt;/tr&gt;    &lt;tr&gt;     &lt;td width="192" valign="top" style="width: 2.0in; padding: 0in 0in 0in 0in;"&gt; &lt;p&gt;&lt;span style="font-size: 14pt; font-family: 'Avenir Next', sans-serif;"&gt;0&lt;/span&gt;&lt;/p&gt; &lt;/td&gt;     &lt;td width="192" valign="top" style="width: 2.0in; padding: 0in 0in 0in 0in;"&gt; &lt;p&gt;&lt;span style="font-size: 14pt; font-family: 'Avenir Next', sans-serif;"&gt;0&lt;/span&gt;&lt;/p&gt; &lt;/td&gt;    &lt;/tr&gt;    &lt;tr&gt;     &lt;td width="192" valign="top" style="width: 2.0in; padding: 0in 0in 0in 0in;"&gt; &lt;p&gt;&lt;span style="font-size: 14pt; font-family: 'Avenir Next', sans-serif;"&gt;1&lt;/span&gt;&lt;/p&gt; &lt;/td&gt;     &lt;td width="192" valign="top" style="width: 2.0in; padding: 0in 0in 0in 0in;"&gt; &lt;p&gt;&lt;span style="font-size: 14pt; font-family: 'Avenir Next', sans-serif;"&gt;1&lt;/span&gt;&lt;/p&gt; &lt;/td&gt;    &lt;/tr&gt;    &lt;tr&gt;     &lt;td width="192" valign="top" style="width: 2.0in; padding: 0in 0in 0in 0in;"&gt; &lt;p&gt;&lt;span style="font-size: 14pt; font-family: 'Avenir Next', sans-serif;"&gt;2&lt;/span&gt;&lt;/p&gt; &lt;/td&gt;     &lt;td width="192" valign="top" style="width: 2.0in; padding: 0in 0in 0in 0in;"&gt; &lt;p&gt;&lt;span style="font-size: 14pt; font-family: 'Avenir Next', sans-serif;"&gt;3&lt;/span&gt;&lt;/p&gt; &lt;/td&gt;    &lt;/tr&gt;    &lt;tr&gt;     &lt;td width="192" valign="top" style="width: 2.0in; padding: 0in 0in 0in 0in;"&gt; &lt;p&gt;&lt;span style="font-size: 14pt; font-family: 'Avenir Next', sans-serif;"&gt;3&lt;/span&gt;&lt;/p&gt; &lt;/td&gt;     &lt;td width="192" valign="top" style="width: 2.0in; padding: 0in 0in 0in 0in;"&gt; &lt;p&gt;&lt;span style="font-size: 14pt; font-family: 'Avenir Next', sans-serif;"&gt;6&lt;/span&gt;&lt;/p&gt; &lt;/td&gt;    &lt;/tr&gt;    &lt;tr&gt;     &lt;td width="192" valign="top" style="width: 2.0in; padding: 0in 0in 0in 0in;"&gt; &lt;p&gt;&lt;span style="font-size: 14pt; font-family: 'Avenir Next', sans-serif;"&gt;4&lt;/span&gt;&lt;/p&gt; &lt;/td&gt;     &lt;td width="192" valign="top" style="width: 2.0in; padding: 0in 0in 0in 0in;"&gt; &lt;p&gt;&lt;span style="font-size: 14pt; font-family: 'Avenir Next', sans-serif;"&gt;10&lt;/span&gt;&lt;/p&gt; &lt;/td&gt;    &lt;/tr&gt;    &lt;tr&gt;     &lt;td width="192" valign="top" style="width: 2.0in; padding: 0in 0in 0in 0in;"&gt; &lt;p&gt;&lt;span style="font-size: 14pt; font-family: 'Avenir Next', sans-serif;"&gt;5&lt;/span&gt;&lt;/p&gt; &lt;/td&gt;     &lt;td width="192" valign="top" style="width: 2.0in; padding: 0in 0in 0in 0in;"&gt; &lt;p&gt;&lt;span style="font-size: 14pt; font-family: 'Avenir Next', sans-serif;"&gt;15&lt;/span&gt;&lt;/p&gt; &lt;/td&gt;    &lt;/tr&gt;    &lt;tr&gt;     &lt;td width="192" valign="top" style="width: 2.0in; padding: 0in 0in 0in 0in;"&gt; &lt;p&gt;&lt;span style="font-size: 14pt; font-family: 'Avenir Next', sans-serif;"&gt;6&lt;/span&gt;&lt;/p&gt; &lt;/td&gt;     &lt;td width="192" valign="top" style="width: 2.0in; padding: 0in 0in 0in 0in;"&gt; &lt;p&gt;&lt;span style="font-size: 14pt; font-family: 'Avenir Next', sans-serif;"&gt;21&lt;/span&gt;&lt;/p&gt; &lt;/td&gt;    &lt;/tr&gt;    &lt;tr&gt;     &lt;td width="192" valign="top" style="width: 2.0in; padding: 0in 0in 0in 0in;"&gt; &lt;p&gt;&lt;span style="font-size: 14pt; font-family: 'Avenir Next', sans-serif;"&gt;7&lt;/span&gt;&lt;/p&gt; &lt;/td&gt;     &lt;td width="192" valign="top" style="width: 2.0in; padding: 0in 0in 0in 0in;"&gt; &lt;p&gt;&lt;span style="font-size: 14pt; font-family: 'Avenir Next', sans-serif;"&gt;27&lt;/span&gt;&lt;/p&gt; &lt;/td&gt;    &lt;/tr&gt;   &lt;/tbody&gt;  &lt;/table&gt;  &lt;p&gt;&lt;br&gt;&lt;/p&gt;  &lt;p&gt;&lt;span style="font-size: 14pt; font-family: 'Avenir Next', sans-serif;"&gt;Using only the data from the table, what method could you use to find the best possible underestimate to the car&amp;#8217;s speed at the 5-second mark?&lt;/span&gt;&lt;/p&gt;</mattext></material><response_extension><d2l_2p0:display_style>2</d2l_2p0:display_style><d2l_2p0:enumeration>6</d2l_2p0:enumeration><d2l_2p0:grading_type>0</d2l_2p0:grading_type></response_extension><response_lid ident="QUES_42756930_42761011_LID" rcardinality="Single"><render_choice shuffle="no"><flow_label class="Block"><response_label ident="QUES_42756930_42761011_A130832855"><flow_mat><material><mattext texttype="text/html">&lt;p&gt;&lt;span style="font-size: 14.0pt; font-family: 'Avenir Next',sans-serif;"&gt;&lt;IMG src="ppg/respondus/Approximating_Inst_Rates_Of_Change_Pre_BB_Test/129ce187c446fca24e962a36b9f68729__xid14753677_1.png" alt="" align="bottom" border=0&gt;&amp;nbsp; &lt;span style="font-size: 14.0pt; font-family: 'Avenir Next',sans-serif;"&gt;meters per second&lt;/span&gt; &lt;br&gt;&lt;/span&gt;&lt;/p&gt;</mattext></material></flow_mat></response_label></flow_label><flow_label class="Block"><response_label ident="QUES_42756930_42761011_A130832856"><flow_mat><material><mattext texttype="text/html">&lt;p&gt;&lt;IMG src="ppg/respondus/Approximating_Inst_Rates_Of_Change_Pre_BB_Test/4f1bc868a20e2dfff058f3f6522900a7__xid14753678_1.png" alt="" align="bottom" border=0&gt;&amp;nbsp; &lt;span style="font-size: 14.0pt; font-family: 'Avenir Next',sans-serif;"&gt;meters per second&lt;/span&gt;&lt;/p&gt;</mattext></material></flow_mat></response_label></flow_label><flow_label class="Block"><response_label ident="QUES_42756930_42761011_A130832857"><flow_mat><material><mattext texttype="text/html">&lt;p&gt;&lt;span style="font-size: 14.0pt; font-family: 'Avenir Next',sans-serif;"&gt;&lt;IMG src="ppg/respondus/Approximating_Inst_Rates_Of_Change_Pre_BB_Test/9a96130ed857998a84f12a36a2286494__xid14753673_1.png" alt="" align="bottom" border=0&gt;&amp;nbsp;&lt;span style="font-size: 14.0pt; font-family: 'Avenir Next',sans-serif;"&gt;meters per second&lt;/span&gt;&lt;br&gt;&lt;/span&gt;&lt;/p&gt;</mattext></material></flow_mat></response_label></flow_label><flow_label class="Block"><response_label ident="QUES_42756930_42761011_A130832858"><flow_mat><material><mattext texttype="text/html">&lt;p&gt;&lt;span style="font-size: 14.0pt; font-family: 'Avenir Next',sans-serif;"&gt;&lt;IMG src="ppg/respondus/Approximating_Inst_Rates_Of_Change_Pre_BB_Test/a069433a9de68b434bfb886a9dd8b786__xid14753676_1.png" alt="" align="bottom" border=0&gt; &lt;span style="font-size: 14.0pt; font-family: 'Avenir Next',sans-serif;"&gt;meters per second&lt;/span&gt; &lt;br&gt;&lt;/span&gt;&lt;/p&gt;</mattext></material></flow_mat></response_label></flow_label><flow_label class="Block"><response_label ident="QUES_42756930_42761011_A130832859"><flow_mat><material><mattext texttype="text/html">&lt;p&gt;&lt;span style="font-size: 14.0pt; font-family: 'Avenir Next',sans-serif;"&gt;&lt;IMG src="ppg/respondus/Approximating_Inst_Rates_Of_Change_Pre_BB_Test/c05e9894cee16180e253d1b210bd8934__xid14753675_1.png" alt="" align="bottom" border=0&gt; &lt;span style="font-size: 14.0pt; font-family: 'Avenir Next',sans-serif;"&gt;meters per second&lt;/span&gt; &lt;br&gt;&lt;/span&gt;&lt;/p&gt;</mattext></material></flow_mat></response_label></flow_label><flow_label class="Block"><response_label ident="QUES_42756930_42761011_A130832860"><flow_mat><material><mattext texttype="text/html">&lt;p&gt;&lt;IMG src="ppg/respondus/Approximating_Inst_Rates_Of_Change_Pre_BB_Test/78c01d76b7375d5e78c03482d47db1c0__xid14753674_1.png" alt="" align="bottom" border=0&gt;&amp;nbsp; &lt;span style="font-size: 14.0pt; font-family: 'Avenir Next',sans-serif;"&gt;meters per second&lt;/span&gt;&lt;/p&gt;</mattext></material></flow_mat></response_label></flow_label><flow_label class="Block"><response_label ident="QUES_42756930_42761011_A130832861"><flow_mat><material><mattext texttype="text/html">&lt;p&gt;&lt;span style="font-size: 14.0pt; font-family: 'Avenir Next',sans-serif;"&gt;Take the average of b. and c.&lt;/span&gt;&lt;/p&gt;</mattext></material></flow_mat></response_label></flow_label></render_choice></response_lid></flow></presentation><resprocessing><respcondition title="Response Condition 1"><conditionvar><varequal respident="QUES_42756930_42761011_LID">QUES_42756930_42761011_A130832855</varequal></conditionvar><setvar action="Set">0.000000000</setvar><displayfeedback feedbacktype="Response" linkrefid="QUES_42756930_42761011_IF130832855" /></respcondition><respcondition title="Response Condition 2"><conditionvar><varequal respident="QUES_42756930_42761011_LID">QUES_42756930_42761011_A130832856</varequal></conditionvar><setvar action="Set">100.000000000</setvar><displayfeedback feedbacktype="Response" linkrefid="QUES_42756930_42761011_IF130832856" /></respcondition><respcondition title="Response Condition 3"><conditionvar><varequal respident="QUES_42756930_42761011_LID">QUES_42756930_42761011_A130832857</varequal></conditionvar><setvar action="Set">0.000000000</setvar><displayfeedback feedbacktype="Response" linkrefid="QUES_42756930_42761011_IF130832857" /></respcondition><respcondition title="Response Condition 4"><conditionvar><varequal respident="QUES_42756930_42761011_LID">QUES_42756930_42761011_A130832858</varequal></conditionvar><setvar action="Set">0.000000000</setvar><displayfeedback feedbacktype="Response" linkrefid="QUES_42756930_42761011_IF130832858" /></respcondition><respcondition title="Response Condition 5"><conditionvar><varequal respident="QUES_42756930_42761011_LID">QUES_42756930_42761011_A130832859</varequal></conditionvar><setvar action="Set">0.000000000</setvar><displayfeedback feedbacktype="Response" linkrefid="QUES_42756930_42761011_IF130832859" /></respcondition><respcondition title="Response Condition 6"><conditionvar><varequal respident="QUES_42756930_42761011_LID">QUES_42756930_42761011_A130832860</varequal></conditionvar><setvar action="Set">0.000000000</setvar><displayfeedback feedbacktype="Response" linkrefid="QUES_42756930_42761011_IF130832860" /></respcondition><respcondition title="Response Condition 7"><conditionvar><varequal respident="QUES_42756930_42761011_LID">QUES_42756930_42761011_A130832861</varequal></conditionvar><setvar action="Set">0.000000000</setvar><displayfeedback feedbacktype="Response" linkrefid="QUES_42756930_42761011_IF130832861" /></respcondition></resprocessing><itemfeedback ident="QUES_42756930_42761011_IF130832855"><material><mattext texttype="text/plain" /></material></itemfeedback><itemfeedback ident="QUES_42756930_42761011_IF130832856"><material><mattext texttype="text/plain" /></material></itemfeedback><itemfeedback ident="QUES_42756930_42761011_IF130832857"><material><mattext texttype="text/plain" /></material></itemfeedback><itemfeedback ident="QUES_42756930_42761011_IF130832858"><material><mattext texttype="text/plain" /></material></itemfeedback><itemfeedback ident="QUES_42756930_42761011_IF130832859"><material><mattext texttype="text/plain" /></material></itemfeedback><itemfeedback ident="QUES_42756930_42761011_IF130832860"><material><mattext texttype="text/plain" /></material></itemfeedback><itemfeedback ident="QUES_42756930_42761011_IF130832861"><material><mattext texttype="text/plain" /></material></itemfeedback></item><item ident="OBJ_1651124" label="QUES_42756931_42761012" d2l_2p0:page="1"><itemmetadata><qtimetadata><qti_metadatafield><fieldlabel>qmd_computerscored</fieldlabel><fieldentry>yes</fieldentry></qti_metadatafield><qti_metadatafield><fieldlabel>qmd_questiontype</fieldlabel><fieldentry>Multiple Choice</fieldentry></qti_metadatafield><qti_metadatafield><fieldlabel>qmd_weighting</fieldlabel><fieldentry>1.000000000</fieldentry></qti_metadatafield><qti_metadatafield><fieldlabel>qmd_globalid</fieldlabel><fieldentry>dd30f4cb-5320-4f4d-95f3-b51957c58877</fieldentry></qti_metadatafield><qti_metadatafield><fieldlabel>qmd_displayid</fieldlabel><fieldentry>Sample Course-74130</fieldentry></qti_metadatafield></qtimetadata></itemmetadata><itemproc_extension><d2l_2p0:difficulty>3</d2l_2p0:difficulty><d2l_2p0:isbonus>no</d2l_2p0:isbonus><d2l_2p0:ismandatory>yes</d2l_2p0:ismandatory></itemproc_extension><presentation><flow><material><mattext texttype="text/html">&lt;!--RsQ_002--&gt;&lt;p&gt;&lt;span style="font-size: 14pt; font-family: 'Avenir Next', sans-serif; color: #292b2c;"&gt;A car speeds up as it drives away from a traffic light. The car&amp;#8217;s GPS unit records its distance from the light in the table below:&lt;/span&gt;&lt;/p&gt;  &lt;p&gt;&lt;br&gt;&lt;/p&gt;  &lt;table border="0" cellspacing="0" cellpadding="0" style="width: 672px; background: white; border-collapse: collapse;"&gt;   &lt;tbody&gt;    &lt;tr&gt;     &lt;td width="192" valign="top" style="width: 2.0in; padding: 0in 0in 0in 0in;"&gt; &lt;p&gt;&lt;span style="font-size: 14pt; font-family: 'Avenir Next', sans-serif;"&gt;Time (seconds)&lt;/span&gt;&lt;/p&gt; &lt;/td&gt;     &lt;td width="192" valign="top" style="width: 2.0in; padding: 0in 0in 0in 0in;"&gt; &lt;p&gt;&lt;span style="font-size: 14pt; font-family: 'Avenir Next', sans-serif;"&gt;Distance (meters)&lt;/span&gt;&lt;/p&gt; &lt;/td&gt;    &lt;/tr&gt;    &lt;tr&gt;     &lt;td width="192" valign="top" style="width: 2.0in; padding: 0in 0in 0in 0in;"&gt; &lt;p&gt;&lt;span style="font-size: 14pt; font-family: 'Avenir Next', sans-serif;"&gt;0&lt;/span&gt;&lt;/p&gt; &lt;/td&gt;     &lt;td width="192" valign="top" style="width: 2.0in; padding: 0in 0in 0in 0in;"&gt; &lt;p&gt;&lt;span style="font-size: 14pt; font-family: 'Avenir Next', sans-serif;"&gt;0&lt;/span&gt;&lt;/p&gt; &lt;/td&gt;    &lt;/tr&gt;    &lt;tr&gt;     &lt;td width="192" valign="top" style="width: 2.0in; padding: 0in 0in 0in 0in;"&gt; &lt;p&gt;&lt;span style="font-size: 14pt; font-family: 'Avenir Next', sans-serif;"&gt;1&lt;/span&gt;&lt;/p&gt; &lt;/td&gt;     &lt;td width="192" valign="top" style="width: 2.0in; padding: 0in 0in 0in 0in;"&gt; &lt;p&gt;&lt;span style="font-size: 14pt; font-family: 'Avenir Next', sans-serif;"&gt;1&lt;/span&gt;&lt;/p&gt; &lt;/td&gt;    &lt;/tr&gt;    &lt;tr&gt;     &lt;td width="192" valign="top" style="width: 2.0in; padding: 0in 0in 0in 0in;"&gt; &lt;p&gt;&lt;span style="font-size: 14pt; font-family: 'Avenir Next', sans-serif;"&gt;2&lt;/span&gt;&lt;/p&gt; &lt;/td&gt;     &lt;td width="192" valign="top" style="width: 2.0in; padding: 0in 0in 0in 0in;"&gt; &lt;p&gt;&lt;span style="font-size: 14pt; font-family: 'Avenir Next', sans-serif;"&gt;3&lt;/span&gt;&lt;/p&gt; &lt;/td&gt;    &lt;/tr&gt;    &lt;tr&gt;     &lt;td width="192" valign="top" style="width: 2.0in; padding: 0in 0in 0in 0in;"&gt; &lt;p&gt;&lt;span style="font-size: 14pt; font-family: 'Avenir Next', sans-serif;"&gt;3&lt;/span&gt;&lt;/p&gt; &lt;/td&gt;     &lt;td width="192" valign="top" style="width: 2.0in; padding: 0in 0in 0in 0in;"&gt; &lt;p&gt;&lt;span style="font-size: 14pt; font-family: 'Avenir Next', sans-serif;"&gt;6&lt;/span&gt;&lt;/p&gt; &lt;/td&gt;    &lt;/tr&gt;    &lt;tr&gt;     &lt;td width="192" valign="top" style="width: 2.0in; padding: 0in 0in 0in 0in;"&gt; &lt;p&gt;&lt;span style="font-size: 14pt; font-family: 'Avenir Next', sans-serif;"&gt;4&lt;/span&gt;&lt;/p&gt; &lt;/td&gt;     &lt;td width="192" valign="top" style="width: 2.0in; padding: 0in 0in 0in 0in;"&gt; &lt;p&gt;&lt;span style="font-size: 14pt; font-family: 'Avenir Next', sans-serif;"&gt;10&lt;/span&gt;&lt;/p&gt; &lt;/td&gt;    &lt;/tr&gt;    &lt;tr&gt;     &lt;td width="192" valign="top" style="width: 2.0in; padding: 0in 0in 0in 0in;"&gt; &lt;p&gt;&lt;span style="font-size: 14pt; font-family: 'Avenir Next', sans-serif;"&gt;5&lt;/span&gt;&lt;/p&gt; &lt;/td&gt;     &lt;td width="192" valign="top" style="width: 2.0in; padding: 0in 0in 0in 0in;"&gt; &lt;p&gt;&lt;span style="font-size: 14pt; font-family: 'Avenir Next', sans-serif;"&gt;15&lt;/span&gt;&lt;/p&gt; &lt;/td&gt;    &lt;/tr&gt;    &lt;tr&gt;     &lt;td width="192" valign="top" style="width: 2.0in; padding: 0in 0in 0in 0in;"&gt; &lt;p&gt;&lt;span style="font-size: 14pt; font-family: 'Avenir Next', sans-serif;"&gt;6&lt;/span&gt;&lt;/p&gt; &lt;/td&gt;     &lt;td width="192" valign="top" style="width: 2.0in; padding: 0in 0in 0in 0in;"&gt; &lt;p&gt;&lt;span style="font-size: 14pt; font-family: 'Avenir Next', sans-serif;"&gt;21&lt;/span&gt;&lt;/p&gt; &lt;/td&gt;    &lt;/tr&gt;    &lt;tr&gt;     &lt;td width="192" valign="top" style="width: 2.0in; padding: 0in 0in 0in 0in;"&gt; &lt;p&gt;&lt;span style="font-size: 14pt; font-family: 'Avenir Next', sans-serif;"&gt;7&lt;/span&gt;&lt;/p&gt; &lt;/td&gt;     &lt;td width="192" valign="top" style="width: 2.0in; padding: 0in 0in 0in 0in;"&gt; &lt;p&gt;&lt;span style="font-size: 14pt; font-family: 'Avenir Next', sans-serif;"&gt;27&lt;/span&gt;&lt;/p&gt; &lt;/td&gt;    &lt;/tr&gt;   &lt;/tbody&gt;  &lt;/table&gt;  &lt;p&gt;&lt;br&gt;&lt;/p&gt;  &lt;p&gt;&lt;span style="font-size: 14pt; font-family: 'Avenir Next', sans-serif;"&gt;&lt;span style="font-size: 14.0pt; font-family: 'Avenir Next',sans-serif;"&gt;Which statement below best explains why the value you found underestimates the car&amp;#8217;s speed at 5 seconds?&lt;/span&gt;&lt;/span&gt;&lt;/p&gt;</mattext></material><response_extension><d2l_2p0:display_style>2</d2l_2p0:display_style><d2l_2p0:enumeration>6</d2l_2p0:enumeration><d2l_2p0:grading_type>0</d2l_2p0:grading_type></response_extension><response_lid ident="QUES_42756931_42761012_LID" rcardinality="Single"><render_choice shuffle="no"><flow_label class="Block"><response_label ident="QUES_42756931_42761012_A130832862"><flow_mat><material><mattext texttype="text/html">&lt;p&gt;&lt;span style="font-size: 14.0pt; font-family: 'Avenir Next',sans-serif;"&gt;Because I used a time less than 5 seconds.&lt;/span&gt;&lt;/p&gt;  &lt;p&gt;&lt;span style="font-size: 14.0pt; font-family: 'Avenir Next',sans-serif;"&gt; &lt;br&gt;&lt;/span&gt;&lt;/p&gt;</mattext></material></flow_mat></response_label></flow_label><flow_label class="Block"><response_label ident="QUES_42756931_42761012_A130832863"><flow_mat><material><mattext texttype="text/html">&lt;p&gt;&lt;span style="font-size: 14.0pt; font-family: 'Avenir Next',sans-serif;"&gt;Because I used a time greater than 5 seconds. &lt;span style="text-decoration: underline;"&gt;&lt;/span&gt;&lt;/span&gt;&lt;/p&gt;</mattext></material></flow_mat></response_label></flow_label><flow_label class="Block"><response_label ident="QUES_42756931_42761012_A130832864"><flow_mat><material><mattext texttype="text/html">&lt;p&gt;&lt;span style="font-size: 14.0pt; font-family: 'Avenir Next',sans-serif;"&gt;Because I used an interval of time that includes 5 seconds.&lt;/span&gt;&lt;/p&gt;  &lt;p&gt;&lt;span style="font-size: 14.0pt; font-family: 'Avenir Next',sans-serif;"&gt; &lt;br&gt;&lt;/span&gt;&lt;/p&gt;</mattext></material></flow_mat></response_label></flow_label><flow_label class="Block"><response_label ident="QUES_42756931_42761012_A130832865"><flow_mat><material><mattext texttype="text/html">&lt;p&gt;&lt;span style="font-size: 14.0pt; font-family: 'Avenir Next',sans-serif;"&gt;Because the value I got for meters per second would be less than all other values for meters per second.&lt;/span&gt;&lt;/p&gt;  &lt;p&gt;&lt;span style="font-size: 14.0pt; font-family: 'Avenir Next',sans-serif;"&gt; &lt;br&gt;&lt;/span&gt;&lt;/p&gt;</mattext></material></flow_mat></response_label></flow_label><flow_label class="Block"><response_label ident="QUES_42756931_42761012_A130832866"><flow_mat><material><mattext texttype="text/html">&lt;p&gt;&lt;span style="font-size: 14.0pt; font-family: 'Avenir Next',sans-serif;"&gt;Because the car&amp;#8217;s speed is always increasing, an average speed over an interval of time prior to 5 seconds must be an underestimate.&lt;/span&gt;&lt;/p&gt;</mattext></material></flow_mat></response_label></flow_label><flow_label class="Block"><response_label ident="QUES_42756931_42761012_A130832867"><flow_mat><material><mattext texttype="text/html">&lt;p&gt;&lt;span style="font-size: 14.0pt; font-family: 'Avenir Next',sans-serif;"&gt;Because the car&amp;#8217;s speed is always increasing, an average speed over an interval of time after 5 seconds must be an underestimate. &lt;/span&gt;&lt;/p&gt;</mattext></material></flow_mat></response_label></flow_label></render_choice></response_lid></flow></presentation><resprocessing><respcondition title="Response Condition 1"><conditionvar><varequal respident="QUES_42756931_42761012_LID">QUES_42756931_42761012_A130832862</varequal></conditionvar><setvar action="Set">0.000000000</setvar><displayfeedback feedbacktype="Response" linkrefid="QUES_42756931_42761012_IF130832862" /></respcondition><respcondition title="Response Condition 2"><conditionvar><varequal respident="QUES_42756931_42761012_LID">QUES_42756931_42761012_A130832863</varequal></conditionvar><setvar action="Set">0.000000000</setvar><displayfeedback feedbacktype="Response" linkrefid="QUES_42756931_42761012_IF130832863" /></respcondition><respcondition title="Response Condition 3"><conditionvar><varequal respident="QUES_42756931_42761012_LID">QUES_42756931_42761012_A130832864</varequal></conditionvar><setvar action="Set">0.000000000</setvar><displayfeedback feedbacktype="Response" linkrefid="QUES_42756931_42761012_IF130832864" /></respcondition><respcondition title="Response Condition 4"><conditionvar><varequal respident="QUES_42756931_42761012_LID">QUES_42756931_42761012_A130832865</varequal></conditionvar><setvar action="Set">0.000000000</setvar><displayfeedback feedbacktype="Response" linkrefid="QUES_42756931_42761012_IF130832865" /></respcondition><respcondition title="Response Condition 5"><conditionvar><varequal respident="QUES_42756931_42761012_LID">QUES_42756931_42761012_A130832866</varequal></conditionvar><setvar action="Set">100.000000000</setvar><displayfeedback feedbacktype="Response" linkrefid="QUES_42756931_42761012_IF130832866" /></respcondition><respcondition title="Response Condition 6"><conditionvar><varequal respident="QUES_42756931_42761012_LID">QUES_42756931_42761012_A130832867</varequal></conditionvar><setvar action="Set">0.000000000</setvar><displayfeedback feedbacktype="Response" linkrefid="QUES_42756931_42761012_IF130832867" /></respcondition></resprocessing><itemfeedback ident="QUES_42756931_42761012_IF130832862"><material><mattext texttype="text/plain" /></material></itemfeedback><itemfeedback ident="QUES_42756931_42761012_IF130832863"><material><mattext texttype="text/plain" /></material></itemfeedback><itemfeedback ident="QUES_42756931_42761012_IF130832864"><material><mattext texttype="text/plain" /></material></itemfeedback><itemfeedback ident="QUES_42756931_42761012_IF130832865"><material><mattext texttype="text/plain" /></material></itemfeedback><itemfeedback ident="QUES_42756931_42761012_IF130832866"><material><mattext texttype="text/plain" /></material></itemfeedback><itemfeedback ident="QUES_42756931_42761012_IF130832867"><material><mattext texttype="text/plain" /></material></itemfeedback></item><item ident="OBJ_1651125" label="QUES_42756932_42761013" d2l_2p0:page="1"><itemmetadata><qtimetadata><qti_metadatafield><fieldlabel>qmd_computerscored</fieldlabel><fieldentry>yes</fieldentry></qti_metadatafield><qti_metadatafield><fieldlabel>qmd_questiontype</fieldlabel><fieldentry>Multiple Choice</fieldentry></qti_metadatafield><qti_metadatafield><fieldlabel>qmd_weighting</fieldlabel><fieldentry>1.000000000</fieldentry></qti_metadatafield><qti_metadatafield><fieldlabel>qmd_globalid</fieldlabel><fieldentry>748afa6e-af63-4738-b4ac-6fa110ab784c</fieldentry></qti_metadatafield><qti_metadatafield><fieldlabel>qmd_displayid</fieldlabel><fieldentry>Sample Course-74131</fieldentry></qti_metadatafield></qtimetadata></itemmetadata><itemproc_extension><d2l_2p0:difficulty>3</d2l_2p0:difficulty><d2l_2p0:isbonus>no</d2l_2p0:isbonus><d2l_2p0:ismandatory>yes</d2l_2p0:ismandatory></itemproc_extension><presentation><flow><material><mattext texttype="text/html">&lt;!--RsQ_003--&gt;&lt;p&gt;&lt;span style="font-size: 14pt; font-family: 'Avenir Next', sans-serif; color: #292b2c;"&gt;A car speeds up as it drives away from a traffic light. The car&amp;#8217;s GPS unit records its distance from the light in the table below:&lt;/span&gt;&lt;/p&gt;  &lt;p&gt;&lt;br&gt;&lt;/p&gt;  &lt;table border="0" cellspacing="0" cellpadding="0" style="width: 672px; background: white; border-collapse: collapse;"&gt;   &lt;tbody&gt;    &lt;tr&gt;     &lt;td width="192" valign="top" style="width: 2.0in; padding: 0in 0in 0in 0in;"&gt; &lt;p&gt;&lt;span style="font-size: 14pt; font-family: 'Avenir Next', sans-serif;"&gt;Time (seconds)&lt;/span&gt;&lt;/p&gt; &lt;/td&gt;     &lt;td width="192" valign="top" style="width: 2.0in; padding: 0in 0in 0in 0in;"&gt; &lt;p&gt;&lt;span style="font-size: 14pt; font-family: 'Avenir Next', sans-serif;"&gt;Distance (meters)&lt;/span&gt;&lt;/p&gt; &lt;/td&gt;    &lt;/tr&gt;    &lt;tr&gt;     &lt;td width="192" valign="top" style="width: 2.0in; padding: 0in 0in 0in 0in;"&gt; &lt;p&gt;&lt;span style="font-size: 14pt; font-family: 'Avenir Next', sans-serif;"&gt;0&lt;/span&gt;&lt;/p&gt; &lt;/td&gt;     &lt;td width="192" valign="top" style="width: 2.0in; padding: 0in 0in 0in 0in;"&gt; &lt;p&gt;&lt;span style="font-size: 14pt; font-family: 'Avenir Next', sans-serif;"&gt;0&lt;/span&gt;&lt;/p&gt; &lt;/td&gt;    &lt;/tr&gt;    &lt;tr&gt;     &lt;td width="192" valign="top" style="width: 2.0in; padding: 0in 0in 0in 0in;"&gt; &lt;p&gt;&lt;span style="font-size: 14pt; font-family: 'Avenir Next', sans-serif;"&gt;1&lt;/span&gt;&lt;/p&gt; &lt;/td&gt;     &lt;td width="192" valign="top" style="width: 2.0in; padding: 0in 0in 0in 0in;"&gt; &lt;p&gt;&lt;span style="font-size: 14pt; font-family: 'Avenir Next', sans-serif;"&gt;1&lt;/span&gt;&lt;/p&gt; &lt;/td&gt;    &lt;/tr&gt;    &lt;tr&gt;     &lt;td width="192" valign="top" style="width: 2.0in; padding: 0in 0in 0in 0in;"&gt; &lt;p&gt;&lt;span style="font-size: 14pt; font-family: 'Avenir Next', sans-serif;"&gt;2&lt;/span&gt;&lt;/p&gt; &lt;/td&gt;     &lt;td width="192" valign="top" style="width: 2.0in; padding: 0in 0in 0in 0in;"&gt; &lt;p&gt;&lt;span style="font-size: 14pt; font-family: 'Avenir Next', sans-serif;"&gt;3&lt;/span&gt;&lt;/p&gt; &lt;/td&gt;    &lt;/tr&gt;    &lt;tr&gt;     &lt;td width="192" valign="top" style="width: 2.0in; padding: 0in 0in 0in 0in;"&gt; &lt;p&gt;&lt;span style="font-size: 14pt; font-family: 'Avenir Next', sans-serif;"&gt;3&lt;/span&gt;&lt;/p&gt; &lt;/td&gt;     &lt;td width="192" valign="top" style="width: 2.0in; padding: 0in 0in 0in 0in;"&gt; &lt;p&gt;&lt;span style="font-size: 14pt; font-family: 'Avenir Next', sans-serif;"&gt;6&lt;/span&gt;&lt;/p&gt; &lt;/td&gt;    &lt;/tr&gt;    &lt;tr&gt;     &lt;td width="192" valign="top" style="width: 2.0in; padding: 0in 0in 0in 0in;"&gt; &lt;p&gt;&lt;span style="font-size: 14pt; font-family: 'Avenir Next', sans-serif;"&gt;4&lt;/span&gt;&lt;/p&gt; &lt;/td&gt;     &lt;td width="192" valign="top" style="width: 2.0in; padding: 0in 0in 0in 0in;"&gt; &lt;p&gt;&lt;span style="font-size: 14pt; font-family: 'Avenir Next', sans-serif;"&gt;10&lt;/span&gt;&lt;/p&gt; &lt;/td&gt;    &lt;/tr&gt;    &lt;tr&gt;     &lt;td width="192" valign="top" style="width: 2.0in; padding: 0in 0in 0in 0in;"&gt; &lt;p&gt;&lt;span style="font-size: 14pt; font-family: 'Avenir Next', sans-serif;"&gt;5&lt;/span&gt;&lt;/p&gt; &lt;/td&gt;     &lt;td width="192" valign="top" style="width: 2.0in; padding: 0in 0in 0in 0in;"&gt; &lt;p&gt;&lt;span style="font-size: 14pt; font-family: 'Avenir Next', sans-serif;"&gt;15&lt;/span&gt;&lt;/p&gt; &lt;/td&gt;    &lt;/tr&gt;    &lt;tr&gt;     &lt;td width="192" valign="top" style="width: 2.0in; padding: 0in 0in 0in 0in;"&gt; &lt;p&gt;&lt;span style="font-size: 14pt; font-family: 'Avenir Next', sans-serif;"&gt;6&lt;/span&gt;&lt;/p&gt; &lt;/td&gt;     &lt;td width="192" valign="top" style="width: 2.0in; padding: 0in 0in 0in 0in;"&gt; &lt;p&gt;&lt;span style="font-size: 14pt; font-family: 'Avenir Next', sans-serif;"&gt;21&lt;/span&gt;&lt;/p&gt; &lt;/td&gt;    &lt;/tr&gt;    &lt;tr&gt;     &lt;td width="192" valign="top" style="width: 2.0in; padding: 0in 0in 0in 0in;"&gt; &lt;p&gt;&lt;span style="font-size: 14pt; font-family: 'Avenir Next', sans-serif;"&gt;7&lt;/span&gt;&lt;/p&gt; &lt;/td&gt;     &lt;td width="192" valign="top" style="width: 2.0in; padding: 0in 0in 0in 0in;"&gt; &lt;p&gt;&lt;span style="font-size: 14pt; font-family: 'Avenir Next', sans-serif;"&gt;27&lt;/span&gt;&lt;/p&gt; &lt;/td&gt;    &lt;/tr&gt;   &lt;/tbody&gt;  &lt;/table&gt;  &lt;p&gt;&lt;br&gt;&lt;/p&gt;  &lt;p&gt;&lt;span style="font-size: 14pt; font-family: 'Avenir Next', sans-serif;"&gt;&lt;span style="font-size: 14.0pt; font-family: 'Avenir Next',sans-serif;"&gt;&lt;span style="font-family: 'Avenir Next', sans-serif; font-size: 14pt;"&gt;What additional information might you need to improve your underestimate to the car&amp;#8217;s speed at the 5-second mark?&lt;/span&gt;&lt;/span&gt;&lt;/span&gt;&lt;/p&gt;  &lt;p&gt;&lt;br&gt;&lt;/p&gt;</mattext></material><response_extension><d2l_2p0:display_style>2</d2l_2p0:display_style><d2l_2p0:enumeration>6</d2l_2p0:enumeration><d2l_2p0:grading_type>0</d2l_2p0:grading_type></response_extension><response_lid ident="QUES_42756932_42761013_LID" rcardinality="Single"><render_choice shuffle="no"><flow_label class="Block"><response_label ident="QUES_42756932_42761013_A130832868"><flow_mat><material><mattext texttype="text/html">&lt;p&gt;&lt;span style="font-size: 14.0pt; font-family: 'Avenir Next',sans-serif;"&gt;I do not need to make an improvement because the speed I calculated &lt;i&gt;is&lt;/i&gt; the car&amp;#8217;s speed at the 5-second mark.&lt;/span&gt;&lt;/p&gt;</mattext></material></flow_mat></response_label></flow_label><flow_label class="Block"><response_label ident="QUES_42756932_42761013_A130832869"><flow_mat><material><mattext texttype="text/html">&lt;p&gt;&lt;span style="font-size: 14.0pt; font-family: 'Avenir Next',sans-serif;"&gt; &lt;span style="font-size: 14.0pt; font-family: 'Avenir Next',sans-serif;"&gt;Use a different pair of points from the table to underestimate the speed. &lt;/span&gt; &lt;br&gt;&lt;span style="text-decoration: underline;"&gt;&lt;/span&gt;&lt;/span&gt;&lt;/p&gt;</mattext></material></flow_mat></response_label></flow_label><flow_label class="Block"><response_label ident="QUES_42756932_42761013_A130832870"><flow_mat><material><mattext texttype="text/html">&lt;p&gt;&lt;span style="font-size: 14.0pt; font-family: 'Avenir Next',sans-serif;"&gt;Use two pairs of points from the table to compute two speeds, then average these speeds.&lt;/span&gt;&lt;/p&gt;  &lt;p&gt;&lt;span style="font-size: 14.0pt; font-family: 'Avenir Next',sans-serif;"&gt; &lt;br&gt;&lt;/span&gt;&lt;/p&gt;</mattext></material></flow_mat></response_label></flow_label><flow_label class="Block"><response_label ident="QUES_42756932_42761013_A130832871"><flow_mat><material><mattext texttype="text/html">&lt;p&gt;&lt;span style="font-size: 14.0pt; font-family: 'Avenir Next',sans-serif;"&gt;Use a larger interval of time (e.g., if I originally used a 1-second time interval, a 2-second time interval would improve my approximation).&lt;/span&gt;&lt;/p&gt;  &lt;p&gt;&lt;span style="font-size: 14.0pt; font-family: 'Avenir Next',sans-serif;"&gt; &lt;br&gt;&lt;/span&gt;&lt;/p&gt;  &lt;p&gt;&lt;span style="font-size: 14.0pt; font-family: 'Avenir Next',sans-serif;"&gt; &lt;br&gt;&lt;/span&gt;&lt;/p&gt;</mattext></material></flow_mat></response_label></flow_label><flow_label class="Block"><response_label ident="QUES_42756932_42761013_A130832872"><flow_mat><material><mattext texttype="text/html">&lt;p&gt;&lt;span style="font-size: 14.0pt; font-family: 'Avenir Next',sans-serif;"&gt; &lt;span style="font-size: 14.0pt; font-family: 'Avenir Next',sans-serif;"&gt;Use a smaller time interval (which might require additional data). &lt;/span&gt; &lt;br&gt;&lt;/span&gt;&lt;/p&gt;</mattext></material></flow_mat></response_label></flow_label></render_choice></response_lid></flow></presentation><resprocessing><respcondition title="Response Condition 1"><conditionvar><varequal respident="QUES_42756932_42761013_LID">QUES_42756932_42761013_A130832868</varequal></conditionvar><setvar action="Set">0.000000000</setvar><displayfeedback feedbacktype="Response" linkrefid="QUES_42756932_42761013_IF130832868" /></respcondition><respcondition title="Response Condition 2"><conditionvar><varequal respident="QUES_42756932_42761013_LID">QUES_42756932_42761013_A130832869</varequal></conditionvar><setvar action="Set">0.000000000</setvar><displayfeedback feedbacktype="Response" linkrefid="QUES_42756932_42761013_IF130832869" /></respcondition><respcondition title="Response Condition 3"><conditionvar><varequal respident="QUES_42756932_42761013_LID">QUES_42756932_42761013_A130832870</varequal></conditionvar><setvar action="Set">0.000000000</setvar><displayfeedback feedbacktype="Response" linkrefid="QUES_42756932_42761013_IF130832870" /></respcondition><respcondition title="Response Condition 4"><conditionvar><varequal respident="QUES_42756932_42761013_LID">QUES_42756932_42761013_A130832871</varequal></conditionvar><setvar action="Set">0.000000000</setvar><displayfeedback feedbacktype="Response" linkrefid="QUES_42756932_42761013_IF130832871" /></respcondition><respcondition title="Response Condition 5"><conditionvar><varequal respident="QUES_42756932_42761013_LID">QUES_42756932_42761013_A130832872</varequal></conditionvar><setvar action="Set">100.000000000</setvar><displayfeedback feedbacktype="Response" linkrefid="QUES_42756932_42761013_IF130832872" /></respcondition></resprocessing><itemfeedback ident="QUES_42756932_42761013_IF130832868"><material><mattext texttype="text/plain" /></material></itemfeedback><itemfeedback ident="QUES_42756932_42761013_IF130832869"><material><mattext texttype="text/plain" /></material></itemfeedback><itemfeedback ident="QUES_42756932_42761013_IF130832870"><material><mattext texttype="text/plain" /></material></itemfeedback><itemfeedback ident="QUES_42756932_42761013_IF130832871"><material><mattext texttype="text/plain" /></material></itemfeedback><itemfeedback ident="QUES_42756932_42761013_IF130832872"><material><mattext texttype="text/plain" /></material></itemfeedback></item></section></assessment></questestinterop>