﻿<?xml version="1.0" encoding="UTF-8"?><questestinterop xmlns:d2l_2p0="http://desire2learn.com/xsd/d2lcp_v2p0"><assessment d2l_2p0:id="476" title="Graphing Derivatives PreVideo Questions" ident="res_quiz_122431" d2l_2p0:resource_code="ef9e56cc46d3486a98963923-156"><rubric><flow_mat><material><mattext d2l_2p0:isdisplayed="no" texttype="text/html" /></material></flow_mat></rubric><assessmentcontrol hintswitch="no" solutionswitch="yes" feedbackswitch="no" /><presentation_material><flow_mat><material label="page header"><mattext d2l_2p0:isdisplayed="no" texttype="text/html" /></material><material label="page footer"><mattext d2l_2p0:isdisplayed="no" texttype="text/html" /></material></flow_mat></presentation_material><assess_procextension><d2l_2p0:intro_message d2l_2p0:isdisplayed="yes" texttype="text/html">Respondus</d2l_2p0:intro_message><d2l_2p0:disable_right_click>no</d2l_2p0:disable_right_click><d2l_2p0:disable_pager_access>no</d2l_2p0:disable_pager_access><is_active>yes</is_active><d2l_2p0:date_start /><d2l_2p0:date_end /><d2l_2p0:date_due /><d2l_2p0:has_schedule_event>no</d2l_2p0:has_schedule_event><d2l_2p0:is_attempt_Rldb>no</d2l_2p0:is_attempt_Rldb><d2l_2p0:is_subview_Rldb>no</d2l_2p0:is_subview_Rldb><d2l_2p0:time_limit>120</d2l_2p0:time_limit><d2l_2p0:show_clock>yes</d2l_2p0:show_clock><d2l_2p0:enforce_time_limit>yes</d2l_2p0:enforce_time_limit><d2l_2p0:grace_period>5</d2l_2p0:grace_period><d2l_2p0:late_limit>0</d2l_2p0:late_limit><d2l_2p0:attempts_allowed>3</d2l_2p0:attempts_allowed><d2l_2p0:attempt_restrictions /><d2l_2p0:mark_calculation_type>1</d2l_2p0:mark_calculation_type><d2l_2p0:is_forward_only>no</d2l_2p0:is_forward_only></assess_procextension><assessfeedback title=""><rubric><flow_mat><material><mattext texttype="yes">Your quiz has been submitted successfully.</mattext></material></flow_mat></rubric><d2l_2p0:duration>0</d2l_2p0:duration><d2l_2p0:response_display_type_id>1</d2l_2p0:response_display_type_id><d2l_2p0:show_correct_answers>no</d2l_2p0:show_correct_answers><d2l_2p0:submission_restrictip>no</d2l_2p0:submission_restrictip><d2l_2p0:show_class_average>no</d2l_2p0:show_class_average><d2l_2p0:show_score_distribution>no</d2l_2p0:show_score_distribution></assessfeedback><section ident="CONTAINER_SECTION"><item ident="OBJ_1651238" label="QUES_42757045_42761126" d2l_2p0:page="1"><itemmetadata><qtimetadata><qti_metadatafield><fieldlabel>qmd_computerscored</fieldlabel><fieldentry>yes</fieldentry></qti_metadatafield><qti_metadatafield><fieldlabel>qmd_questiontype</fieldlabel><fieldentry>Multiple Choice</fieldentry></qti_metadatafield><qti_metadatafield><fieldlabel>qmd_weighting</fieldlabel><fieldentry>1.000000000</fieldentry></qti_metadatafield><qti_metadatafield><fieldlabel>qmd_globalid</fieldlabel><fieldentry>257a3acc-e257-45ad-9a53-02deaa5777d8</fieldentry></qti_metadatafield><qti_metadatafield><fieldlabel>qmd_displayid</fieldlabel><fieldentry>Sample Course-74244</fieldentry></qti_metadatafield></qtimetadata></itemmetadata><itemproc_extension><d2l_2p0:difficulty>3</d2l_2p0:difficulty><d2l_2p0:isbonus>no</d2l_2p0:isbonus><d2l_2p0:ismandatory>yes</d2l_2p0:ismandatory></itemproc_extension><presentation><flow><material><mattext texttype="text/html">&lt;!--RsQ_001--&gt;&lt;span style="font-family:'Arial';"&gt;The graph of the function &lt;/span&gt;&lt;span style="font-family:'Arial';"&gt;&lt;i&gt;g&lt;/i&gt;&lt;/span&gt;&lt;span style="font-family:'Arial';"&gt; is shown below.&lt;br&gt;&lt;/span&gt;&lt;span style="font-family:'Arial'; color:#000000;"&gt;&lt;IMG src="ppg/respondus/Graphing_Derivatives_Pre_Video_Questions_BB_Test/previd_graphing_deriv_1.png" alt="image" align="bottom" border=0&gt;&lt;/span&gt;&lt;span style="font-family:'Arial';"&gt;&lt;br&gt;On the interval [-6, -4], is &lt;/span&gt;&lt;span style="font-family:'Arial';"&gt;&lt;i&gt;g'(x)&lt;/i&gt;&lt;/span&gt;&lt;span style="font-family:'Arial';"&gt;: &lt;/span&gt;</mattext></material><response_extension><d2l_2p0:display_style>2</d2l_2p0:display_style><d2l_2p0:enumeration>6</d2l_2p0:enumeration><d2l_2p0:grading_type>0</d2l_2p0:grading_type></response_extension><response_lid ident="QUES_42757045_42761126_LID" rcardinality="Single"><render_choice shuffle="no"><flow_label class="Block"><response_label ident="QUES_42757045_42761126_A130833533"><flow_mat><material><mattext texttype="text/html">&lt;span style="font-family:'Arial';"&gt;&amp;lt; 0&lt;/span&gt;</mattext></material></flow_mat></response_label></flow_label><flow_label class="Block"><response_label ident="QUES_42757045_42761126_A130833534"><flow_mat><material><mattext texttype="text/html">&lt;span style="font-family:'Arial';"&gt;= 0&lt;/span&gt;</mattext></material></flow_mat></response_label></flow_label><flow_label class="Block"><response_label ident="QUES_42757045_42761126_A130833535"><flow_mat><material><mattext texttype="text/html">&lt;span style="font-family:'Arial';"&gt;&amp;gt; 0&lt;/span&gt;</mattext></material></flow_mat></response_label></flow_label><flow_label class="Block"><response_label ident="QUES_42757045_42761126_A130833536"><flow_mat><material><mattext texttype="text/html">&lt;span style="font-family:'Arial';"&gt;more than one of the above&lt;/span&gt;</mattext></material></flow_mat></response_label></flow_label></render_choice></response_lid></flow></presentation><resprocessing><respcondition title="Response Condition 1"><conditionvar><varequal respident="QUES_42757045_42761126_LID">QUES_42757045_42761126_A130833533</varequal></conditionvar><setvar action="Set">100.000000000</setvar><displayfeedback feedbacktype="Response" linkrefid="QUES_42757045_42761126_IF130833533" /></respcondition><respcondition title="Response Condition 2"><conditionvar><varequal respident="QUES_42757045_42761126_LID">QUES_42757045_42761126_A130833534</varequal></conditionvar><setvar action="Set">0.000000000</setvar><displayfeedback feedbacktype="Response" linkrefid="QUES_42757045_42761126_IF130833534" /></respcondition><respcondition title="Response Condition 3"><conditionvar><varequal respident="QUES_42757045_42761126_LID">QUES_42757045_42761126_A130833535</varequal></conditionvar><setvar action="Set">0.000000000</setvar><displayfeedback feedbacktype="Response" linkrefid="QUES_42757045_42761126_IF130833535" /></respcondition><respcondition title="Response Condition 4"><conditionvar><varequal respident="QUES_42757045_42761126_LID">QUES_42757045_42761126_A130833536</varequal></conditionvar><setvar action="Set">0.000000000</setvar><displayfeedback feedbacktype="Response" linkrefid="QUES_42757045_42761126_IF130833536" /></respcondition></resprocessing><itemfeedback ident="QUES_42757045_42761126_IF130833533"><material><mattext texttype="text/plain" /></material></itemfeedback><itemfeedback ident="QUES_42757045_42761126_IF130833534"><material><mattext texttype="text/plain" /></material></itemfeedback><itemfeedback ident="QUES_42757045_42761126_IF130833535"><material><mattext texttype="text/plain" /></material></itemfeedback><itemfeedback ident="QUES_42757045_42761126_IF130833536"><material><mattext texttype="text/plain" /></material></itemfeedback></item><item ident="OBJ_1651239" label="QUES_42757046_42761127" d2l_2p0:page="1"><itemmetadata><qtimetadata><qti_metadatafield><fieldlabel>qmd_computerscored</fieldlabel><fieldentry>yes</fieldentry></qti_metadatafield><qti_metadatafield><fieldlabel>qmd_questiontype</fieldlabel><fieldentry>Multiple Choice</fieldentry></qti_metadatafield><qti_metadatafield><fieldlabel>qmd_weighting</fieldlabel><fieldentry>1.000000000</fieldentry></qti_metadatafield><qti_metadatafield><fieldlabel>qmd_globalid</fieldlabel><fieldentry>c5732227-274c-4777-b245-d1bb7a6eed58</fieldentry></qti_metadatafield><qti_metadatafield><fieldlabel>qmd_displayid</fieldlabel><fieldentry>Sample Course-74245</fieldentry></qti_metadatafield></qtimetadata></itemmetadata><itemproc_extension><d2l_2p0:difficulty>3</d2l_2p0:difficulty><d2l_2p0:isbonus>no</d2l_2p0:isbonus><d2l_2p0:ismandatory>yes</d2l_2p0:ismandatory></itemproc_extension><presentation><flow><material><mattext texttype="text/html">&lt;!--RsQ_002--&gt;&lt;span style="font-family:'Arial';"&gt;The graph of the function &lt;/span&gt;&lt;span style="font-family:'Arial';"&gt;&lt;i&gt;g&lt;/i&gt;&lt;/span&gt;&lt;span style="font-family:'Arial';"&gt; is shown below.&lt;br&gt;&lt;/span&gt;&lt;span style="font-family:'Arial'; color:#000000;"&gt;&lt;IMG src="ppg/respondus/Graphing_Derivatives_Pre_Video_Questions_BB_Test/previd_graphing_derivs_1.png" alt="image" align="bottom" border=0&gt;&lt;/span&gt;&lt;span style="font-family:'Arial';"&gt;&lt;br&gt;On the interval [-4, -2], is g'(x): &lt;/span&gt;</mattext></material><response_extension><d2l_2p0:display_style>2</d2l_2p0:display_style><d2l_2p0:enumeration>6</d2l_2p0:enumeration><d2l_2p0:grading_type>0</d2l_2p0:grading_type></response_extension><response_lid ident="QUES_42757046_42761127_LID" rcardinality="Single"><render_choice shuffle="no"><flow_label class="Block"><response_label ident="QUES_42757046_42761127_A130833537"><flow_mat><material><mattext texttype="text/html">&lt;span style="font-family:'Arial';"&gt;&amp;lt; 0&lt;/span&gt;</mattext></material></flow_mat></response_label></flow_label><flow_label class="Block"><response_label ident="QUES_42757046_42761127_A130833538"><flow_mat><material><mattext texttype="text/html">&lt;span style="font-family:'Arial';"&gt;= 0&lt;/span&gt;</mattext></material></flow_mat></response_label></flow_label><flow_label class="Block"><response_label ident="QUES_42757046_42761127_A130833539"><flow_mat><material><mattext texttype="text/html">&lt;span style="font-family:'Arial';"&gt;&amp;gt; 0&lt;/span&gt;</mattext></material></flow_mat></response_label></flow_label><flow_label class="Block"><response_label ident="QUES_42757046_42761127_A130833540"><flow_mat><material><mattext texttype="text/html">&lt;span style="font-family:'Arial';"&gt;more than one of the above&lt;/span&gt;</mattext></material></flow_mat></response_label></flow_label></render_choice></response_lid></flow></presentation><resprocessing><respcondition title="Response Condition 1"><conditionvar><varequal respident="QUES_42757046_42761127_LID">QUES_42757046_42761127_A130833537</varequal></conditionvar><setvar action="Set">0.000000000</setvar><displayfeedback feedbacktype="Response" linkrefid="QUES_42757046_42761127_IF130833537" /></respcondition><respcondition title="Response Condition 2"><conditionvar><varequal respident="QUES_42757046_42761127_LID">QUES_42757046_42761127_A130833538</varequal></conditionvar><setvar action="Set">0.000000000</setvar><displayfeedback feedbacktype="Response" linkrefid="QUES_42757046_42761127_IF130833538" /></respcondition><respcondition title="Response Condition 3"><conditionvar><varequal respident="QUES_42757046_42761127_LID">QUES_42757046_42761127_A130833539</varequal></conditionvar><setvar action="Set">100.000000000</setvar><displayfeedback feedbacktype="Response" linkrefid="QUES_42757046_42761127_IF130833539" /></respcondition><respcondition title="Response Condition 4"><conditionvar><varequal respident="QUES_42757046_42761127_LID">QUES_42757046_42761127_A130833540</varequal></conditionvar><setvar action="Set">0.000000000</setvar><displayfeedback feedbacktype="Response" linkrefid="QUES_42757046_42761127_IF130833540" /></respcondition></resprocessing><itemfeedback ident="QUES_42757046_42761127_IF130833537"><material><mattext texttype="text/plain" /></material></itemfeedback><itemfeedback ident="QUES_42757046_42761127_IF130833538"><material><mattext texttype="text/plain" /></material></itemfeedback><itemfeedback ident="QUES_42757046_42761127_IF130833539"><material><mattext texttype="text/plain" /></material></itemfeedback><itemfeedback ident="QUES_42757046_42761127_IF130833540"><material><mattext texttype="text/plain" /></material></itemfeedback></item><item ident="OBJ_1651240" label="QUES_42757047_42761128" d2l_2p0:page="1"><itemmetadata><qtimetadata><qti_metadatafield><fieldlabel>qmd_computerscored</fieldlabel><fieldentry>yes</fieldentry></qti_metadatafield><qti_metadatafield><fieldlabel>qmd_questiontype</fieldlabel><fieldentry>Multiple Choice</fieldentry></qti_metadatafield><qti_metadatafield><fieldlabel>qmd_weighting</fieldlabel><fieldentry>1.000000000</fieldentry></qti_metadatafield><qti_metadatafield><fieldlabel>qmd_globalid</fieldlabel><fieldentry>e895e496-fbc1-4ea3-9908-a3e2a2bd48e8</fieldentry></qti_metadatafield><qti_metadatafield><fieldlabel>qmd_displayid</fieldlabel><fieldentry>Sample Course-74246</fieldentry></qti_metadatafield></qtimetadata></itemmetadata><itemproc_extension><d2l_2p0:difficulty>3</d2l_2p0:difficulty><d2l_2p0:isbonus>no</d2l_2p0:isbonus><d2l_2p0:ismandatory>yes</d2l_2p0:ismandatory></itemproc_extension><presentation><flow><material><mattext texttype="text/html">&lt;!--RsQ_003--&gt;&lt;span style="font-family:'Arial';"&gt;The graph of the function &lt;/span&gt;&lt;span style="font-family:'Arial';"&gt;&lt;i&gt;g&lt;/i&gt;&lt;/span&gt;&lt;span style="font-family:'Arial';"&gt; is shown below.&lt;br&gt;&lt;/span&gt;&lt;span style="font-family:'Arial'; color:#000000;"&gt;&lt;IMG src="ppg/respondus/Graphing_Derivatives_Pre_Video_Questions_BB_Test/previd_graphing_derivs_1.png" alt="image" align="bottom" border=0&gt;&lt;/span&gt;&lt;span style="font-family:'Arial';"&gt;&lt;br&gt;On the interval [0, 2] is &lt;/span&gt;&lt;span style="font-family:'Arial';"&gt;&lt;i&gt;g'(x)&lt;/i&gt;&lt;/span&gt;&lt;span style="font-family:'Arial';"&gt;: &lt;/span&gt;</mattext></material><response_extension><d2l_2p0:display_style>2</d2l_2p0:display_style><d2l_2p0:enumeration>6</d2l_2p0:enumeration><d2l_2p0:grading_type>0</d2l_2p0:grading_type></response_extension><response_lid ident="QUES_42757047_42761128_LID" rcardinality="Single"><render_choice shuffle="no"><flow_label class="Block"><response_label ident="QUES_42757047_42761128_A130833541"><flow_mat><material><mattext texttype="text/html">&lt;span style="font-family:'Arial';"&gt;&amp;lt; 0&lt;/span&gt;</mattext></material></flow_mat></response_label></flow_label><flow_label class="Block"><response_label ident="QUES_42757047_42761128_A130833542"><flow_mat><material><mattext texttype="text/html">&lt;span style="font-family:'Arial';"&gt;= 0&lt;/span&gt;</mattext></material></flow_mat></response_label></flow_label><flow_label class="Block"><response_label ident="QUES_42757047_42761128_A130833543"><flow_mat><material><mattext texttype="text/html">&lt;span style="font-family:'Arial';"&gt;&amp;gt; 0&lt;/span&gt;</mattext></material></flow_mat></response_label></flow_label><flow_label class="Block"><response_label ident="QUES_42757047_42761128_A130833544"><flow_mat><material><mattext texttype="text/html">&lt;span style="font-family:'Arial';"&gt;more than one of the above&lt;/span&gt;</mattext></material></flow_mat></response_label></flow_label></render_choice></response_lid></flow></presentation><resprocessing><respcondition title="Response Condition 1"><conditionvar><varequal respident="QUES_42757047_42761128_LID">QUES_42757047_42761128_A130833541</varequal></conditionvar><setvar action="Set">0.000000000</setvar><displayfeedback feedbacktype="Response" linkrefid="QUES_42757047_42761128_IF130833541" /></respcondition><respcondition title="Response Condition 2"><conditionvar><varequal respident="QUES_42757047_42761128_LID">QUES_42757047_42761128_A130833542</varequal></conditionvar><setvar action="Set">0.000000000</setvar><displayfeedback feedbacktype="Response" linkrefid="QUES_42757047_42761128_IF130833542" /></respcondition><respcondition title="Response Condition 3"><conditionvar><varequal respident="QUES_42757047_42761128_LID">QUES_42757047_42761128_A130833543</varequal></conditionvar><setvar action="Set">100.000000000</setvar><displayfeedback feedbacktype="Response" linkrefid="QUES_42757047_42761128_IF130833543" /></respcondition><respcondition title="Response Condition 4"><conditionvar><varequal respident="QUES_42757047_42761128_LID">QUES_42757047_42761128_A130833544</varequal></conditionvar><setvar action="Set">0.000000000</setvar><displayfeedback feedbacktype="Response" linkrefid="QUES_42757047_42761128_IF130833544" /></respcondition></resprocessing><itemfeedback ident="QUES_42757047_42761128_IF130833541"><material><mattext texttype="text/plain" /></material></itemfeedback><itemfeedback ident="QUES_42757047_42761128_IF130833542"><material><mattext texttype="text/plain" /></material></itemfeedback><itemfeedback ident="QUES_42757047_42761128_IF130833543"><material><mattext texttype="text/plain" /></material></itemfeedback><itemfeedback ident="QUES_42757047_42761128_IF130833544"><material><mattext texttype="text/plain" /></material></itemfeedback></item><item ident="OBJ_1651241" label="QUES_42757048_42761129" d2l_2p0:page="1"><itemmetadata><qtimetadata><qti_metadatafield><fieldlabel>qmd_computerscored</fieldlabel><fieldentry>yes</fieldentry></qti_metadatafield><qti_metadatafield><fieldlabel>qmd_questiontype</fieldlabel><fieldentry>Multiple Choice</fieldentry></qti_metadatafield><qti_metadatafield><fieldlabel>qmd_weighting</fieldlabel><fieldentry>1.000000000</fieldentry></qti_metadatafield><qti_metadatafield><fieldlabel>qmd_globalid</fieldlabel><fieldentry>aed41a48-c122-4c59-870f-c6d3cf9c48e0</fieldentry></qti_metadatafield><qti_metadatafield><fieldlabel>qmd_displayid</fieldlabel><fieldentry>Sample Course-74247</fieldentry></qti_metadatafield></qtimetadata></itemmetadata><itemproc_extension><d2l_2p0:difficulty>3</d2l_2p0:difficulty><d2l_2p0:isbonus>no</d2l_2p0:isbonus><d2l_2p0:ismandatory>yes</d2l_2p0:ismandatory></itemproc_extension><presentation><flow><material><mattext texttype="text/html">&lt;!--RsQ_004--&gt;&lt;span style="font-family:'Arial';"&gt;The graph of the function &lt;/span&gt;&lt;span style="font-family:'Arial';"&gt;&lt;i&gt;g&lt;/i&gt;&lt;/span&gt;&lt;span style="font-family:'Arial';"&gt; is shown below.&lt;br&gt;&lt;/span&gt;&lt;span style="font-family:'Arial'; color:#000000;"&gt;&lt;IMG src="ppg/respondus/Graphing_Derivatives_Pre_Video_Questions_BB_Test/previd_graphing_derivs_1.png" alt="image" align="bottom" border=0&gt;&lt;/span&gt;&lt;span style="font-family:'Arial';"&gt;&lt;br&gt;On the interval [2, 4] is &lt;/span&gt;&lt;span style="font-family:'Arial';"&gt;&lt;i&gt;g'(x)&lt;/i&gt;&lt;/span&gt;&lt;span style="font-family:'Arial';"&gt;: &lt;/span&gt;</mattext></material><response_extension><d2l_2p0:display_style>2</d2l_2p0:display_style><d2l_2p0:enumeration>6</d2l_2p0:enumeration><d2l_2p0:grading_type>0</d2l_2p0:grading_type></response_extension><response_lid ident="QUES_42757048_42761129_LID" rcardinality="Single"><render_choice shuffle="no"><flow_label class="Block"><response_label ident="QUES_42757048_42761129_A130833545"><flow_mat><material><mattext texttype="text/html">&lt;span style="font-family:'Arial';"&gt;&amp;lt; 0&lt;/span&gt;</mattext></material></flow_mat></response_label></flow_label><flow_label class="Block"><response_label ident="QUES_42757048_42761129_A130833546"><flow_mat><material><mattext texttype="text/html">&lt;span style="font-family:'Arial';"&gt;= 0&lt;/span&gt;</mattext></material></flow_mat></response_label></flow_label><flow_label class="Block"><response_label ident="QUES_42757048_42761129_A130833547"><flow_mat><material><mattext texttype="text/html">&lt;span style="font-family:'Arial';"&gt;&amp;gt; 0&lt;/span&gt;</mattext></material></flow_mat></response_label></flow_label><flow_label class="Block"><response_label ident="QUES_42757048_42761129_A130833548"><flow_mat><material><mattext texttype="text/html">&lt;span style="font-family:'Arial';"&gt;more than one of the above&lt;/span&gt;</mattext></material></flow_mat></response_label></flow_label></render_choice></response_lid></flow></presentation><resprocessing><respcondition title="Response Condition 1"><conditionvar><varequal respident="QUES_42757048_42761129_LID">QUES_42757048_42761129_A130833545</varequal></conditionvar><setvar action="Set">0.000000000</setvar><displayfeedback feedbacktype="Response" linkrefid="QUES_42757048_42761129_IF130833545" /></respcondition><respcondition title="Response Condition 2"><conditionvar><varequal respident="QUES_42757048_42761129_LID">QUES_42757048_42761129_A130833546</varequal></conditionvar><setvar action="Set">0.000000000</setvar><displayfeedback feedbacktype="Response" linkrefid="QUES_42757048_42761129_IF130833546" /></respcondition><respcondition title="Response Condition 3"><conditionvar><varequal respident="QUES_42757048_42761129_LID">QUES_42757048_42761129_A130833547</varequal></conditionvar><setvar action="Set">100.000000000</setvar><displayfeedback feedbacktype="Response" linkrefid="QUES_42757048_42761129_IF130833547" /></respcondition><respcondition title="Response Condition 4"><conditionvar><varequal respident="QUES_42757048_42761129_LID">QUES_42757048_42761129_A130833548</varequal></conditionvar><setvar action="Set">0.000000000</setvar><displayfeedback feedbacktype="Response" linkrefid="QUES_42757048_42761129_IF130833548" /></respcondition></resprocessing><itemfeedback ident="QUES_42757048_42761129_IF130833545"><material><mattext texttype="text/plain" /></material></itemfeedback><itemfeedback ident="QUES_42757048_42761129_IF130833546"><material><mattext texttype="text/plain" /></material></itemfeedback><itemfeedback ident="QUES_42757048_42761129_IF130833547"><material><mattext texttype="text/plain" /></material></itemfeedback><itemfeedback ident="QUES_42757048_42761129_IF130833548"><material><mattext texttype="text/plain" /></material></itemfeedback></item><item ident="OBJ_1651242" label="QUES_42757049_42761130" d2l_2p0:page="1"><itemmetadata><qtimetadata><qti_metadatafield><fieldlabel>qmd_computerscored</fieldlabel><fieldentry>yes</fieldentry></qti_metadatafield><qti_metadatafield><fieldlabel>qmd_questiontype</fieldlabel><fieldentry>Multiple Choice</fieldentry></qti_metadatafield><qti_metadatafield><fieldlabel>qmd_weighting</fieldlabel><fieldentry>1.000000000</fieldentry></qti_metadatafield><qti_metadatafield><fieldlabel>qmd_globalid</fieldlabel><fieldentry>f5d52e72-87b7-48f7-85bc-342e1835c961</fieldentry></qti_metadatafield><qti_metadatafield><fieldlabel>qmd_displayid</fieldlabel><fieldentry>Sample Course-74248</fieldentry></qti_metadatafield></qtimetadata></itemmetadata><itemproc_extension><d2l_2p0:difficulty>3</d2l_2p0:difficulty><d2l_2p0:isbonus>no</d2l_2p0:isbonus><d2l_2p0:ismandatory>yes</d2l_2p0:ismandatory></itemproc_extension><presentation><flow><material><mattext texttype="text/html">&lt;!--RsQ_005--&gt;&lt;span style="font-family:'Arial';"&gt;The graph of the function &lt;/span&gt;&lt;span style="font-family:'Arial';"&gt;&lt;i&gt;g&lt;/i&gt;&lt;/span&gt;&lt;span style="font-family:'Arial';"&gt; is shown below.&lt;br&gt;&lt;/span&gt;&lt;span style="font-family:'Arial'; color:#000000;"&gt;&lt;IMG src="ppg/respondus/Graphing_Derivatives_Pre_Video_Questions_BB_Test/previd_graphing_derivs_1.png" alt="image" align="bottom" border=0&gt;&lt;/span&gt;&lt;span style="font-family:'Arial';"&gt;&lt;br&gt;On the interval [-6, -4] is &lt;/span&gt;&lt;span style="font-family:'Arial';"&gt;&lt;i&gt;g'(x)&lt;/i&gt;&lt;/span&gt;&lt;span style="font-family:'Arial';"&gt;: &lt;/span&gt;</mattext></material><response_extension><d2l_2p0:display_style>2</d2l_2p0:display_style><d2l_2p0:enumeration>6</d2l_2p0:enumeration><d2l_2p0:grading_type>0</d2l_2p0:grading_type></response_extension><response_lid ident="QUES_42757049_42761130_LID" rcardinality="Single"><render_choice shuffle="no"><flow_label class="Block"><response_label ident="QUES_42757049_42761130_A130833549"><flow_mat><material><mattext texttype="text/html">&lt;span style="font-family:'Arial';"&gt;Increasing&lt;/span&gt;</mattext></material></flow_mat></response_label></flow_label><flow_label class="Block"><response_label ident="QUES_42757049_42761130_A130833550"><flow_mat><material><mattext texttype="text/html">&lt;span style="font-family:'Arial';"&gt;Decreasing &lt;/span&gt;</mattext></material></flow_mat></response_label></flow_label><flow_label class="Block"><response_label ident="QUES_42757049_42761130_A130833551"><flow_mat><material><mattext texttype="text/html">&lt;span style="font-family:'Arial';"&gt;More than one of the above &lt;/span&gt;</mattext></material></flow_mat></response_label></flow_label><flow_label class="Block"><response_label ident="QUES_42757049_42761130_A130833552"><flow_mat><material><mattext texttype="text/html">&lt;span style="font-family:'Arial';"&gt;&amp;nbsp; &lt;/span&gt;</mattext></material></flow_mat></response_label></flow_label></render_choice></response_lid></flow></presentation><resprocessing><respcondition title="Response Condition 1"><conditionvar><varequal respident="QUES_42757049_42761130_LID">QUES_42757049_42761130_A130833549</varequal></conditionvar><setvar action="Set">0.000000000</setvar><displayfeedback feedbacktype="Response" linkrefid="QUES_42757049_42761130_IF130833549" /></respcondition><respcondition title="Response Condition 2"><conditionvar><varequal respident="QUES_42757049_42761130_LID">QUES_42757049_42761130_A130833550</varequal></conditionvar><setvar action="Set">100.000000000</setvar><displayfeedback feedbacktype="Response" linkrefid="QUES_42757049_42761130_IF130833550" /></respcondition><respcondition title="Response Condition 3"><conditionvar><varequal respident="QUES_42757049_42761130_LID">QUES_42757049_42761130_A130833551</varequal></conditionvar><setvar action="Set">0.000000000</setvar><displayfeedback feedbacktype="Response" linkrefid="QUES_42757049_42761130_IF130833551" /></respcondition><respcondition title="Response Condition 4"><conditionvar><varequal respident="QUES_42757049_42761130_LID">QUES_42757049_42761130_A130833552</varequal></conditionvar><setvar action="Set">0.000000000</setvar><displayfeedback feedbacktype="Response" linkrefid="QUES_42757049_42761130_IF130833552" /></respcondition></resprocessing><itemfeedback ident="QUES_42757049_42761130_IF130833549"><material><mattext texttype="text/plain" /></material></itemfeedback><itemfeedback ident="QUES_42757049_42761130_IF130833550"><material><mattext texttype="text/plain" /></material></itemfeedback><itemfeedback ident="QUES_42757049_42761130_IF130833551"><material><mattext texttype="text/plain" /></material></itemfeedback><itemfeedback ident="QUES_42757049_42761130_IF130833552"><material><mattext texttype="text/plain" /></material></itemfeedback></item><item ident="OBJ_1651243" label="QUES_42757050_42761131" d2l_2p0:page="1"><itemmetadata><qtimetadata><qti_metadatafield><fieldlabel>qmd_computerscored</fieldlabel><fieldentry>yes</fieldentry></qti_metadatafield><qti_metadatafield><fieldlabel>qmd_questiontype</fieldlabel><fieldentry>Multiple Choice</fieldentry></qti_metadatafield><qti_metadatafield><fieldlabel>qmd_weighting</fieldlabel><fieldentry>1.000000000</fieldentry></qti_metadatafield><qti_metadatafield><fieldlabel>qmd_globalid</fieldlabel><fieldentry>d912fc82-40df-4b6d-8817-5107bc09f1aa</fieldentry></qti_metadatafield><qti_metadatafield><fieldlabel>qmd_displayid</fieldlabel><fieldentry>Sample Course-74249</fieldentry></qti_metadatafield></qtimetadata></itemmetadata><itemproc_extension><d2l_2p0:difficulty>3</d2l_2p0:difficulty><d2l_2p0:isbonus>no</d2l_2p0:isbonus><d2l_2p0:ismandatory>yes</d2l_2p0:ismandatory></itemproc_extension><presentation><flow><material><mattext texttype="text/html">&lt;!--RsQ_006--&gt;&lt;span style="font-family:'Arial';"&gt;The graph of the function &lt;/span&gt;&lt;span style="font-family:'Arial';"&gt;&lt;i&gt;g&lt;/i&gt;&lt;/span&gt;&lt;span style="font-family:'Arial';"&gt; is shown below.&lt;br&gt;&lt;/span&gt;&lt;span style="font-family:'Arial'; color:#000000;"&gt;&lt;IMG src="ppg/respondus/Graphing_Derivatives_Pre_Video_Questions_BB_Test/previd_graphing_derivs_1.png" alt="image" align="bottom" border=0&gt;&lt;/span&gt;&lt;span style="font-family:'Arial';"&gt;&lt;br&gt;On the interval [-4, -2] is &lt;/span&gt;&lt;span style="font-family:'Arial';"&gt;&lt;i&gt;g'(x)&lt;/i&gt;&lt;/span&gt;&lt;span style="font-family:'Arial';"&gt;: &lt;/span&gt;</mattext></material><response_extension><d2l_2p0:display_style>2</d2l_2p0:display_style><d2l_2p0:enumeration>6</d2l_2p0:enumeration><d2l_2p0:grading_type>0</d2l_2p0:grading_type></response_extension><response_lid ident="QUES_42757050_42761131_LID" rcardinality="Single"><render_choice shuffle="no"><flow_label class="Block"><response_label ident="QUES_42757050_42761131_A130833553"><flow_mat><material><mattext texttype="text/html">&lt;span style="font-family:'Arial';"&gt;Increasing&lt;/span&gt;</mattext></material></flow_mat></response_label></flow_label><flow_label class="Block"><response_label ident="QUES_42757050_42761131_A130833554"><flow_mat><material><mattext texttype="text/html">&lt;span style="font-family:'Arial';"&gt;Decreasing &lt;/span&gt;</mattext></material></flow_mat></response_label></flow_label><flow_label class="Block"><response_label ident="QUES_42757050_42761131_A130833555"><flow_mat><material><mattext texttype="text/html">&lt;span style="font-family:'Arial';"&gt;More than one of the above &lt;/span&gt;</mattext></material></flow_mat></response_label></flow_label><flow_label class="Block"><response_label ident="QUES_42757050_42761131_A130833556"><flow_mat><material><mattext texttype="text/html">&lt;span style="font-family:'Arial';"&gt;&amp;nbsp; &lt;/span&gt;</mattext></material></flow_mat></response_label></flow_label></render_choice></response_lid></flow></presentation><resprocessing><respcondition title="Response Condition 1"><conditionvar><varequal respident="QUES_42757050_42761131_LID">QUES_42757050_42761131_A130833553</varequal></conditionvar><setvar action="Set">0.000000000</setvar><displayfeedback feedbacktype="Response" linkrefid="QUES_42757050_42761131_IF130833553" /></respcondition><respcondition title="Response Condition 2"><conditionvar><varequal respident="QUES_42757050_42761131_LID">QUES_42757050_42761131_A130833554</varequal></conditionvar><setvar action="Set">0.000000000</setvar><displayfeedback feedbacktype="Response" linkrefid="QUES_42757050_42761131_IF130833554" /></respcondition><respcondition title="Response Condition 3"><conditionvar><varequal respident="QUES_42757050_42761131_LID">QUES_42757050_42761131_A130833555</varequal></conditionvar><setvar action="Set">100.000000000</setvar><displayfeedback feedbacktype="Response" linkrefid="QUES_42757050_42761131_IF130833555" /></respcondition><respcondition title="Response Condition 4"><conditionvar><varequal respident="QUES_42757050_42761131_LID">QUES_42757050_42761131_A130833556</varequal></conditionvar><setvar action="Set">0.000000000</setvar><displayfeedback feedbacktype="Response" linkrefid="QUES_42757050_42761131_IF130833556" /></respcondition></resprocessing><itemfeedback ident="QUES_42757050_42761131_IF130833553"><material><mattext texttype="text/plain" /></material></itemfeedback><itemfeedback ident="QUES_42757050_42761131_IF130833554"><material><mattext texttype="text/plain" /></material></itemfeedback><itemfeedback ident="QUES_42757050_42761131_IF130833555"><material><mattext texttype="text/plain" /></material></itemfeedback><itemfeedback ident="QUES_42757050_42761131_IF130833556"><material><mattext texttype="text/plain" /></material></itemfeedback></item><item ident="OBJ_1651244" label="QUES_42757051_42761132" d2l_2p0:page="1"><itemmetadata><qtimetadata><qti_metadatafield><fieldlabel>qmd_computerscored</fieldlabel><fieldentry>yes</fieldentry></qti_metadatafield><qti_metadatafield><fieldlabel>qmd_questiontype</fieldlabel><fieldentry>Multiple Choice</fieldentry></qti_metadatafield><qti_metadatafield><fieldlabel>qmd_weighting</fieldlabel><fieldentry>1.000000000</fieldentry></qti_metadatafield><qti_metadatafield><fieldlabel>qmd_globalid</fieldlabel><fieldentry>980c305c-382c-4d4c-95c1-5ad96c488168</fieldentry></qti_metadatafield><qti_metadatafield><fieldlabel>qmd_displayid</fieldlabel><fieldentry>Sample Course-74250</fieldentry></qti_metadatafield></qtimetadata></itemmetadata><itemproc_extension><d2l_2p0:difficulty>3</d2l_2p0:difficulty><d2l_2p0:isbonus>no</d2l_2p0:isbonus><d2l_2p0:ismandatory>yes</d2l_2p0:ismandatory></itemproc_extension><presentation><flow><material><mattext texttype="text/html">&lt;!--RsQ_007--&gt;&lt;span style="font-family:'Arial';"&gt;The graph of the function &lt;/span&gt;&lt;span style="font-family:'Arial';"&gt;&lt;i&gt;g&lt;/i&gt;&lt;/span&gt;&lt;span style="font-family:'Arial';"&gt; is shown below.&lt;br&gt;&lt;/span&gt;&lt;span style="font-family:'Arial'; color:#000000;"&gt;&lt;IMG src="ppg/respondus/Graphing_Derivatives_Pre_Video_Questions_BB_Test/previd_graphing_derivs_1.png" alt="image" align="bottom" border=0&gt;&lt;/span&gt;&lt;span style="font-family:'Arial';"&gt;&lt;br&gt;On the interval [0, 2] is &lt;/span&gt;&lt;span style="font-family:'Arial';"&gt;&lt;i&gt;g'(x)&lt;/i&gt;&lt;/span&gt;&lt;span style="font-family:'Arial';"&gt;: &lt;/span&gt;</mattext></material><response_extension><d2l_2p0:display_style>2</d2l_2p0:display_style><d2l_2p0:enumeration>6</d2l_2p0:enumeration><d2l_2p0:grading_type>0</d2l_2p0:grading_type></response_extension><response_lid ident="QUES_42757051_42761132_LID" rcardinality="Single"><render_choice shuffle="no"><flow_label class="Block"><response_label ident="QUES_42757051_42761132_A130833557"><flow_mat><material><mattext texttype="text/html">&lt;span style="font-family:'Arial';"&gt;Increasing&lt;/span&gt;</mattext></material></flow_mat></response_label></flow_label><flow_label class="Block"><response_label ident="QUES_42757051_42761132_A130833558"><flow_mat><material><mattext texttype="text/html">&lt;span style="font-family:'Arial';"&gt;Decreasing &lt;/span&gt;</mattext></material></flow_mat></response_label></flow_label><flow_label class="Block"><response_label ident="QUES_42757051_42761132_A130833559"><flow_mat><material><mattext texttype="text/html">&lt;span style="font-family:'Arial';"&gt;More than one of the above &lt;/span&gt;</mattext></material></flow_mat></response_label></flow_label><flow_label class="Block"><response_label ident="QUES_42757051_42761132_A130833560"><flow_mat><material><mattext texttype="text/html">&lt;span style="font-family:'Arial';"&gt;&amp;nbsp; &lt;/span&gt;</mattext></material></flow_mat></response_label></flow_label></render_choice></response_lid></flow></presentation><resprocessing><respcondition title="Response Condition 1"><conditionvar><varequal respident="QUES_42757051_42761132_LID">QUES_42757051_42761132_A130833557</varequal></conditionvar><setvar action="Set">100.000000000</setvar><displayfeedback feedbacktype="Response" linkrefid="QUES_42757051_42761132_IF130833557" /></respcondition><respcondition title="Response Condition 2"><conditionvar><varequal respident="QUES_42757051_42761132_LID">QUES_42757051_42761132_A130833558</varequal></conditionvar><setvar action="Set">0.000000000</setvar><displayfeedback feedbacktype="Response" linkrefid="QUES_42757051_42761132_IF130833558" /></respcondition><respcondition title="Response Condition 3"><conditionvar><varequal respident="QUES_42757051_42761132_LID">QUES_42757051_42761132_A130833559</varequal></conditionvar><setvar action="Set">0.000000000</setvar><displayfeedback feedbacktype="Response" linkrefid="QUES_42757051_42761132_IF130833559" /></respcondition><respcondition title="Response Condition 4"><conditionvar><varequal respident="QUES_42757051_42761132_LID">QUES_42757051_42761132_A130833560</varequal></conditionvar><setvar action="Set">0.000000000</setvar><displayfeedback feedbacktype="Response" linkrefid="QUES_42757051_42761132_IF130833560" /></respcondition></resprocessing><itemfeedback ident="QUES_42757051_42761132_IF130833557"><material><mattext texttype="text/plain" /></material></itemfeedback><itemfeedback ident="QUES_42757051_42761132_IF130833558"><material><mattext texttype="text/plain" /></material></itemfeedback><itemfeedback ident="QUES_42757051_42761132_IF130833559"><material><mattext texttype="text/plain" /></material></itemfeedback><itemfeedback ident="QUES_42757051_42761132_IF130833560"><material><mattext texttype="text/plain" /></material></itemfeedback></item><item ident="OBJ_1651245" label="QUES_42757052_42761133" d2l_2p0:page="1"><itemmetadata><qtimetadata><qti_metadatafield><fieldlabel>qmd_computerscored</fieldlabel><fieldentry>yes</fieldentry></qti_metadatafield><qti_metadatafield><fieldlabel>qmd_questiontype</fieldlabel><fieldentry>Multiple Choice</fieldentry></qti_metadatafield><qti_metadatafield><fieldlabel>qmd_weighting</fieldlabel><fieldentry>1.000000000</fieldentry></qti_metadatafield><qti_metadatafield><fieldlabel>qmd_globalid</fieldlabel><fieldentry>1b134f01-025b-493d-97fd-603fc676ee43</fieldentry></qti_metadatafield><qti_metadatafield><fieldlabel>qmd_displayid</fieldlabel><fieldentry>Sample Course-74251</fieldentry></qti_metadatafield></qtimetadata></itemmetadata><itemproc_extension><d2l_2p0:difficulty>3</d2l_2p0:difficulty><d2l_2p0:isbonus>no</d2l_2p0:isbonus><d2l_2p0:ismandatory>yes</d2l_2p0:ismandatory></itemproc_extension><presentation><flow><material><mattext texttype="text/html">&lt;!--RsQ_008--&gt;&lt;span style="font-family:'Arial';"&gt;The graph of the function &lt;/span&gt;&lt;span style="font-family:'Arial';"&gt;&lt;i&gt;g&lt;/i&gt;&lt;/span&gt;&lt;span style="font-family:'Arial';"&gt; is shown below.&lt;br&gt;&lt;/span&gt;&lt;span style="font-family:'Arial'; color:#000000;"&gt;&lt;IMG src="ppg/respondus/Graphing_Derivatives_Pre_Video_Questions_BB_Test/previd_graphing_derivs_1.png" alt="image" align="bottom" border=0&gt;&lt;/span&gt;&lt;span style="font-family:'Arial';"&gt;&lt;br&gt;On the interval [2, 4] is &lt;/span&gt;&lt;span style="font-family:'Arial';"&gt;&lt;i&gt;g'(x)&lt;/i&gt;&lt;/span&gt;&lt;span style="font-family:'Arial';"&gt;: &lt;/span&gt;</mattext></material><response_extension><d2l_2p0:display_style>2</d2l_2p0:display_style><d2l_2p0:enumeration>6</d2l_2p0:enumeration><d2l_2p0:grading_type>0</d2l_2p0:grading_type></response_extension><response_lid ident="QUES_42757052_42761133_LID" rcardinality="Single"><render_choice shuffle="no"><flow_label class="Block"><response_label ident="QUES_42757052_42761133_A130833561"><flow_mat><material><mattext texttype="text/html">&lt;span style="font-family:'Arial';"&gt;Increasing&lt;/span&gt;</mattext></material></flow_mat></response_label></flow_label><flow_label class="Block"><response_label ident="QUES_42757052_42761133_A130833562"><flow_mat><material><mattext texttype="text/html">&lt;span style="font-family:'Arial';"&gt;Decreasing &lt;/span&gt;</mattext></material></flow_mat></response_label></flow_label><flow_label class="Block"><response_label ident="QUES_42757052_42761133_A130833563"><flow_mat><material><mattext texttype="text/html">&lt;span style="font-family:'Arial';"&gt;More than one of the above &lt;/span&gt;</mattext></material></flow_mat></response_label></flow_label><flow_label class="Block"><response_label ident="QUES_42757052_42761133_A130833564"><flow_mat><material><mattext texttype="text/html">&lt;span style="font-family:'Arial';"&gt;&amp;nbsp; &lt;/span&gt;</mattext></material></flow_mat></response_label></flow_label></render_choice></response_lid></flow></presentation><resprocessing><respcondition title="Response Condition 1"><conditionvar><varequal respident="QUES_42757052_42761133_LID">QUES_42757052_42761133_A130833561</varequal></conditionvar><setvar action="Set">100.000000000</setvar><displayfeedback feedbacktype="Response" linkrefid="QUES_42757052_42761133_IF130833561" /></respcondition><respcondition title="Response Condition 2"><conditionvar><varequal respident="QUES_42757052_42761133_LID">QUES_42757052_42761133_A130833562</varequal></conditionvar><setvar action="Set">0.000000000</setvar><displayfeedback feedbacktype="Response" linkrefid="QUES_42757052_42761133_IF130833562" /></respcondition><respcondition title="Response Condition 3"><conditionvar><varequal respident="QUES_42757052_42761133_LID">QUES_42757052_42761133_A130833563</varequal></conditionvar><setvar action="Set">0.000000000</setvar><displayfeedback feedbacktype="Response" linkrefid="QUES_42757052_42761133_IF130833563" /></respcondition><respcondition title="Response Condition 4"><conditionvar><varequal respident="QUES_42757052_42761133_LID">QUES_42757052_42761133_A130833564</varequal></conditionvar><setvar action="Set">0.000000000</setvar><displayfeedback feedbacktype="Response" linkrefid="QUES_42757052_42761133_IF130833564" /></respcondition></resprocessing><itemfeedback ident="QUES_42757052_42761133_IF130833561"><material><mattext texttype="text/plain" /></material></itemfeedback><itemfeedback ident="QUES_42757052_42761133_IF130833562"><material><mattext texttype="text/plain" /></material></itemfeedback><itemfeedback ident="QUES_42757052_42761133_IF130833563"><material><mattext texttype="text/plain" /></material></itemfeedback><itemfeedback ident="QUES_42757052_42761133_IF130833564"><material><mattext texttype="text/plain" /></material></itemfeedback></item><item ident="OBJ_1651246" label="QUES_42757053_42761134" d2l_2p0:page="1"><itemmetadata><qtimetadata><qti_metadatafield><fieldlabel>qmd_computerscored</fieldlabel><fieldentry>yes</fieldentry></qti_metadatafield><qti_metadatafield><fieldlabel>qmd_questiontype</fieldlabel><fieldentry>Multiple Choice</fieldentry></qti_metadatafield><qti_metadatafield><fieldlabel>qmd_weighting</fieldlabel><fieldentry>1.000000000</fieldentry></qti_metadatafield><qti_metadatafield><fieldlabel>qmd_globalid</fieldlabel><fieldentry>772dad07-5156-46d4-b4ab-4d2575e08131</fieldentry></qti_metadatafield><qti_metadatafield><fieldlabel>qmd_displayid</fieldlabel><fieldentry>Sample Course-74252</fieldentry></qti_metadatafield></qtimetadata></itemmetadata><itemproc_extension><d2l_2p0:difficulty>3</d2l_2p0:difficulty><d2l_2p0:isbonus>no</d2l_2p0:isbonus><d2l_2p0:ismandatory>yes</d2l_2p0:ismandatory></itemproc_extension><presentation><flow><material><mattext texttype="text/html">&lt;!--RsQ_009--&gt;&lt;span style="font-family:'Arial';"&gt;The graph of the function &lt;/span&gt;&lt;span style="font-family:'Arial';"&gt;&lt;i&gt;g&lt;/i&gt;&lt;/span&gt;&lt;span style="font-family:'Arial';"&gt; is shown below.&lt;br&gt;&lt;/span&gt;&lt;span style="font-family:'Arial'; color:#000000;"&gt;&lt;IMG src="ppg/respondus/Graphing_Derivatives_Pre_Video_Questions_BB_Test/previd_graphing_derivs_1.png" alt="image" align="bottom" border=0&gt;&lt;/span&gt;&lt;span style="font-family:'Arial';"&gt;&lt;br&gt;For how many values of &lt;/span&gt;&lt;span style="font-family:'Arial';"&gt;&lt;i&gt;x&lt;/i&gt;&lt;/span&gt;&lt;span style="font-family:'Arial';"&gt; in the interval [-8, 6] does &lt;/span&gt;&lt;span style="font-family:'Arial';"&gt;&lt;i&gt;g'(x)&lt;/i&gt;&lt;/span&gt;&lt;span style="font-family:'Arial';"&gt; = 0? &lt;/span&gt;</mattext></material><response_extension><d2l_2p0:display_style>2</d2l_2p0:display_style><d2l_2p0:enumeration>6</d2l_2p0:enumeration><d2l_2p0:grading_type>0</d2l_2p0:grading_type></response_extension><response_lid ident="QUES_42757053_42761134_LID" rcardinality="Single"><render_choice shuffle="no"><flow_label class="Block"><response_label ident="QUES_42757053_42761134_A130833565"><flow_mat><material><mattext texttype="text/html">&lt;span style="font-family:'Arial';"&gt;0&lt;/span&gt;</mattext></material></flow_mat></response_label></flow_label><flow_label class="Block"><response_label ident="QUES_42757053_42761134_A130833566"><flow_mat><material><mattext texttype="text/html">&lt;span style="font-family:'Arial';"&gt;1&lt;/span&gt;</mattext></material></flow_mat></response_label></flow_label><flow_label class="Block"><response_label ident="QUES_42757053_42761134_A130833567"><flow_mat><material><mattext texttype="text/html">&lt;span style="font-family:'Arial';"&gt;2&lt;/span&gt;</mattext></material></flow_mat></response_label></flow_label><flow_label class="Block"><response_label ident="QUES_42757053_42761134_A130833568"><flow_mat><material><mattext texttype="text/html">&lt;span style="font-family:'Arial';"&gt;3&lt;/span&gt;</mattext></material></flow_mat></response_label></flow_label><flow_label class="Block"><response_label ident="QUES_42757053_42761134_A130833569"><flow_mat><material><mattext texttype="text/html">&lt;span style="font-family:'Arial';"&gt;4&lt;/span&gt;</mattext></material></flow_mat></response_label></flow_label><flow_label class="Block"><response_label ident="QUES_42757053_42761134_A130833570"><flow_mat><material><mattext texttype="text/html">&lt;span style="font-family:'Arial';"&gt;5&lt;/span&gt;</mattext></material></flow_mat></response_label></flow_label><flow_label class="Block"><response_label ident="QUES_42757053_42761134_A130833571"><flow_mat><material><mattext texttype="text/html">&lt;span style="font-family:'Arial';"&gt;6&lt;/span&gt;</mattext></material></flow_mat></response_label></flow_label><flow_label class="Block"><response_label ident="QUES_42757053_42761134_A130833572"><flow_mat><material><mattext texttype="text/html">&lt;span style="font-family:'Arial';"&gt;Unable to tell without the formula&lt;/span&gt;</mattext></material></flow_mat></response_label></flow_label></render_choice></response_lid></flow></presentation><resprocessing><respcondition title="Response Condition 1"><conditionvar><varequal respident="QUES_42757053_42761134_LID">QUES_42757053_42761134_A130833565</varequal></conditionvar><setvar action="Set">0.000000000</setvar><displayfeedback feedbacktype="Response" linkrefid="QUES_42757053_42761134_IF130833565" /></respcondition><respcondition title="Response Condition 2"><conditionvar><varequal respident="QUES_42757053_42761134_LID">QUES_42757053_42761134_A130833566</varequal></conditionvar><setvar action="Set">0.000000000</setvar><displayfeedback feedbacktype="Response" linkrefid="QUES_42757053_42761134_IF130833566" /></respcondition><respcondition title="Response Condition 3"><conditionvar><varequal respident="QUES_42757053_42761134_LID">QUES_42757053_42761134_A130833567</varequal></conditionvar><setvar action="Set">0.000000000</setvar><displayfeedback feedbacktype="Response" linkrefid="QUES_42757053_42761134_IF130833567" /></respcondition><respcondition title="Response Condition 4"><conditionvar><varequal respident="QUES_42757053_42761134_LID">QUES_42757053_42761134_A130833568</varequal></conditionvar><setvar action="Set">100.000000000</setvar><displayfeedback feedbacktype="Response" linkrefid="QUES_42757053_42761134_IF130833568" /></respcondition><respcondition title="Response Condition 5"><conditionvar><varequal respident="QUES_42757053_42761134_LID">QUES_42757053_42761134_A130833569</varequal></conditionvar><setvar action="Set">0.000000000</setvar><displayfeedback feedbacktype="Response" linkrefid="QUES_42757053_42761134_IF130833569" /></respcondition><respcondition title="Response Condition 6"><conditionvar><varequal respident="QUES_42757053_42761134_LID">QUES_42757053_42761134_A130833570</varequal></conditionvar><setvar action="Set">0.000000000</setvar><displayfeedback feedbacktype="Response" linkrefid="QUES_42757053_42761134_IF130833570" /></respcondition><respcondition title="Response Condition 7"><conditionvar><varequal respident="QUES_42757053_42761134_LID">QUES_42757053_42761134_A130833571</varequal></conditionvar><setvar action="Set">0.000000000</setvar><displayfeedback feedbacktype="Response" linkrefid="QUES_42757053_42761134_IF130833571" /></respcondition><respcondition title="Response Condition 8"><conditionvar><varequal respident="QUES_42757053_42761134_LID">QUES_42757053_42761134_A130833572</varequal></conditionvar><setvar action="Set">0.000000000</setvar><displayfeedback feedbacktype="Response" linkrefid="QUES_42757053_42761134_IF130833572" /></respcondition></resprocessing><itemfeedback ident="QUES_42757053_42761134_IF130833565"><material><mattext texttype="text/plain" /></material></itemfeedback><itemfeedback ident="QUES_42757053_42761134_IF130833566"><material><mattext texttype="text/plain" /></material></itemfeedback><itemfeedback ident="QUES_42757053_42761134_IF130833567"><material><mattext texttype="text/plain" /></material></itemfeedback><itemfeedback ident="QUES_42757053_42761134_IF130833568"><material><mattext texttype="text/plain" /></material></itemfeedback><itemfeedback ident="QUES_42757053_42761134_IF130833569"><material><mattext texttype="text/plain" /></material></itemfeedback><itemfeedback ident="QUES_42757053_42761134_IF130833570"><material><mattext texttype="text/plain" /></material></itemfeedback><itemfeedback ident="QUES_42757053_42761134_IF130833571"><material><mattext texttype="text/plain" /></material></itemfeedback><itemfeedback ident="QUES_42757053_42761134_IF130833572"><material><mattext texttype="text/plain" /></material></itemfeedback></item><item ident="OBJ_1651247" label="QUES_42757054_42761135" d2l_2p0:page="1"><itemmetadata><qtimetadata><qti_metadatafield><fieldlabel>qmd_computerscored</fieldlabel><fieldentry>yes</fieldentry></qti_metadatafield><qti_metadatafield><fieldlabel>qmd_questiontype</fieldlabel><fieldentry>Multiple Choice</fieldentry></qti_metadatafield><qti_metadatafield><fieldlabel>qmd_weighting</fieldlabel><fieldentry>1.000000000</fieldentry></qti_metadatafield><qti_metadatafield><fieldlabel>qmd_globalid</fieldlabel><fieldentry>bf999444-b529-45e1-9130-3decaa0de77a</fieldentry></qti_metadatafield><qti_metadatafield><fieldlabel>qmd_displayid</fieldlabel><fieldentry>Sample Course-74253</fieldentry></qti_metadatafield></qtimetadata></itemmetadata><itemproc_extension><d2l_2p0:difficulty>3</d2l_2p0:difficulty><d2l_2p0:isbonus>no</d2l_2p0:isbonus><d2l_2p0:ismandatory>yes</d2l_2p0:ismandatory></itemproc_extension><presentation><flow><material><mattext texttype="text/html">&lt;!--RsQ_010--&gt;&lt;span style="font-family:'Arial';"&gt;The graph of the function &lt;/span&gt;&lt;span style="font-family:'Arial';"&gt;&lt;i&gt;g&lt;/i&gt;&lt;/span&gt;&lt;span style="font-family:'Arial';"&gt; is shown below.&lt;br&gt;&lt;/span&gt;&lt;span style="font-family:'Arial'; color:#000000;"&gt;&lt;IMG src="ppg/respondus/Graphing_Derivatives_Pre_Video_Questions_BB_Test/previd_graphing_derivs_1.png" alt="image" align="bottom" border=0&gt;&lt;/span&gt;&lt;span style="font-family:'Arial';"&gt;&lt;br&gt;From the following expressions, identify the largest according to the numerical value they represent: &lt;br&gt;&lt;/span&gt;</mattext></material><response_extension><d2l_2p0:display_style>2</d2l_2p0:display_style><d2l_2p0:enumeration>6</d2l_2p0:enumeration><d2l_2p0:grading_type>0</d2l_2p0:grading_type></response_extension><response_lid ident="QUES_42757054_42761135_LID" rcardinality="Single"><render_choice shuffle="no"><flow_label class="Block"><response_label ident="QUES_42757054_42761135_A130833573"><flow_mat><material><mattext texttype="text/html">&lt;span style="font-family:'Arial';"&gt;&lt;i&gt;g'&lt;/i&gt;&lt;/span&gt;&lt;span style="font-family:'Arial';"&gt;(8) &lt;/span&gt;</mattext></material></flow_mat></response_label></flow_label><flow_label class="Block"><response_label ident="QUES_42757054_42761135_A130833574"><flow_mat><material><mattext texttype="text/html">&lt;span style="font-family:'Arial'; color:#000000;"&gt;&lt;IMG src="ppg/respondus/Graphing_Derivatives_Pre_Video_Questions_BB_Test/eq_e3ee8b.gif" alt="equation" border=0 align="absmiddle"&gt;&lt;/span&gt;&lt;span style="font-family:'Arial';"&gt; for &lt;/span&gt;&lt;span style="font-family:'Arial'; color:#000000;"&gt;&lt;IMG src="ppg/respondus/Graphing_Derivatives_Pre_Video_Questions_BB_Test/eq_e3eeae.gif" alt="equation" border=0 align="absmiddle"&gt;&lt;/span&gt;&lt;span style="font-family:'Arial';"&gt; &amp;gt; 0 &lt;/span&gt;</mattext></material></flow_mat></response_label></flow_label><flow_label class="Block"><response_label ident="QUES_42757054_42761135_A130833575"><flow_mat><material><mattext texttype="text/html">&lt;span style="font-family:'Arial';"&gt;&lt;i&gt;g(0)&lt;/i&gt;&lt;/span&gt;</mattext></material></flow_mat></response_label></flow_label><flow_label class="Block"><response_label ident="QUES_42757054_42761135_A130833576"><flow_mat><material><mattext texttype="text/html">&lt;span style="font-family:'Arial';"&gt;&lt;i&gt;g'(0)&lt;/i&gt;&lt;/span&gt;&lt;span style="font-family:'Arial';"&gt; &lt;/span&gt;</mattext></material></flow_mat></response_label></flow_label></render_choice></response_lid></flow></presentation><resprocessing><respcondition title="Response Condition 1"><conditionvar><varequal respident="QUES_42757054_42761135_LID">QUES_42757054_42761135_A130833573</varequal></conditionvar><setvar action="Set">0.000000000</setvar><displayfeedback feedbacktype="Response" linkrefid="QUES_42757054_42761135_IF130833573" /></respcondition><respcondition title="Response Condition 2"><conditionvar><varequal respident="QUES_42757054_42761135_LID">QUES_42757054_42761135_A130833574</varequal></conditionvar><setvar action="Set">100.000000000</setvar><displayfeedback feedbacktype="Response" linkrefid="QUES_42757054_42761135_IF130833574" /></respcondition><respcondition title="Response Condition 3"><conditionvar><varequal respident="QUES_42757054_42761135_LID">QUES_42757054_42761135_A130833575</varequal></conditionvar><setvar action="Set">0.000000000</setvar><displayfeedback feedbacktype="Response" linkrefid="QUES_42757054_42761135_IF130833575" /></respcondition><respcondition title="Response Condition 4"><conditionvar><varequal respident="QUES_42757054_42761135_LID">QUES_42757054_42761135_A130833576</varequal></conditionvar><setvar action="Set">0.000000000</setvar><displayfeedback feedbacktype="Response" linkrefid="QUES_42757054_42761135_IF130833576" /></respcondition></resprocessing><itemfeedback ident="QUES_42757054_42761135_IF130833573"><material><mattext texttype="text/plain" /></material></itemfeedback><itemfeedback ident="QUES_42757054_42761135_IF130833574"><material><mattext texttype="text/plain" /></material></itemfeedback><itemfeedback ident="QUES_42757054_42761135_IF130833575"><material><mattext texttype="text/plain" /></material></itemfeedback><itemfeedback ident="QUES_42757054_42761135_IF130833576"><material><mattext texttype="text/plain" /></material></itemfeedback></item><item ident="OBJ_1651248" label="QUES_42757055_42761136" d2l_2p0:page="1"><itemmetadata><qtimetadata><qti_metadatafield><fieldlabel>qmd_computerscored</fieldlabel><fieldentry>yes</fieldentry></qti_metadatafield><qti_metadatafield><fieldlabel>qmd_questiontype</fieldlabel><fieldentry>Multiple Choice</fieldentry></qti_metadatafield><qti_metadatafield><fieldlabel>qmd_weighting</fieldlabel><fieldentry>1.000000000</fieldentry></qti_metadatafield><qti_metadatafield><fieldlabel>qmd_globalid</fieldlabel><fieldentry>f17f64ad-f927-484e-8e44-d7841961018e</fieldentry></qti_metadatafield><qti_metadatafield><fieldlabel>qmd_displayid</fieldlabel><fieldentry>Sample Course-74254</fieldentry></qti_metadatafield></qtimetadata></itemmetadata><itemproc_extension><d2l_2p0:difficulty>3</d2l_2p0:difficulty><d2l_2p0:isbonus>no</d2l_2p0:isbonus><d2l_2p0:ismandatory>yes</d2l_2p0:ismandatory></itemproc_extension><presentation><flow><material><mattext texttype="text/html">&lt;!--RsQ_011--&gt;&lt;span style="font-family:'Arial';"&gt;The graph of the function &lt;/span&gt;&lt;span style="font-family:'Arial';"&gt;&lt;i&gt;g&lt;/i&gt;&lt;/span&gt;&lt;span style="font-family:'Arial';"&gt; is shown below.&lt;br&gt;&lt;/span&gt;&lt;span style="font-family:'Arial'; color:#000000;"&gt;&lt;IMG src="ppg/respondus/Graphing_Derivatives_Pre_Video_Questions_BB_Test/previd_graphing_derivs_1.png" alt="image" align="bottom" border=0&gt;&lt;/span&gt;&lt;span style="font-family:'Arial';"&gt;&lt;br&gt;From the following expressions, identify the smallest according to the numerical value they represent: &lt;br&gt;&lt;/span&gt;</mattext></material><response_extension><d2l_2p0:display_style>2</d2l_2p0:display_style><d2l_2p0:enumeration>6</d2l_2p0:enumeration><d2l_2p0:grading_type>0</d2l_2p0:grading_type></response_extension><response_lid ident="QUES_42757055_42761136_LID" rcardinality="Single"><render_choice shuffle="no"><flow_label class="Block"><response_label ident="QUES_42757055_42761136_A130833577"><flow_mat><material><mattext texttype="text/html">&lt;span style="font-family:'Arial';"&gt;&lt;i&gt;g'&lt;/i&gt;&lt;/span&gt;&lt;span style="font-family:'Arial';"&gt;(8) &lt;/span&gt;</mattext></material></flow_mat></response_label></flow_label><flow_label class="Block"><response_label ident="QUES_42757055_42761136_A130833578"><flow_mat><material><mattext texttype="text/html">&lt;span style="font-family:'Arial'; color:#000000;"&gt;&lt;IMG src="ppg/respondus/Graphing_Derivatives_Pre_Video_Questions_BB_Test/eq_e3ee8ba.gif" alt="equation" border=0 align="absmiddle"&gt;&lt;/span&gt;&lt;span style="font-family:'Arial';"&gt; for &lt;/span&gt;&lt;span style="font-family:'Arial'; color:#000000;"&gt;&lt;IMG src="ppg/respondus/Graphing_Derivatives_Pre_Video_Questions_BB_Test/eq_e3eeaea.gif" alt="equation" border=0 align="absmiddle"&gt;&lt;/span&gt;&lt;span style="font-family:'Arial';"&gt; &amp;gt; 0 &lt;/span&gt;</mattext></material></flow_mat></response_label></flow_label><flow_label class="Block"><response_label ident="QUES_42757055_42761136_A130833579"><flow_mat><material><mattext texttype="text/html">&lt;span style="font-family:'Arial';"&gt;&lt;i&gt;g(0)&lt;/i&gt;&lt;/span&gt;</mattext></material></flow_mat></response_label></flow_label><flow_label class="Block"><response_label ident="QUES_42757055_42761136_A130833580"><flow_mat><material><mattext texttype="text/html">&lt;span style="font-family:'Arial';"&gt;&lt;i&gt;g'(0)&lt;/i&gt;&lt;/span&gt;&lt;span style="font-family:'Arial';"&gt; &lt;/span&gt;</mattext></material></flow_mat></response_label></flow_label></render_choice></response_lid></flow></presentation><resprocessing><respcondition title="Response Condition 1"><conditionvar><varequal respident="QUES_42757055_42761136_LID">QUES_42757055_42761136_A130833577</varequal></conditionvar><setvar action="Set">0.000000000</setvar><displayfeedback feedbacktype="Response" linkrefid="QUES_42757055_42761136_IF130833577" /></respcondition><respcondition title="Response Condition 2"><conditionvar><varequal respident="QUES_42757055_42761136_LID">QUES_42757055_42761136_A130833578</varequal></conditionvar><setvar action="Set">0.000000000</setvar><displayfeedback feedbacktype="Response" linkrefid="QUES_42757055_42761136_IF130833578" /></respcondition><respcondition title="Response Condition 3"><conditionvar><varequal respident="QUES_42757055_42761136_LID">QUES_42757055_42761136_A130833579</varequal></conditionvar><setvar action="Set">0.000000000</setvar><displayfeedback feedbacktype="Response" linkrefid="QUES_42757055_42761136_IF130833579" /></respcondition><respcondition title="Response Condition 4"><conditionvar><varequal respident="QUES_42757055_42761136_LID">QUES_42757055_42761136_A130833580</varequal></conditionvar><setvar action="Set">100.000000000</setvar><displayfeedback feedbacktype="Response" linkrefid="QUES_42757055_42761136_IF130833580" /></respcondition></resprocessing><itemfeedback ident="QUES_42757055_42761136_IF130833577"><material><mattext texttype="text/plain" /></material></itemfeedback><itemfeedback ident="QUES_42757055_42761136_IF130833578"><material><mattext texttype="text/plain" /></material></itemfeedback><itemfeedback ident="QUES_42757055_42761136_IF130833579"><material><mattext texttype="text/plain" /></material></itemfeedback><itemfeedback ident="QUES_42757055_42761136_IF130833580"><material><mattext texttype="text/plain" /></material></itemfeedback></item></section></assessment></questestinterop>