﻿<?xml version="1.0" encoding="UTF-8"?><questestinterop xmlns:d2l_2p0="http://desire2learn.com/xsd/d2lcp_v2p0"><assessment d2l_2p0:id="473" title="Continuity PostVideo Questions" ident="res_quiz_122428" d2l_2p0:resource_code="ef9e56cc46d3486a98963923-153"><rubric><flow_mat><material><mattext d2l_2p0:isdisplayed="no" texttype="text/html" /></material></flow_mat></rubric><assessmentcontrol hintswitch="no" solutionswitch="yes" feedbackswitch="no" /><presentation_material><flow_mat><material label="page header"><mattext d2l_2p0:isdisplayed="no" texttype="text/html" /></material><material label="page footer"><mattext d2l_2p0:isdisplayed="no" texttype="text/html" /></material></flow_mat></presentation_material><assess_procextension><d2l_2p0:intro_message d2l_2p0:isdisplayed="yes" texttype="text/html">Respondus</d2l_2p0:intro_message><d2l_2p0:disable_right_click>no</d2l_2p0:disable_right_click><d2l_2p0:disable_pager_access>no</d2l_2p0:disable_pager_access><is_active>yes</is_active><d2l_2p0:date_start /><d2l_2p0:date_end /><d2l_2p0:date_due /><d2l_2p0:has_schedule_event>no</d2l_2p0:has_schedule_event><d2l_2p0:is_attempt_Rldb>no</d2l_2p0:is_attempt_Rldb><d2l_2p0:is_subview_Rldb>no</d2l_2p0:is_subview_Rldb><d2l_2p0:time_limit>120</d2l_2p0:time_limit><d2l_2p0:show_clock>yes</d2l_2p0:show_clock><d2l_2p0:enforce_time_limit>yes</d2l_2p0:enforce_time_limit><d2l_2p0:grace_period>5</d2l_2p0:grace_period><d2l_2p0:late_limit>0</d2l_2p0:late_limit><d2l_2p0:attempts_allowed>3</d2l_2p0:attempts_allowed><d2l_2p0:attempt_restrictions /><d2l_2p0:mark_calculation_type>1</d2l_2p0:mark_calculation_type><d2l_2p0:is_forward_only>no</d2l_2p0:is_forward_only></assess_procextension><assessfeedback title=""><rubric><flow_mat><material><mattext texttype="yes">Your quiz has been submitted successfully.</mattext></material></flow_mat></rubric><d2l_2p0:duration>0</d2l_2p0:duration><d2l_2p0:response_display_type_id>1</d2l_2p0:response_display_type_id><d2l_2p0:show_correct_answers>no</d2l_2p0:show_correct_answers><d2l_2p0:submission_restrictip>no</d2l_2p0:submission_restrictip><d2l_2p0:show_class_average>no</d2l_2p0:show_class_average><d2l_2p0:show_score_distribution>no</d2l_2p0:show_score_distribution></assessfeedback><section ident="CONTAINER_SECTION"><item ident="OBJ_1651229" label="QUES_42757036_42761117" d2l_2p0:page="1"><itemmetadata><qtimetadata><qti_metadatafield><fieldlabel>qmd_computerscored</fieldlabel><fieldentry>yes</fieldentry></qti_metadatafield><qti_metadatafield><fieldlabel>qmd_questiontype</fieldlabel><fieldentry>Multiple Choice</fieldentry></qti_metadatafield><qti_metadatafield><fieldlabel>qmd_weighting</fieldlabel><fieldentry>1.000000000</fieldentry></qti_metadatafield><qti_metadatafield><fieldlabel>qmd_globalid</fieldlabel><fieldentry>624631d4-19fa-4744-9d54-c984b2fc7919</fieldentry></qti_metadatafield><qti_metadatafield><fieldlabel>qmd_displayid</fieldlabel><fieldentry>Sample Course-74235</fieldentry></qti_metadatafield></qtimetadata></itemmetadata><itemproc_extension><d2l_2p0:difficulty>3</d2l_2p0:difficulty><d2l_2p0:isbonus>no</d2l_2p0:isbonus><d2l_2p0:ismandatory>yes</d2l_2p0:ismandatory></itemproc_extension><presentation><flow><material><mattext texttype="text/html">&lt;!--RsQ_001--&gt;&lt;span style="font-family:'Arial';"&gt;Below is the graph of &lt;/span&gt;&lt;span style="font-family:'Arial'; color:#000000;"&gt;&lt;IMG src="ppg/respondus/Continuity_Post_BB_Test/eq_207561.gif" alt="equation" border=0 align="absmiddle"&gt;&lt;/span&gt;&lt;span style="font-family:'Arial';"&gt;&lt;br&gt;&lt;/span&gt;&lt;span style="font-family:'Arial'; color:#000000;"&gt;&lt;IMG src="ppg/respondus/Continuity_Post_BB_Test/post_question_1.png" alt="image" align="bottom" border=0&gt;&lt;/span&gt;&lt;span style="font-family:'Arial';"&gt; &lt;/span&gt;</mattext></material><response_extension><d2l_2p0:display_style>2</d2l_2p0:display_style><d2l_2p0:enumeration>6</d2l_2p0:enumeration><d2l_2p0:grading_type>0</d2l_2p0:grading_type></response_extension><response_lid ident="QUES_42757036_42761117_LID" rcardinality="Single"><render_choice shuffle="no"><flow_label class="Block"><response_label ident="QUES_42757036_42761117_A130833492"><flow_mat><material><mattext texttype="text/html">&lt;span style="font-family:'Arial'; color:#000000;"&gt;&lt;IMG src="ppg/respondus/Continuity_Post_BB_Test/eq_20757e.gif" alt="equation" border=0 align="absmiddle"&gt;&lt;/span&gt;&lt;span style="font-family:'Arial';"&gt; is defined &lt;/span&gt;</mattext></material></flow_mat></response_label></flow_label><flow_label class="Block"><response_label ident="QUES_42757036_42761117_A130833493"><flow_mat><material><mattext texttype="text/html">&lt;span style="font-family:'Arial'; color:#000000;"&gt;&lt;IMG src="ppg/respondus/Continuity_Post_BB_Test/eq_207585.gif" alt="equation" border=0 align="absmiddle"&gt;&lt;/span&gt;&lt;span style="font-family:'Arial';"&gt; exists &lt;/span&gt;</mattext></material></flow_mat></response_label></flow_label><flow_label class="Block"><response_label ident="QUES_42757036_42761117_A130833494"><flow_mat><material><mattext texttype="text/html">&lt;span style="font-family:'Arial'; color:#000000;"&gt;&lt;IMG src="ppg/respondus/Continuity_Post_BB_Test/eq_2075a2.gif" alt="equation" border=0 align="absmiddle"&gt;&lt;/span&gt;&lt;span style="font-family:'Arial';"&gt; &lt;/span&gt;</mattext></material></flow_mat></response_label></flow_label><flow_label class="Block"><response_label ident="QUES_42757036_42761117_A130833495"><flow_mat><material><mattext texttype="text/html">&lt;span style="font-family:'Arial';"&gt;both (a) and (b) are true.&lt;/span&gt;</mattext></material></flow_mat></response_label></flow_label><flow_label class="Block"><response_label ident="QUES_42757036_42761117_A130833496"><flow_mat><material><mattext texttype="text/html">&lt;span style="font-family:'Arial';"&gt;(a), (b), and (c) are true&lt;/span&gt;</mattext></material></flow_mat></response_label></flow_label></render_choice></response_lid></flow></presentation><resprocessing><respcondition title="Response Condition 1"><conditionvar><varequal respident="QUES_42757036_42761117_LID">QUES_42757036_42761117_A130833492</varequal></conditionvar><setvar action="Set">0.000000000</setvar><displayfeedback feedbacktype="Response" linkrefid="QUES_42757036_42761117_IF130833492" /></respcondition><respcondition title="Response Condition 2"><conditionvar><varequal respident="QUES_42757036_42761117_LID">QUES_42757036_42761117_A130833493</varequal></conditionvar><setvar action="Set">100.000000000</setvar><displayfeedback feedbacktype="Response" linkrefid="QUES_42757036_42761117_IF130833493" /></respcondition><respcondition title="Response Condition 3"><conditionvar><varequal respident="QUES_42757036_42761117_LID">QUES_42757036_42761117_A130833494</varequal></conditionvar><setvar action="Set">0.000000000</setvar><displayfeedback feedbacktype="Response" linkrefid="QUES_42757036_42761117_IF130833494" /></respcondition><respcondition title="Response Condition 4"><conditionvar><varequal respident="QUES_42757036_42761117_LID">QUES_42757036_42761117_A130833495</varequal></conditionvar><setvar action="Set">0.000000000</setvar><displayfeedback feedbacktype="Response" linkrefid="QUES_42757036_42761117_IF130833495" /></respcondition><respcondition title="Response Condition 5"><conditionvar><varequal respident="QUES_42757036_42761117_LID">QUES_42757036_42761117_A130833496</varequal></conditionvar><setvar action="Set">0.000000000</setvar><displayfeedback feedbacktype="Response" linkrefid="QUES_42757036_42761117_IF130833496" /></respcondition></resprocessing><itemfeedback ident="QUES_42757036_42761117_IF130833492"><material><mattext texttype="text/plain" /></material></itemfeedback><itemfeedback ident="QUES_42757036_42761117_IF130833493"><material><mattext texttype="text/plain" /></material></itemfeedback><itemfeedback ident="QUES_42757036_42761117_IF130833494"><material><mattext texttype="text/plain" /></material></itemfeedback><itemfeedback ident="QUES_42757036_42761117_IF130833495"><material><mattext texttype="text/plain" /></material></itemfeedback><itemfeedback ident="QUES_42757036_42761117_IF130833496"><material><mattext texttype="text/plain" /></material></itemfeedback></item><item ident="OBJ_1651230" label="QUES_42757037_42761118" d2l_2p0:page="1"><itemmetadata><qtimetadata><qti_metadatafield><fieldlabel>qmd_computerscored</fieldlabel><fieldentry>yes</fieldentry></qti_metadatafield><qti_metadatafield><fieldlabel>qmd_questiontype</fieldlabel><fieldentry>Multiple Choice</fieldentry></qti_metadatafield><qti_metadatafield><fieldlabel>qmd_weighting</fieldlabel><fieldentry>1.000000000</fieldentry></qti_metadatafield><qti_metadatafield><fieldlabel>qmd_globalid</fieldlabel><fieldentry>47e0d7b7-aff6-46e8-91c5-0337176a85d4</fieldentry></qti_metadatafield><qti_metadatafield><fieldlabel>qmd_displayid</fieldlabel><fieldentry>Sample Course-74236</fieldentry></qti_metadatafield></qtimetadata></itemmetadata><itemproc_extension><d2l_2p0:difficulty>3</d2l_2p0:difficulty><d2l_2p0:isbonus>no</d2l_2p0:isbonus><d2l_2p0:ismandatory>yes</d2l_2p0:ismandatory></itemproc_extension><presentation><flow><material><mattext texttype="text/html">&lt;!--RsQ_002--&gt;&lt;span style="font-family:'Arial';"&gt;Consider the piecewise function defined by &lt;/span&gt;&lt;span style="font-family:'Arial'; color:#000000;"&gt;&lt;IMG src="ppg/respondus/Continuity_Post_BB_Test/capturepost.png" alt="image" align="bottom" border=0&gt;&lt;/span&gt;&lt;span style="font-family:'Arial';"&gt; which value for &lt;/span&gt;&lt;span style="font-family:'Arial'; color:#000000;"&gt;&lt;IMG src="ppg/respondus/Continuity_Post_BB_Test/eq_208043.gif" alt="equation" border=0 align="absmiddle"&gt;&lt;/span&gt;&lt;span style="font-family:'Arial';"&gt; makes the function &lt;/span&gt;&lt;span style="font-family:'Arial'; color:#000000;"&gt;&lt;IMG src="ppg/respondus/Continuity_Post_BB_Test/eq_20804a.gif" alt="equation" border=0 align="absmiddle"&gt;&lt;/span&gt;&lt;span style="font-family:'Arial';"&gt; continuous? &lt;/span&gt;</mattext></material><response_extension><d2l_2p0:display_style>2</d2l_2p0:display_style><d2l_2p0:enumeration>6</d2l_2p0:enumeration><d2l_2p0:grading_type>0</d2l_2p0:grading_type></response_extension><response_lid ident="QUES_42757037_42761118_LID" rcardinality="Single"><render_choice shuffle="no"><flow_label class="Block"><response_label ident="QUES_42757037_42761118_A130833497"><flow_mat><material><mattext texttype="text/html">&lt;span style="font-family:'Arial';"&gt;-3 &lt;/span&gt;</mattext></material></flow_mat></response_label></flow_label><flow_label class="Block"><response_label ident="QUES_42757037_42761118_A130833498"><flow_mat><material><mattext texttype="text/html">&lt;span style="font-family:'Arial';"&gt;1 &lt;/span&gt;</mattext></material></flow_mat></response_label></flow_label><flow_label class="Block"><response_label ident="QUES_42757037_42761118_A130833499"><flow_mat><material><mattext texttype="text/html">&lt;span style="font-family:'Arial';"&gt;2&lt;/span&gt;</mattext></material></flow_mat></response_label></flow_label><flow_label class="Block"><response_label ident="QUES_42757037_42761118_A130833500"><flow_mat><material><mattext texttype="text/html">&lt;span style="font-family:'Arial';"&gt;3&lt;/span&gt;</mattext></material></flow_mat></response_label></flow_label><flow_label class="Block"><response_label ident="QUES_42757037_42761118_A130833501"><flow_mat><material><mattext texttype="text/html">&lt;span style="font-family:'Arial';"&gt;4&lt;/span&gt;</mattext></material></flow_mat></response_label></flow_label></render_choice></response_lid></flow></presentation><resprocessing><respcondition title="Response Condition 1"><conditionvar><varequal respident="QUES_42757037_42761118_LID">QUES_42757037_42761118_A130833497</varequal></conditionvar><setvar action="Set">100.000000000</setvar><displayfeedback feedbacktype="Response" linkrefid="QUES_42757037_42761118_IF130833497" /></respcondition><respcondition title="Response Condition 2"><conditionvar><varequal respident="QUES_42757037_42761118_LID">QUES_42757037_42761118_A130833498</varequal></conditionvar><setvar action="Set">0.000000000</setvar><displayfeedback feedbacktype="Response" linkrefid="QUES_42757037_42761118_IF130833498" /></respcondition><respcondition title="Response Condition 3"><conditionvar><varequal respident="QUES_42757037_42761118_LID">QUES_42757037_42761118_A130833499</varequal></conditionvar><setvar action="Set">0.000000000</setvar><displayfeedback feedbacktype="Response" linkrefid="QUES_42757037_42761118_IF130833499" /></respcondition><respcondition title="Response Condition 4"><conditionvar><varequal respident="QUES_42757037_42761118_LID">QUES_42757037_42761118_A130833500</varequal></conditionvar><setvar action="Set">0.000000000</setvar><displayfeedback feedbacktype="Response" linkrefid="QUES_42757037_42761118_IF130833500" /></respcondition><respcondition title="Response Condition 5"><conditionvar><varequal respident="QUES_42757037_42761118_LID">QUES_42757037_42761118_A130833501</varequal></conditionvar><setvar action="Set">0.000000000</setvar><displayfeedback feedbacktype="Response" linkrefid="QUES_42757037_42761118_IF130833501" /></respcondition></resprocessing><itemfeedback ident="QUES_42757037_42761118_IF130833497"><material><mattext texttype="text/plain" /></material></itemfeedback><itemfeedback ident="QUES_42757037_42761118_IF130833498"><material><mattext texttype="text/plain" /></material></itemfeedback><itemfeedback ident="QUES_42757037_42761118_IF130833499"><material><mattext texttype="text/plain" /></material></itemfeedback><itemfeedback ident="QUES_42757037_42761118_IF130833500"><material><mattext texttype="text/plain" /></material></itemfeedback><itemfeedback ident="QUES_42757037_42761118_IF130833501"><material><mattext texttype="text/plain" /></material></itemfeedback></item><item ident="OBJ_1651231" label="QUES_42757038_42761119" d2l_2p0:page="1"><itemmetadata><qtimetadata><qti_metadatafield><fieldlabel>qmd_computerscored</fieldlabel><fieldentry>yes</fieldentry></qti_metadatafield><qti_metadatafield><fieldlabel>qmd_questiontype</fieldlabel><fieldentry>Multiple Choice</fieldentry></qti_metadatafield><qti_metadatafield><fieldlabel>qmd_weighting</fieldlabel><fieldentry>1.000000000</fieldentry></qti_metadatafield><qti_metadatafield><fieldlabel>qmd_globalid</fieldlabel><fieldentry>23feef52-b534-4fe2-8be3-67e976217773</fieldentry></qti_metadatafield><qti_metadatafield><fieldlabel>qmd_displayid</fieldlabel><fieldentry>Sample Course-74237</fieldentry></qti_metadatafield></qtimetadata></itemmetadata><itemproc_extension><d2l_2p0:difficulty>3</d2l_2p0:difficulty><d2l_2p0:isbonus>no</d2l_2p0:isbonus><d2l_2p0:ismandatory>yes</d2l_2p0:ismandatory></itemproc_extension><presentation><flow><material><mattext texttype="text/html">&lt;!--RsQ_003--&gt;&lt;span style="font-family:'Arial';"&gt;Below is the graph of &lt;/span&gt;&lt;span style="font-family:'Arial'; color:#000000;"&gt;&lt;IMG src="ppg/respondus/Continuity_Post_BB_Test/eq_208074.gif" alt="equation" border=0 align="absmiddle"&gt;&lt;/span&gt;&lt;span style="font-family:'Arial';"&gt;.&lt;br&gt;&lt;/span&gt;&lt;span style="font-family:'Arial'; color:#000000;"&gt;&lt;IMG src="ppg/respondus/Continuity_Post_BB_Test/post_question_3.png" alt="image" align="bottom" border=0&gt;&lt;/span&gt;&lt;span style="font-family:'Arial';"&gt;&lt;br&gt;Which statement about this function is true? &lt;/span&gt;</mattext></material><response_extension><d2l_2p0:display_style>2</d2l_2p0:display_style><d2l_2p0:enumeration>6</d2l_2p0:enumeration><d2l_2p0:grading_type>0</d2l_2p0:grading_type></response_extension><response_lid ident="QUES_42757038_42761119_LID" rcardinality="Single"><render_choice shuffle="no"><flow_label class="Block"><response_label ident="QUES_42757038_42761119_A130833502"><flow_mat><material><mattext texttype="text/html">&lt;span style="font-family:'Arial'; color:#000000;"&gt;&lt;IMG src="ppg/respondus/Continuity_Post_BB_Test/eq_2080ac.gif" alt="equation" border=0 align="absmiddle"&gt;&lt;/span&gt;&lt;span style="font-family:'Arial';"&gt; is defined &lt;/span&gt;</mattext></material></flow_mat></response_label></flow_label><flow_label class="Block"><response_label ident="QUES_42757038_42761119_A130833503"><flow_mat><material><mattext texttype="text/html">&lt;span style="font-family:'Arial'; color:#000000;"&gt;&lt;IMG src="ppg/respondus/Continuity_Post_BB_Test/eq_2080b4.gif" alt="equation" border=0 align="absmiddle"&gt;&lt;/span&gt;&lt;span style="font-family:'Arial';"&gt; exists &lt;/span&gt;</mattext></material></flow_mat></response_label></flow_label><flow_label class="Block"><response_label ident="QUES_42757038_42761119_A130833504"><flow_mat><material><mattext texttype="text/html">&lt;span style="font-family:'Arial'; color:#000000;"&gt;&lt;IMG src="ppg/respondus/Continuity_Post_BB_Test/eq_2080c9.gif" alt="equation" border=0 align="absmiddle"&gt;&lt;/span&gt;&lt;span style="font-family:'Arial';"&gt; &lt;/span&gt;</mattext></material></flow_mat></response_label></flow_label><flow_label class="Block"><response_label ident="QUES_42757038_42761119_A130833505"><flow_mat><material><mattext texttype="text/html">&lt;span style="font-family:'Arial';"&gt;Both (a) and (b) are true.&lt;/span&gt;</mattext></material></flow_mat></response_label></flow_label><flow_label class="Block"><response_label ident="QUES_42757038_42761119_A130833506"><flow_mat><material><mattext texttype="text/html">&lt;span style="font-family:'Arial';"&gt;(a), (b), and (c) are true&lt;/span&gt;</mattext></material></flow_mat></response_label></flow_label></render_choice></response_lid></flow></presentation><resprocessing><respcondition title="Response Condition 1"><conditionvar><varequal respident="QUES_42757038_42761119_LID">QUES_42757038_42761119_A130833502</varequal></conditionvar><setvar action="Set">100.000000000</setvar><displayfeedback feedbacktype="Response" linkrefid="QUES_42757038_42761119_IF130833502" /></respcondition><respcondition title="Response Condition 2"><conditionvar><varequal respident="QUES_42757038_42761119_LID">QUES_42757038_42761119_A130833503</varequal></conditionvar><setvar action="Set">0.000000000</setvar><displayfeedback feedbacktype="Response" linkrefid="QUES_42757038_42761119_IF130833503" /></respcondition><respcondition title="Response Condition 3"><conditionvar><varequal respident="QUES_42757038_42761119_LID">QUES_42757038_42761119_A130833504</varequal></conditionvar><setvar action="Set">0.000000000</setvar><displayfeedback feedbacktype="Response" linkrefid="QUES_42757038_42761119_IF130833504" /></respcondition><respcondition title="Response Condition 4"><conditionvar><varequal respident="QUES_42757038_42761119_LID">QUES_42757038_42761119_A130833505</varequal></conditionvar><setvar action="Set">0.000000000</setvar><displayfeedback feedbacktype="Response" linkrefid="QUES_42757038_42761119_IF130833505" /></respcondition><respcondition title="Response Condition 5"><conditionvar><varequal respident="QUES_42757038_42761119_LID">QUES_42757038_42761119_A130833506</varequal></conditionvar><setvar action="Set">0.000000000</setvar><displayfeedback feedbacktype="Response" linkrefid="QUES_42757038_42761119_IF130833506" /></respcondition></resprocessing><itemfeedback ident="QUES_42757038_42761119_IF130833502"><material><mattext texttype="text/plain" /></material></itemfeedback><itemfeedback ident="QUES_42757038_42761119_IF130833503"><material><mattext texttype="text/plain" /></material></itemfeedback><itemfeedback ident="QUES_42757038_42761119_IF130833504"><material><mattext texttype="text/plain" /></material></itemfeedback><itemfeedback ident="QUES_42757038_42761119_IF130833505"><material><mattext texttype="text/plain" /></material></itemfeedback><itemfeedback ident="QUES_42757038_42761119_IF130833506"><material><mattext texttype="text/plain" /></material></itemfeedback></item><item ident="OBJ_1651232" label="QUES_42757039_42761120" d2l_2p0:page="1"><itemmetadata><qtimetadata><qti_metadatafield><fieldlabel>qmd_computerscored</fieldlabel><fieldentry>yes</fieldentry></qti_metadatafield><qti_metadatafield><fieldlabel>qmd_questiontype</fieldlabel><fieldentry>Multiple Choice</fieldentry></qti_metadatafield><qti_metadatafield><fieldlabel>qmd_weighting</fieldlabel><fieldentry>1.000000000</fieldentry></qti_metadatafield><qti_metadatafield><fieldlabel>qmd_globalid</fieldlabel><fieldentry>06695312-4b89-4b03-9f12-8e05c9904392</fieldentry></qti_metadatafield><qti_metadatafield><fieldlabel>qmd_displayid</fieldlabel><fieldentry>Sample Course-74238</fieldentry></qti_metadatafield></qtimetadata></itemmetadata><itemproc_extension><d2l_2p0:difficulty>3</d2l_2p0:difficulty><d2l_2p0:isbonus>no</d2l_2p0:isbonus><d2l_2p0:ismandatory>yes</d2l_2p0:ismandatory></itemproc_extension><presentation><flow><material><mattext texttype="text/html">&lt;!--RsQ_004--&gt;&lt;span style="font-family:'Arial';"&gt;Below is the graph of &lt;/span&gt;&lt;span style="font-family:'Arial'; color:#000000;"&gt;&lt;IMG src="ppg/respondus/Continuity_Post_BB_Test/eq_2080fb.gif" alt="equation" border=0 align="absmiddle"&gt;&lt;/span&gt;&lt;span style="font-family:'Arial';"&gt;.&lt;br&gt;&lt;/span&gt;&lt;span style="font-family:'Arial'; color:#000000;"&gt;&lt;IMG src="ppg/respondus/Continuity_Post_BB_Test/post_question_4.png" alt="image" align="bottom" border=0&gt;&lt;/span&gt;&lt;span style="font-family:'Arial';"&gt;&lt;br&gt;is &lt;/span&gt;&lt;span style="font-family:'Arial'; color:#000000;"&gt;&lt;IMG src="ppg/respondus/Continuity_Post_BB_Test/eq_20812a.gif" alt="equation" border=0 align="absmiddle"&gt;&lt;/span&gt;&lt;span style="font-family:'Arial';"&gt; continuous for all values of x? &lt;/span&gt;</mattext></material><response_extension><d2l_2p0:display_style>2</d2l_2p0:display_style><d2l_2p0:enumeration>6</d2l_2p0:enumeration><d2l_2p0:grading_type>0</d2l_2p0:grading_type></response_extension><response_lid ident="QUES_42757039_42761120_LID" rcardinality="Single"><render_choice shuffle="no"><flow_label class="Block"><response_label ident="QUES_42757039_42761120_A130833507"><flow_mat><material><mattext texttype="text/html">&lt;span style="font-family:'Arial';"&gt;Yes&lt;/span&gt;</mattext></material></flow_mat></response_label></flow_label><flow_label class="Block"><response_label ident="QUES_42757039_42761120_A130833508"><flow_mat><material><mattext texttype="text/html">&lt;span style="font-family:'Arial';"&gt;No&lt;/span&gt;</mattext></material></flow_mat></response_label></flow_label><flow_label class="Block"><response_label ident="QUES_42757039_42761120_A130833509"><flow_mat><material><mattext texttype="text/html">&lt;span style="font-family:'Arial';"&gt;I need more information to answer this question&lt;/span&gt;</mattext></material></flow_mat></response_label></flow_label></render_choice></response_lid></flow></presentation><resprocessing><respcondition title="Response Condition 1"><conditionvar><varequal respident="QUES_42757039_42761120_LID">QUES_42757039_42761120_A130833507</varequal></conditionvar><setvar action="Set">0.000000000</setvar><displayfeedback feedbacktype="Response" linkrefid="QUES_42757039_42761120_IF130833507" /></respcondition><respcondition title="Response Condition 2"><conditionvar><varequal respident="QUES_42757039_42761120_LID">QUES_42757039_42761120_A130833508</varequal></conditionvar><setvar action="Set">100.000000000</setvar><displayfeedback feedbacktype="Response" linkrefid="QUES_42757039_42761120_IF130833508" /></respcondition><respcondition title="Response Condition 3"><conditionvar><varequal respident="QUES_42757039_42761120_LID">QUES_42757039_42761120_A130833509</varequal></conditionvar><setvar action="Set">0.000000000</setvar><displayfeedback feedbacktype="Response" linkrefid="QUES_42757039_42761120_IF130833509" /></respcondition></resprocessing><itemfeedback ident="QUES_42757039_42761120_IF130833507"><material><mattext texttype="text/plain" /></material></itemfeedback><itemfeedback ident="QUES_42757039_42761120_IF130833508"><material><mattext texttype="text/plain" /></material></itemfeedback><itemfeedback ident="QUES_42757039_42761120_IF130833509"><material><mattext texttype="text/plain" /></material></itemfeedback></item></section></assessment></questestinterop>