﻿<?xml version="1.0" encoding="UTF-8"?><questestinterop xmlns:d2l_2p0="http://desire2learn.com/xsd/d2lcp_v2p0"><assessment d2l_2p0:id="409" title="Chain Rule PostVideo Questions" ident="res_quiz_122364" d2l_2p0:resource_code="ef9e56cc46d3486a98963923-89"><rubric><flow_mat><material><mattext d2l_2p0:isdisplayed="no" texttype="text/html" /></material></flow_mat></rubric><assessmentcontrol hintswitch="no" solutionswitch="yes" feedbackswitch="no" /><presentation_material><flow_mat><material label="page header"><mattext d2l_2p0:isdisplayed="no" texttype="text/html" /></material><material label="page footer"><mattext d2l_2p0:isdisplayed="no" texttype="text/html" /></material></flow_mat></presentation_material><assess_procextension><d2l_2p0:intro_message d2l_2p0:isdisplayed="yes" texttype="text/html">Respondus</d2l_2p0:intro_message><d2l_2p0:disable_right_click>no</d2l_2p0:disable_right_click><d2l_2p0:disable_pager_access>no</d2l_2p0:disable_pager_access><is_active>yes</is_active><d2l_2p0:date_start /><d2l_2p0:date_end /><d2l_2p0:date_due /><d2l_2p0:has_schedule_event>no</d2l_2p0:has_schedule_event><d2l_2p0:is_attempt_Rldb>no</d2l_2p0:is_attempt_Rldb><d2l_2p0:is_subview_Rldb>no</d2l_2p0:is_subview_Rldb><d2l_2p0:time_limit>120</d2l_2p0:time_limit><d2l_2p0:show_clock>yes</d2l_2p0:show_clock><d2l_2p0:enforce_time_limit>yes</d2l_2p0:enforce_time_limit><d2l_2p0:grace_period>5</d2l_2p0:grace_period><d2l_2p0:late_limit>0</d2l_2p0:late_limit><d2l_2p0:attempts_allowed>3</d2l_2p0:attempts_allowed><d2l_2p0:attempt_restrictions /><d2l_2p0:mark_calculation_type>1</d2l_2p0:mark_calculation_type><d2l_2p0:is_forward_only>no</d2l_2p0:is_forward_only></assess_procextension><assessfeedback title=""><rubric><flow_mat><material><mattext texttype="yes">Your quiz has been submitted successfully.</mattext></material></flow_mat></rubric><d2l_2p0:duration>0</d2l_2p0:duration><d2l_2p0:response_display_type_id>1</d2l_2p0:response_display_type_id><d2l_2p0:show_correct_answers>no</d2l_2p0:show_correct_answers><d2l_2p0:submission_restrictip>no</d2l_2p0:submission_restrictip><d2l_2p0:show_class_average>no</d2l_2p0:show_class_average><d2l_2p0:show_score_distribution>no</d2l_2p0:show_score_distribution></assessfeedback><section ident="CONTAINER_SECTION"><item ident="OBJ_1651061" label="QUES_42756868_42760949" d2l_2p0:page="1"><itemmetadata><qtimetadata><qti_metadatafield><fieldlabel>qmd_computerscored</fieldlabel><fieldentry>yes</fieldentry></qti_metadatafield><qti_metadatafield><fieldlabel>qmd_questiontype</fieldlabel><fieldentry>Short Answer</fieldentry></qti_metadatafield><qti_metadatafield><fieldlabel>qmd_weighting</fieldlabel><fieldentry>1.000000000</fieldentry></qti_metadatafield><qti_metadatafield><fieldlabel>qmd_globalid</fieldlabel><fieldentry>9001a117-52ff-4276-be40-dde996f7dbff</fieldentry></qti_metadatafield><qti_metadatafield><fieldlabel>qmd_displayid</fieldlabel><fieldentry>Sample Course-74067</fieldentry></qti_metadatafield></qtimetadata></itemmetadata><itemproc_extension><d2l_2p0:difficulty>3</d2l_2p0:difficulty><d2l_2p0:isbonus>no</d2l_2p0:isbonus><d2l_2p0:ismandatory>yes</d2l_2p0:ismandatory></itemproc_extension><presentation><flow><material><mattext texttype="text/html">&lt;!--RsQ_001--&gt;&lt;span style="font-family:'Arial';"&gt;&lt;i&gt;f(x)&lt;/i&gt;&lt;/span&gt;&lt;span style="font-family:'Arial';"&gt; = ln(sin(&lt;/span&gt;&lt;span style="font-family:'Arial';"&gt;&lt;i&gt;x&lt;/i&gt;&lt;/span&gt;&lt;span style="font-family:'Arial';"&gt;)), &lt;/span&gt;&lt;span style="font-family:'Arial';"&gt;&lt;i&gt;f'(x) = &lt;/i&gt;&lt;/span&gt;</mattext></material><response_extension><d2l_2p0:grading_type>0</d2l_2p0:grading_type></response_extension><response_str ident="QUES_42756868_42760949_A130832570_STR" rcardinality="Single"><render_fib rows="1" columns="60" prompt="Box" fibtype="String"><response_label ident="QUES_42756868_42760949_A130832570_ANS" /></render_fib></response_str></flow></presentation><resprocessing><outcomes><decvar vartype="Integer" minvalue="0" maxvalue="100" varname="Blank_1" /></outcomes><respcondition><conditionvar><varequal respident="QUES_42756868_42760949_A130832570_ANS" case="no">cos(x)/sin(x)</varequal></conditionvar><setvar action="Set">100.000000000</setvar></respcondition><respcondition><conditionvar><varequal respident="QUES_42756868_42760949_A130832570_ANS" case="no">1/sin(x) * cos(x)</varequal></conditionvar><setvar action="Set">100.000000000</setvar></respcondition><respcondition><conditionvar><varequal respident="QUES_42756868_42760949_A130832570_ANS" case="no">cos(x) * 1/sin(x)</varequal></conditionvar><setvar action="Set">100.000000000</setvar></respcondition><respcondition><conditionvar><other /></conditionvar><setvar varname="que_score" action="Set">D2L_Correct</setvar></respcondition></resprocessing></item><item ident="OBJ_1651062" label="QUES_42756869_42760950" d2l_2p0:page="1"><itemmetadata><qtimetadata><qti_metadatafield><fieldlabel>qmd_computerscored</fieldlabel><fieldentry>yes</fieldentry></qti_metadatafield><qti_metadatafield><fieldlabel>qmd_questiontype</fieldlabel><fieldentry>Short Answer</fieldentry></qti_metadatafield><qti_metadatafield><fieldlabel>qmd_weighting</fieldlabel><fieldentry>1.000000000</fieldentry></qti_metadatafield><qti_metadatafield><fieldlabel>qmd_globalid</fieldlabel><fieldentry>5a38dda4-3391-49c8-a506-4303c02046be</fieldentry></qti_metadatafield><qti_metadatafield><fieldlabel>qmd_displayid</fieldlabel><fieldentry>Sample Course-74068</fieldentry></qti_metadatafield></qtimetadata></itemmetadata><itemproc_extension><d2l_2p0:difficulty>3</d2l_2p0:difficulty><d2l_2p0:isbonus>no</d2l_2p0:isbonus><d2l_2p0:ismandatory>yes</d2l_2p0:ismandatory></itemproc_extension><presentation><flow><material><mattext texttype="text/html">&lt;!--RsQ_002--&gt;&lt;span style="font-family:'Arial';"&gt;&lt;i&gt;f(x)&lt;/i&gt;&lt;/span&gt;&lt;span style="font-family:'Arial';"&gt; = 3&lt;/span&gt;&lt;span style="font-family:'Arial';"&gt;&lt;sup&gt;sin(&lt;/span&gt;&lt;span style="font-family:'Arial';"&gt;&lt;i&gt;x&lt;/i&gt;&lt;/span&gt;&lt;span style="font-family:'Arial';"&gt;)&lt;/SUP&gt;&lt;/span&gt;&lt;span style="font-family:'Arial';"&gt;, &lt;/span&gt;&lt;span style="font-family:'Arial';"&gt;&lt;i&gt;f'(x) = &lt;/i&gt;&lt;/span&gt;</mattext></material><response_extension><d2l_2p0:grading_type>0</d2l_2p0:grading_type></response_extension><response_str ident="QUES_42756869_42760950_A130832571_STR" rcardinality="Single"><render_fib rows="1" columns="60" prompt="Box" fibtype="String"><response_label ident="QUES_42756869_42760950_A130832571_ANS" /></render_fib></response_str></flow></presentation><resprocessing><outcomes><decvar vartype="Integer" minvalue="0" maxvalue="100" varname="Blank_1" /></outcomes><respcondition><conditionvar><varequal respident="QUES_42756869_42760950_A130832571_ANS" case="no">ln(3)*3^sin(x)*cos(x)</varequal></conditionvar><setvar action="Set">100.000000000</setvar></respcondition><respcondition><conditionvar><other /></conditionvar><setvar varname="que_score" action="Set">D2L_Correct</setvar></respcondition></resprocessing></item><item ident="OBJ_1651063" label="QUES_42756870_42760951" d2l_2p0:page="1"><itemmetadata><qtimetadata><qti_metadatafield><fieldlabel>qmd_computerscored</fieldlabel><fieldentry>yes</fieldentry></qti_metadatafield><qti_metadatafield><fieldlabel>qmd_questiontype</fieldlabel><fieldentry>Short Answer</fieldentry></qti_metadatafield><qti_metadatafield><fieldlabel>qmd_weighting</fieldlabel><fieldentry>1.000000000</fieldentry></qti_metadatafield><qti_metadatafield><fieldlabel>qmd_globalid</fieldlabel><fieldentry>1525d5fb-6a15-4be7-9a06-dcdec12e5734</fieldentry></qti_metadatafield><qti_metadatafield><fieldlabel>qmd_displayid</fieldlabel><fieldentry>Sample Course-74069</fieldentry></qti_metadatafield></qtimetadata></itemmetadata><itemproc_extension><d2l_2p0:difficulty>3</d2l_2p0:difficulty><d2l_2p0:isbonus>no</d2l_2p0:isbonus><d2l_2p0:ismandatory>yes</d2l_2p0:ismandatory></itemproc_extension><presentation><flow><material><mattext texttype="text/html">&lt;!--RsQ_003--&gt;&lt;span style="font-family:'Arial';"&gt;&lt;i&gt;f(x)&lt;/i&gt;&lt;/span&gt;&lt;span style="font-family:'Arial';"&gt; = cos(6&lt;/span&gt;&lt;span style="font-family:'Arial';"&gt;&lt;i&gt;x&lt;/i&gt;&lt;/span&gt;&lt;span style="font-family:'Arial';"&gt;&lt;sup&gt;3&lt;/SUP&gt;&lt;/span&gt;&lt;span style="font-family:'Arial';"&gt;-4), &lt;/span&gt;&lt;span style="font-family:'Arial';"&gt;&lt;i&gt;f'(x) = &lt;/i&gt;&lt;/span&gt;</mattext></material><response_extension><d2l_2p0:grading_type>0</d2l_2p0:grading_type></response_extension><response_str ident="QUES_42756870_42760951_A130832572_STR" rcardinality="Single"><render_fib rows="1" columns="60" prompt="Box" fibtype="String"><response_label ident="QUES_42756870_42760951_A130832572_ANS" /></render_fib></response_str></flow></presentation><resprocessing><outcomes><decvar vartype="Integer" minvalue="0" maxvalue="100" varname="Blank_1" /></outcomes><respcondition><conditionvar><varequal respident="QUES_42756870_42760951_A130832572_ANS" case="no">18x^2*-sin(6x^3-4)</varequal></conditionvar><setvar action="Set">100.000000000</setvar></respcondition><respcondition><conditionvar><varequal respident="QUES_42756870_42760951_A130832572_ANS" case="no">-18x^2*sin(6x^3-4)</varequal></conditionvar><setvar action="Set">100.000000000</setvar></respcondition><respcondition><conditionvar><other /></conditionvar><setvar varname="que_score" action="Set">D2L_Correct</setvar></respcondition></resprocessing></item></section></assessment></questestinterop>