﻿<?xml version="1.0" encoding="UTF-8"?><questestinterop xmlns:d2l_2p0="http://desire2learn.com/xsd/d2lcp_v2p0"><assessment d2l_2p0:id="470" title="Implicit Differentiation Task" ident="res_quiz_122425" d2l_2p0:resource_code="ef9e56cc46d3486a98963923-150"><rubric><flow_mat><material><mattext d2l_2p0:isdisplayed="no" texttype="text/html" /></material></flow_mat></rubric><assessmentcontrol hintswitch="no" solutionswitch="yes" feedbackswitch="no" /><presentation_material><flow_mat><material label="page header"><mattext d2l_2p0:isdisplayed="no" texttype="text/html" /></material><material label="page footer"><mattext d2l_2p0:isdisplayed="no" texttype="text/html" /></material></flow_mat></presentation_material><assess_procextension><d2l_2p0:intro_message d2l_2p0:isdisplayed="yes" texttype="text/html">Respondus</d2l_2p0:intro_message><d2l_2p0:disable_right_click>no</d2l_2p0:disable_right_click><d2l_2p0:disable_pager_access>no</d2l_2p0:disable_pager_access><is_active>yes</is_active><d2l_2p0:date_start /><d2l_2p0:date_end /><d2l_2p0:date_due /><d2l_2p0:has_schedule_event>no</d2l_2p0:has_schedule_event><d2l_2p0:is_attempt_Rldb>no</d2l_2p0:is_attempt_Rldb><d2l_2p0:is_subview_Rldb>no</d2l_2p0:is_subview_Rldb><d2l_2p0:time_limit>120</d2l_2p0:time_limit><d2l_2p0:show_clock>yes</d2l_2p0:show_clock><d2l_2p0:enforce_time_limit>yes</d2l_2p0:enforce_time_limit><d2l_2p0:grace_period>5</d2l_2p0:grace_period><d2l_2p0:late_limit>0</d2l_2p0:late_limit><d2l_2p0:attempts_allowed>3</d2l_2p0:attempts_allowed><d2l_2p0:attempt_restrictions /><d2l_2p0:mark_calculation_type>1</d2l_2p0:mark_calculation_type><d2l_2p0:is_forward_only>no</d2l_2p0:is_forward_only></assess_procextension><assessfeedback title=""><rubric><flow_mat><material><mattext texttype="yes">Your quiz has been submitted successfully.</mattext></material></flow_mat></rubric><d2l_2p0:duration>0</d2l_2p0:duration><d2l_2p0:response_display_type_id>1</d2l_2p0:response_display_type_id><d2l_2p0:show_correct_answers>no</d2l_2p0:show_correct_answers><d2l_2p0:submission_restrictip>no</d2l_2p0:submission_restrictip><d2l_2p0:show_class_average>no</d2l_2p0:show_class_average><d2l_2p0:show_score_distribution>no</d2l_2p0:show_score_distribution></assessfeedback><section ident="CONTAINER_SECTION"><item ident="OBJ_1651222" label="QUES_42757029_42761110" d2l_2p0:page="1"><itemmetadata><qtimetadata><qti_metadatafield><fieldlabel>qmd_computerscored</fieldlabel><fieldentry>yes</fieldentry></qti_metadatafield><qti_metadatafield><fieldlabel>qmd_questiontype</fieldlabel><fieldentry>Multiple Choice</fieldentry></qti_metadatafield><qti_metadatafield><fieldlabel>qmd_weighting</fieldlabel><fieldentry>1.000000000</fieldentry></qti_metadatafield><qti_metadatafield><fieldlabel>qmd_globalid</fieldlabel><fieldentry>d53fc8c3-cb9f-45eb-9fa1-c37067a6d4fe</fieldentry></qti_metadatafield><qti_metadatafield><fieldlabel>qmd_displayid</fieldlabel><fieldentry>Sample Course-74228</fieldentry></qti_metadatafield></qtimetadata></itemmetadata><itemproc_extension><d2l_2p0:difficulty>3</d2l_2p0:difficulty><d2l_2p0:isbonus>no</d2l_2p0:isbonus><d2l_2p0:ismandatory>yes</d2l_2p0:ismandatory></itemproc_extension><presentation><flow><material><mattext texttype="text/html">&lt;!--RsQ_001--&gt;&lt;span style="font-family:'Arial';"&gt;Below is a graph of &lt;/span&gt;&lt;span style="font-family:'Arial'; color:#000000;"&gt;&lt;IMG src="ppg/respondus/Implicit_Differentiation_Task_BB_Test/eq_036126.gif" alt="equation" border=0 align="absmiddle"&gt;&lt;/span&gt;&lt;span style="font-family:'Arial';"&gt;.&lt;br&gt;&lt;/span&gt;&lt;span style="font-family:'Arial'; color:#000000;"&gt;&lt;IMG src="ppg/respondus/Implicit_Differentiation_Task_BB_Test/card.png" alt="image" align="bottom" border=0&gt;&lt;/span&gt;&lt;span style="font-family:'Arial';"&gt;&lt;br&gt;What is the slope of the tangent line to the curve at the point (0, 1.2)? &lt;/span&gt;</mattext></material><response_extension><d2l_2p0:display_style>2</d2l_2p0:display_style><d2l_2p0:enumeration>6</d2l_2p0:enumeration><d2l_2p0:grading_type>0</d2l_2p0:grading_type></response_extension><response_lid ident="QUES_42757029_42761110_LID" rcardinality="Single"><render_choice shuffle="no"><flow_label class="Block"><response_label ident="QUES_42757029_42761110_A130833441"><flow_mat><material><mattext texttype="text/html">&lt;span style="font-family:'Arial';"&gt;&lt;IMG src="ppg/respondus/Implicit_Differentiation_Task_BB_Test/eq_036197.gif" alt="equation" border=0 align="absmiddle"&gt;&lt;/span&gt;</mattext></material></flow_mat></response_label></flow_label><flow_label class="Block"><response_label ident="QUES_42757029_42761110_A130833442"><flow_mat><material><mattext texttype="text/html">&lt;span style="font-family:'Arial';"&gt;&lt;IMG src="ppg/respondus/Implicit_Differentiation_Task_BB_Test/eq_03619d.gif" alt="equation" border=0 align="absmiddle"&gt;&lt;/span&gt;</mattext></material></flow_mat></response_label></flow_label><flow_label class="Block"><response_label ident="QUES_42757029_42761110_A130833443"><flow_mat><material><mattext texttype="text/html">&lt;span style="font-family:'Arial';"&gt;&lt;IMG src="ppg/respondus/Implicit_Differentiation_Task_BB_Test/eq_0361a4.gif" alt="equation" border=0 align="absmiddle"&gt;&lt;/span&gt;</mattext></material></flow_mat></response_label></flow_label><flow_label class="Block"><response_label ident="QUES_42757029_42761110_A130833444"><flow_mat><material><mattext texttype="text/html">&lt;span style="font-family:'Arial';"&gt;-1&lt;/span&gt;</mattext></material></flow_mat></response_label></flow_label><flow_label class="Block"><response_label ident="QUES_42757029_42761110_A130833445"><flow_mat><material><mattext texttype="text/html">&lt;span style="font-family:'Arial';"&gt;&lt;IMG src="ppg/respondus/Implicit_Differentiation_Task_BB_Test/eq_0361b4.gif" alt="equation" border=0 align="absmiddle"&gt;&lt;/span&gt;</mattext></material></flow_mat></response_label></flow_label></render_choice></response_lid></flow></presentation><resprocessing><respcondition title="Response Condition 1"><conditionvar><varequal respident="QUES_42757029_42761110_LID">QUES_42757029_42761110_A130833441</varequal></conditionvar><setvar action="Set">0.000000000</setvar><displayfeedback feedbacktype="Response" linkrefid="QUES_42757029_42761110_IF130833441" /></respcondition><respcondition title="Response Condition 2"><conditionvar><varequal respident="QUES_42757029_42761110_LID">QUES_42757029_42761110_A130833442</varequal></conditionvar><setvar action="Set">0.000000000</setvar><displayfeedback feedbacktype="Response" linkrefid="QUES_42757029_42761110_IF130833442" /></respcondition><respcondition title="Response Condition 3"><conditionvar><varequal respident="QUES_42757029_42761110_LID">QUES_42757029_42761110_A130833443</varequal></conditionvar><setvar action="Set">100.000000000</setvar><displayfeedback feedbacktype="Response" linkrefid="QUES_42757029_42761110_IF130833443" /></respcondition><respcondition title="Response Condition 4"><conditionvar><varequal respident="QUES_42757029_42761110_LID">QUES_42757029_42761110_A130833444</varequal></conditionvar><setvar action="Set">0.000000000</setvar><displayfeedback feedbacktype="Response" linkrefid="QUES_42757029_42761110_IF130833444" /></respcondition><respcondition title="Response Condition 5"><conditionvar><varequal respident="QUES_42757029_42761110_LID">QUES_42757029_42761110_A130833445</varequal></conditionvar><setvar action="Set">0.000000000</setvar><displayfeedback feedbacktype="Response" linkrefid="QUES_42757029_42761110_IF130833445" /></respcondition></resprocessing><itemfeedback ident="QUES_42757029_42761110_IF130833441"><material><mattext texttype="text/plain" /></material></itemfeedback><itemfeedback ident="QUES_42757029_42761110_IF130833442"><material><mattext texttype="text/plain" /></material></itemfeedback><itemfeedback ident="QUES_42757029_42761110_IF130833443"><material><mattext texttype="text/plain" /></material></itemfeedback><itemfeedback ident="QUES_42757029_42761110_IF130833444"><material><mattext texttype="text/plain" /></material></itemfeedback><itemfeedback ident="QUES_42757029_42761110_IF130833445"><material><mattext texttype="text/plain" /></material></itemfeedback></item></section></assessment></questestinterop>