﻿<?xml version="1.0" encoding="UTF-8"?><questestinterop xmlns:d2l_2p0="http://desire2learn.com/xsd/d2lcp_v2p0"><assessment d2l_2p0:id="464" title="Optimization Introduction PostVideo Questions" ident="res_quiz_122419" d2l_2p0:resource_code="ef9e56cc46d3486a98963923-144"><rubric><flow_mat><material><mattext d2l_2p0:isdisplayed="no" texttype="text/html" /></material></flow_mat></rubric><assessmentcontrol hintswitch="no" solutionswitch="yes" feedbackswitch="no" /><presentation_material><flow_mat><material label="page header"><mattext d2l_2p0:isdisplayed="no" texttype="text/html" /></material><material label="page footer"><mattext d2l_2p0:isdisplayed="no" texttype="text/html" /></material></flow_mat></presentation_material><assess_procextension><d2l_2p0:intro_message d2l_2p0:isdisplayed="yes" texttype="text/html">Respondus</d2l_2p0:intro_message><d2l_2p0:disable_right_click>no</d2l_2p0:disable_right_click><d2l_2p0:disable_pager_access>no</d2l_2p0:disable_pager_access><is_active>yes</is_active><d2l_2p0:date_start /><d2l_2p0:date_end /><d2l_2p0:date_due /><d2l_2p0:has_schedule_event>no</d2l_2p0:has_schedule_event><d2l_2p0:is_attempt_Rldb>no</d2l_2p0:is_attempt_Rldb><d2l_2p0:is_subview_Rldb>no</d2l_2p0:is_subview_Rldb><d2l_2p0:time_limit>120</d2l_2p0:time_limit><d2l_2p0:show_clock>yes</d2l_2p0:show_clock><d2l_2p0:enforce_time_limit>yes</d2l_2p0:enforce_time_limit><d2l_2p0:grace_period>5</d2l_2p0:grace_period><d2l_2p0:late_limit>0</d2l_2p0:late_limit><d2l_2p0:attempts_allowed>3</d2l_2p0:attempts_allowed><d2l_2p0:attempt_restrictions /><d2l_2p0:mark_calculation_type>1</d2l_2p0:mark_calculation_type><d2l_2p0:is_forward_only>no</d2l_2p0:is_forward_only></assess_procextension><assessfeedback title=""><rubric><flow_mat><material><mattext texttype="yes">Your quiz has been submitted successfully.</mattext></material></flow_mat></rubric><d2l_2p0:duration>0</d2l_2p0:duration><d2l_2p0:response_display_type_id>1</d2l_2p0:response_display_type_id><d2l_2p0:show_correct_answers>no</d2l_2p0:show_correct_answers><d2l_2p0:submission_restrictip>no</d2l_2p0:submission_restrictip><d2l_2p0:show_class_average>no</d2l_2p0:show_class_average><d2l_2p0:show_score_distribution>no</d2l_2p0:show_score_distribution></assessfeedback><section ident="CONTAINER_SECTION"><item ident="OBJ_1651199" label="QUES_42757006_42761087" d2l_2p0:page="1"><itemmetadata><qtimetadata><qti_metadatafield><fieldlabel>qmd_computerscored</fieldlabel><fieldentry>yes</fieldentry></qti_metadatafield><qti_metadatafield><fieldlabel>qmd_questiontype</fieldlabel><fieldentry>Multiple Choice</fieldentry></qti_metadatafield><qti_metadatafield><fieldlabel>qmd_weighting</fieldlabel><fieldentry>1.000000000</fieldentry></qti_metadatafield><qti_metadatafield><fieldlabel>qmd_globalid</fieldlabel><fieldentry>4fa28cc7-6514-48a9-99c8-6e37f75a848c</fieldentry></qti_metadatafield><qti_metadatafield><fieldlabel>qmd_displayid</fieldlabel><fieldentry>Sample Course-74205</fieldentry></qti_metadatafield></qtimetadata></itemmetadata><itemproc_extension><d2l_2p0:difficulty>3</d2l_2p0:difficulty><d2l_2p0:isbonus>no</d2l_2p0:isbonus><d2l_2p0:ismandatory>yes</d2l_2p0:ismandatory></itemproc_extension><presentation><flow><material><mattext texttype="text/html">&lt;!--RsQ_001--&gt;&lt;span style="font-family:'Arial';"&gt;A function &lt;/span&gt;&lt;span style="font-family:'Arial'; color:#000000;"&gt;&lt;IMG src="ppg/respondus/Optimization_Intro_Post_BB_Test/eq_049cd1.gif" alt="equation" border=0 align="absmiddle"&gt;&lt;/span&gt;&lt;span style="font-family:'Arial';"&gt; is defined for x-values between 0 and 8. The graph below shows a graph of the derivative of &lt;/span&gt;&lt;span style="font-family:'Arial'; color:#000000;"&gt;&lt;IMG src="ppg/respondus/Optimization_Intro_Post_BB_Test/eq_049cf0.gif" alt="equation" border=0 align="absmiddle"&gt;&lt;/span&gt;&lt;span style="font-family:'Arial';"&gt;.&lt;br&gt;&lt;/span&gt;&lt;span style="font-family:'Arial'; color:#000000;"&gt;&lt;IMG src="ppg/respondus/Optimization_Intro_Post_BB_Test/post.png" alt="image" align="bottom" border=0&gt;&lt;/span&gt;&lt;span style="font-family:'Arial';"&gt;&lt;br&gt;Point A Corresponds to a &lt;/span&gt;</mattext></material><response_extension><d2l_2p0:display_style>2</d2l_2p0:display_style><d2l_2p0:enumeration>6</d2l_2p0:enumeration><d2l_2p0:grading_type>0</d2l_2p0:grading_type></response_extension><response_lid ident="QUES_42757006_42761087_LID" rcardinality="Single"><render_choice shuffle="no"><flow_label class="Block"><response_label ident="QUES_42757006_42761087_A130833285"><flow_mat><material><mattext texttype="text/html">&lt;span style="font-family:'Arial';"&gt;local mimimum of &lt;/span&gt;&lt;span style="font-family:'Arial';"&gt;&lt;IMG src="ppg/respondus/Optimization_Intro_Post_BB_Test/eq_049dfb.gif" alt="equation" border=0 align="absmiddle"&gt;&lt;/span&gt;</mattext></material></flow_mat></response_label></flow_label><flow_label class="Block"><response_label ident="QUES_42757006_42761087_A130833286"><flow_mat><material><mattext texttype="text/html">&lt;span style="font-family:'Arial';"&gt;local maximum of &lt;/span&gt;&lt;span style="font-family:'Arial';"&gt;&lt;IMG src="ppg/respondus/Optimization_Intro_Post_BB_Test/eq_049e07.gif" alt="equation" border=0 align="absmiddle"&gt;&lt;/span&gt;</mattext></material></flow_mat></response_label></flow_label><flow_label class="Block"><response_label ident="QUES_42757006_42761087_A130833287"><flow_mat><material><mattext texttype="text/html">&lt;span style="font-family:'Arial';"&gt;neither a local max or a min of &lt;/span&gt;&lt;span style="font-family:'Arial';"&gt;&lt;IMG src="ppg/respondus/Optimization_Intro_Post_BB_Test/eq_049e13.gif" alt="equation" border=0 align="absmiddle"&gt;&lt;/span&gt;</mattext></material></flow_mat></response_label></flow_label><flow_label class="Block"><response_label ident="QUES_42757006_42761087_A130833288"><flow_mat><material><mattext texttype="text/html">&lt;span style="font-family:'Arial';"&gt;you can't tell without more information&lt;/span&gt;</mattext></material></flow_mat></response_label></flow_label></render_choice></response_lid></flow></presentation><resprocessing><respcondition title="Response Condition 1"><conditionvar><varequal respident="QUES_42757006_42761087_LID">QUES_42757006_42761087_A130833285</varequal></conditionvar><setvar action="Set">100.000000000</setvar><displayfeedback feedbacktype="Response" linkrefid="QUES_42757006_42761087_IF130833285" /></respcondition><respcondition title="Response Condition 2"><conditionvar><varequal respident="QUES_42757006_42761087_LID">QUES_42757006_42761087_A130833286</varequal></conditionvar><setvar action="Set">0.000000000</setvar><displayfeedback feedbacktype="Response" linkrefid="QUES_42757006_42761087_IF130833286" /></respcondition><respcondition title="Response Condition 3"><conditionvar><varequal respident="QUES_42757006_42761087_LID">QUES_42757006_42761087_A130833287</varequal></conditionvar><setvar action="Set">0.000000000</setvar><displayfeedback feedbacktype="Response" linkrefid="QUES_42757006_42761087_IF130833287" /></respcondition><respcondition title="Response Condition 4"><conditionvar><varequal respident="QUES_42757006_42761087_LID">QUES_42757006_42761087_A130833288</varequal></conditionvar><setvar action="Set">0.000000000</setvar><displayfeedback feedbacktype="Response" linkrefid="QUES_42757006_42761087_IF130833288" /></respcondition></resprocessing><itemfeedback ident="QUES_42757006_42761087_IF130833285"><material><mattext texttype="text/plain" /></material></itemfeedback><itemfeedback ident="QUES_42757006_42761087_IF130833286"><material><mattext texttype="text/plain" /></material></itemfeedback><itemfeedback ident="QUES_42757006_42761087_IF130833287"><material><mattext texttype="text/plain" /></material></itemfeedback><itemfeedback ident="QUES_42757006_42761087_IF130833288"><material><mattext texttype="text/plain" /></material></itemfeedback></item><item ident="OBJ_1651200" label="QUES_42757007_42761088" d2l_2p0:page="1"><itemmetadata><qtimetadata><qti_metadatafield><fieldlabel>qmd_computerscored</fieldlabel><fieldentry>yes</fieldentry></qti_metadatafield><qti_metadatafield><fieldlabel>qmd_questiontype</fieldlabel><fieldentry>Multiple Choice</fieldentry></qti_metadatafield><qti_metadatafield><fieldlabel>qmd_weighting</fieldlabel><fieldentry>1.000000000</fieldentry></qti_metadatafield><qti_metadatafield><fieldlabel>qmd_globalid</fieldlabel><fieldentry>ea0e90c9-2c70-4ad6-918c-82d668fe299a</fieldentry></qti_metadatafield><qti_metadatafield><fieldlabel>qmd_displayid</fieldlabel><fieldentry>Sample Course-74206</fieldentry></qti_metadatafield></qtimetadata></itemmetadata><itemproc_extension><d2l_2p0:difficulty>3</d2l_2p0:difficulty><d2l_2p0:isbonus>no</d2l_2p0:isbonus><d2l_2p0:ismandatory>yes</d2l_2p0:ismandatory></itemproc_extension><presentation><flow><material><mattext texttype="text/html">&lt;!--RsQ_002--&gt;&lt;span style="font-family:'Arial';"&gt;A function &lt;/span&gt;&lt;span style="font-family:'Arial'; color:#000000;"&gt;&lt;IMG src="ppg/respondus/Optimization_Intro_Post_BB_Test/eq_049cd1a.gif" alt="equation" border=0 align="absmiddle"&gt;&lt;/span&gt;&lt;span style="font-family:'Arial';"&gt; is defined for x-values between 0 and 8. The graph below shows a graph of the derivative of &lt;/span&gt;&lt;span style="font-family:'Arial'; color:#000000;"&gt;&lt;IMG src="ppg/respondus/Optimization_Intro_Post_BB_Test/eq_049cf0a.gif" alt="equation" border=0 align="absmiddle"&gt;&lt;/span&gt;&lt;span style="font-family:'Arial';"&gt;.&lt;br&gt;&lt;/span&gt;&lt;span style="font-family:'Arial'; color:#000000;"&gt;&lt;IMG src="ppg/respondus/Optimization_Intro_Post_BB_Test/post.png" alt="image" align="bottom" border=0&gt;&lt;/span&gt;&lt;span style="font-family:'Arial';"&gt;&lt;br&gt;Point B Corresponds to a &lt;/span&gt;</mattext></material><response_extension><d2l_2p0:display_style>2</d2l_2p0:display_style><d2l_2p0:enumeration>6</d2l_2p0:enumeration><d2l_2p0:grading_type>0</d2l_2p0:grading_type></response_extension><response_lid ident="QUES_42757007_42761088_LID" rcardinality="Single"><render_choice shuffle="no"><flow_label class="Block"><response_label ident="QUES_42757007_42761088_A130833289"><flow_mat><material><mattext texttype="text/html">&lt;span style="font-family:'Arial';"&gt;local mimimum of &lt;/span&gt;&lt;span style="font-family:'Arial';"&gt;&lt;IMG src="ppg/respondus/Optimization_Intro_Post_BB_Test/eq_049dfba.gif" alt="equation" border=0 align="absmiddle"&gt;&lt;/span&gt;</mattext></material></flow_mat></response_label></flow_label><flow_label class="Block"><response_label ident="QUES_42757007_42761088_A130833290"><flow_mat><material><mattext texttype="text/html">&lt;span style="font-family:'Arial';"&gt;local maximum of &lt;/span&gt;&lt;span style="font-family:'Arial';"&gt;&lt;IMG src="ppg/respondus/Optimization_Intro_Post_BB_Test/eq_049e07a.gif" alt="equation" border=0 align="absmiddle"&gt;&lt;/span&gt;</mattext></material></flow_mat></response_label></flow_label><flow_label class="Block"><response_label ident="QUES_42757007_42761088_A130833291"><flow_mat><material><mattext texttype="text/html">&lt;span style="font-family:'Arial';"&gt;neither a local max or a min of &lt;/span&gt;&lt;span style="font-family:'Arial';"&gt;&lt;IMG src="ppg/respondus/Optimization_Intro_Post_BB_Test/eq_049e13a.gif" alt="equation" border=0 align="absmiddle"&gt;&lt;/span&gt;</mattext></material></flow_mat></response_label></flow_label><flow_label class="Block"><response_label ident="QUES_42757007_42761088_A130833292"><flow_mat><material><mattext texttype="text/html">&lt;span style="font-family:'Arial';"&gt;you can't tell without more information&lt;/span&gt;</mattext></material></flow_mat></response_label></flow_label></render_choice></response_lid></flow></presentation><resprocessing><respcondition title="Response Condition 1"><conditionvar><varequal respident="QUES_42757007_42761088_LID">QUES_42757007_42761088_A130833289</varequal></conditionvar><setvar action="Set">0.000000000</setvar><displayfeedback feedbacktype="Response" linkrefid="QUES_42757007_42761088_IF130833289" /></respcondition><respcondition title="Response Condition 2"><conditionvar><varequal respident="QUES_42757007_42761088_LID">QUES_42757007_42761088_A130833290</varequal></conditionvar><setvar action="Set">100.000000000</setvar><displayfeedback feedbacktype="Response" linkrefid="QUES_42757007_42761088_IF130833290" /></respcondition><respcondition title="Response Condition 3"><conditionvar><varequal respident="QUES_42757007_42761088_LID">QUES_42757007_42761088_A130833291</varequal></conditionvar><setvar action="Set">0.000000000</setvar><displayfeedback feedbacktype="Response" linkrefid="QUES_42757007_42761088_IF130833291" /></respcondition><respcondition title="Response Condition 4"><conditionvar><varequal respident="QUES_42757007_42761088_LID">QUES_42757007_42761088_A130833292</varequal></conditionvar><setvar action="Set">0.000000000</setvar><displayfeedback feedbacktype="Response" linkrefid="QUES_42757007_42761088_IF130833292" /></respcondition></resprocessing><itemfeedback ident="QUES_42757007_42761088_IF130833289"><material><mattext texttype="text/plain" /></material></itemfeedback><itemfeedback ident="QUES_42757007_42761088_IF130833290"><material><mattext texttype="text/plain" /></material></itemfeedback><itemfeedback ident="QUES_42757007_42761088_IF130833291"><material><mattext texttype="text/plain" /></material></itemfeedback><itemfeedback ident="QUES_42757007_42761088_IF130833292"><material><mattext texttype="text/plain" /></material></itemfeedback></item><item ident="OBJ_1651201" label="QUES_42757008_42761089" d2l_2p0:page="1"><itemmetadata><qtimetadata><qti_metadatafield><fieldlabel>qmd_computerscored</fieldlabel><fieldentry>yes</fieldentry></qti_metadatafield><qti_metadatafield><fieldlabel>qmd_questiontype</fieldlabel><fieldentry>Multiple Choice</fieldentry></qti_metadatafield><qti_metadatafield><fieldlabel>qmd_weighting</fieldlabel><fieldentry>1.000000000</fieldentry></qti_metadatafield><qti_metadatafield><fieldlabel>qmd_globalid</fieldlabel><fieldentry>7313d41f-69c3-4438-adb4-ee257c1562db</fieldentry></qti_metadatafield><qti_metadatafield><fieldlabel>qmd_displayid</fieldlabel><fieldentry>Sample Course-74207</fieldentry></qti_metadatafield></qtimetadata></itemmetadata><itemproc_extension><d2l_2p0:difficulty>3</d2l_2p0:difficulty><d2l_2p0:isbonus>no</d2l_2p0:isbonus><d2l_2p0:ismandatory>yes</d2l_2p0:ismandatory></itemproc_extension><presentation><flow><material><mattext texttype="text/html">&lt;!--RsQ_003--&gt;&lt;span style="font-family:'Arial';"&gt;A function &lt;/span&gt;&lt;span style="font-family:'Arial'; color:#000000;"&gt;&lt;IMG src="ppg/respondus/Optimization_Intro_Post_BB_Test/eq_049cd1aa.gif" alt="equation" border=0 align="absmiddle"&gt;&lt;/span&gt;&lt;span style="font-family:'Arial';"&gt; is defined for x-values between 0 and 8. The graph below shows a graph of the derivative of &lt;/span&gt;&lt;span style="font-family:'Arial'; color:#000000;"&gt;&lt;IMG src="ppg/respondus/Optimization_Intro_Post_BB_Test/eq_049cf0aa.gif" alt="equation" border=0 align="absmiddle"&gt;&lt;/span&gt;&lt;span style="font-family:'Arial';"&gt;.&lt;br&gt;&lt;/span&gt;&lt;span style="font-family:'Arial'; color:#000000;"&gt;&lt;IMG src="ppg/respondus/Optimization_Intro_Post_BB_Test/post.png" alt="image" align="bottom" border=0&gt;&lt;/span&gt;&lt;span style="font-family:'Arial';"&gt;&lt;br&gt;Point C Corresponds to a &lt;/span&gt;</mattext></material><response_extension><d2l_2p0:display_style>2</d2l_2p0:display_style><d2l_2p0:enumeration>6</d2l_2p0:enumeration><d2l_2p0:grading_type>0</d2l_2p0:grading_type></response_extension><response_lid ident="QUES_42757008_42761089_LID" rcardinality="Single"><render_choice shuffle="no"><flow_label class="Block"><response_label ident="QUES_42757008_42761089_A130833293"><flow_mat><material><mattext texttype="text/html">&lt;span style="font-family:'Arial';"&gt;local mimimum of &lt;/span&gt;&lt;span style="font-family:'Arial';"&gt;&lt;IMG src="ppg/respondus/Optimization_Intro_Post_BB_Test/eq_049dfbaa.gif" alt="equation" border=0 align="absmiddle"&gt;&lt;/span&gt;</mattext></material></flow_mat></response_label></flow_label><flow_label class="Block"><response_label ident="QUES_42757008_42761089_A130833294"><flow_mat><material><mattext texttype="text/html">&lt;span style="font-family:'Arial';"&gt;local maximum of &lt;/span&gt;&lt;span style="font-family:'Arial';"&gt;&lt;IMG src="ppg/respondus/Optimization_Intro_Post_BB_Test/eq_049e07aa.gif" alt="equation" border=0 align="absmiddle"&gt;&lt;/span&gt;</mattext></material></flow_mat></response_label></flow_label><flow_label class="Block"><response_label ident="QUES_42757008_42761089_A130833295"><flow_mat><material><mattext texttype="text/html">&lt;span style="font-family:'Arial';"&gt;neither a local max or a min of &lt;/span&gt;&lt;span style="font-family:'Arial';"&gt;&lt;IMG src="ppg/respondus/Optimization_Intro_Post_BB_Test/eq_049e13aa.gif" alt="equation" border=0 align="absmiddle"&gt;&lt;/span&gt;</mattext></material></flow_mat></response_label></flow_label><flow_label class="Block"><response_label ident="QUES_42757008_42761089_A130833296"><flow_mat><material><mattext texttype="text/html">&lt;span style="font-family:'Arial';"&gt;you can't tell without more information&lt;/span&gt;</mattext></material></flow_mat></response_label></flow_label></render_choice></response_lid></flow></presentation><resprocessing><respcondition title="Response Condition 1"><conditionvar><varequal respident="QUES_42757008_42761089_LID">QUES_42757008_42761089_A130833293</varequal></conditionvar><setvar action="Set">0.000000000</setvar><displayfeedback feedbacktype="Response" linkrefid="QUES_42757008_42761089_IF130833293" /></respcondition><respcondition title="Response Condition 2"><conditionvar><varequal respident="QUES_42757008_42761089_LID">QUES_42757008_42761089_A130833294</varequal></conditionvar><setvar action="Set">0.000000000</setvar><displayfeedback feedbacktype="Response" linkrefid="QUES_42757008_42761089_IF130833294" /></respcondition><respcondition title="Response Condition 3"><conditionvar><varequal respident="QUES_42757008_42761089_LID">QUES_42757008_42761089_A130833295</varequal></conditionvar><setvar action="Set">100.000000000</setvar><displayfeedback feedbacktype="Response" linkrefid="QUES_42757008_42761089_IF130833295" /></respcondition><respcondition title="Response Condition 4"><conditionvar><varequal respident="QUES_42757008_42761089_LID">QUES_42757008_42761089_A130833296</varequal></conditionvar><setvar action="Set">0.000000000</setvar><displayfeedback feedbacktype="Response" linkrefid="QUES_42757008_42761089_IF130833296" /></respcondition></resprocessing><itemfeedback ident="QUES_42757008_42761089_IF130833293"><material><mattext texttype="text/plain" /></material></itemfeedback><itemfeedback ident="QUES_42757008_42761089_IF130833294"><material><mattext texttype="text/plain" /></material></itemfeedback><itemfeedback ident="QUES_42757008_42761089_IF130833295"><material><mattext texttype="text/plain" /></material></itemfeedback><itemfeedback ident="QUES_42757008_42761089_IF130833296"><material><mattext texttype="text/plain" /></material></itemfeedback></item><item ident="OBJ_1651202" label="QUES_42757009_42761090" d2l_2p0:page="1"><itemmetadata><qtimetadata><qti_metadatafield><fieldlabel>qmd_computerscored</fieldlabel><fieldentry>yes</fieldentry></qti_metadatafield><qti_metadatafield><fieldlabel>qmd_questiontype</fieldlabel><fieldentry>Multiple Choice</fieldentry></qti_metadatafield><qti_metadatafield><fieldlabel>qmd_weighting</fieldlabel><fieldentry>1.000000000</fieldentry></qti_metadatafield><qti_metadatafield><fieldlabel>qmd_globalid</fieldlabel><fieldentry>d98fc577-f49e-47c6-8580-64953e5a12c2</fieldentry></qti_metadatafield><qti_metadatafield><fieldlabel>qmd_displayid</fieldlabel><fieldentry>Sample Course-74208</fieldentry></qti_metadatafield></qtimetadata></itemmetadata><itemproc_extension><d2l_2p0:difficulty>3</d2l_2p0:difficulty><d2l_2p0:isbonus>no</d2l_2p0:isbonus><d2l_2p0:ismandatory>yes</d2l_2p0:ismandatory></itemproc_extension><presentation><flow><material><mattext texttype="text/html">&lt;!--RsQ_004--&gt;&lt;span style="font-family:'Arial';"&gt;A function &lt;/span&gt;&lt;span style="font-family:'Arial'; color:#000000;"&gt;&lt;IMG src="ppg/respondus/Optimization_Intro_Post_BB_Test/eq_049cd1aaa.gif" alt="equation" border=0 align="absmiddle"&gt;&lt;/span&gt;&lt;span style="font-family:'Arial';"&gt; is defined for x-values between 0 and 8. The graph below shows a graph of the derivative of &lt;/span&gt;&lt;span style="font-family:'Arial'; color:#000000;"&gt;&lt;IMG src="ppg/respondus/Optimization_Intro_Post_BB_Test/eq_049cf0aaa.gif" alt="equation" border=0 align="absmiddle"&gt;&lt;/span&gt;&lt;span style="font-family:'Arial';"&gt;.&lt;br&gt;&lt;/span&gt;&lt;span style="font-family:'Arial'; color:#000000;"&gt;&lt;IMG src="ppg/respondus/Optimization_Intro_Post_BB_Test/post.png" alt="image" align="bottom" border=0&gt;&lt;/span&gt;&lt;span style="font-family:'Arial';"&gt;&lt;br&gt;Point D Corresponds to a &lt;/span&gt;</mattext></material><response_extension><d2l_2p0:display_style>2</d2l_2p0:display_style><d2l_2p0:enumeration>6</d2l_2p0:enumeration><d2l_2p0:grading_type>0</d2l_2p0:grading_type></response_extension><response_lid ident="QUES_42757009_42761090_LID" rcardinality="Single"><render_choice shuffle="no"><flow_label class="Block"><response_label ident="QUES_42757009_42761090_A130833297"><flow_mat><material><mattext texttype="text/html">&lt;span style="font-family:'Arial';"&gt;local mimimum of &lt;/span&gt;&lt;span style="font-family:'Arial';"&gt;&lt;IMG src="ppg/respondus/Optimization_Intro_Post_BB_Test/eq_049dfbaaa.gif" alt="equation" border=0 align="absmiddle"&gt;&lt;/span&gt;</mattext></material></flow_mat></response_label></flow_label><flow_label class="Block"><response_label ident="QUES_42757009_42761090_A130833298"><flow_mat><material><mattext texttype="text/html">&lt;span style="font-family:'Arial';"&gt;local maximum of &lt;/span&gt;&lt;span style="font-family:'Arial';"&gt;&lt;IMG src="ppg/respondus/Optimization_Intro_Post_BB_Test/eq_049e07aaa.gif" alt="equation" border=0 align="absmiddle"&gt;&lt;/span&gt;</mattext></material></flow_mat></response_label></flow_label><flow_label class="Block"><response_label ident="QUES_42757009_42761090_A130833299"><flow_mat><material><mattext texttype="text/html">&lt;span style="font-family:'Arial';"&gt;neither a local max or a min of &lt;/span&gt;&lt;span style="font-family:'Arial';"&gt;&lt;IMG src="ppg/respondus/Optimization_Intro_Post_BB_Test/eq_049e13aaa.gif" alt="equation" border=0 align="absmiddle"&gt;&lt;/span&gt;</mattext></material></flow_mat></response_label></flow_label><flow_label class="Block"><response_label ident="QUES_42757009_42761090_A130833300"><flow_mat><material><mattext texttype="text/html">&lt;span style="font-family:'Arial';"&gt;you can't tell without more information&lt;/span&gt;</mattext></material></flow_mat></response_label></flow_label></render_choice></response_lid></flow></presentation><resprocessing><respcondition title="Response Condition 1"><conditionvar><varequal respident="QUES_42757009_42761090_LID">QUES_42757009_42761090_A130833297</varequal></conditionvar><setvar action="Set">100.000000000</setvar><displayfeedback feedbacktype="Response" linkrefid="QUES_42757009_42761090_IF130833297" /></respcondition><respcondition title="Response Condition 2"><conditionvar><varequal respident="QUES_42757009_42761090_LID">QUES_42757009_42761090_A130833298</varequal></conditionvar><setvar action="Set">0.000000000</setvar><displayfeedback feedbacktype="Response" linkrefid="QUES_42757009_42761090_IF130833298" /></respcondition><respcondition title="Response Condition 3"><conditionvar><varequal respident="QUES_42757009_42761090_LID">QUES_42757009_42761090_A130833299</varequal></conditionvar><setvar action="Set">0.000000000</setvar><displayfeedback feedbacktype="Response" linkrefid="QUES_42757009_42761090_IF130833299" /></respcondition><respcondition title="Response Condition 4"><conditionvar><varequal respident="QUES_42757009_42761090_LID">QUES_42757009_42761090_A130833300</varequal></conditionvar><setvar action="Set">0.000000000</setvar><displayfeedback feedbacktype="Response" linkrefid="QUES_42757009_42761090_IF130833300" /></respcondition></resprocessing><itemfeedback ident="QUES_42757009_42761090_IF130833297"><material><mattext texttype="text/plain" /></material></itemfeedback><itemfeedback ident="QUES_42757009_42761090_IF130833298"><material><mattext texttype="text/plain" /></material></itemfeedback><itemfeedback ident="QUES_42757009_42761090_IF130833299"><material><mattext texttype="text/plain" /></material></itemfeedback><itemfeedback ident="QUES_42757009_42761090_IF130833300"><material><mattext texttype="text/plain" /></material></itemfeedback></item><item ident="OBJ_1651203" label="QUES_42757010_42761091" d2l_2p0:page="1"><itemmetadata><qtimetadata><qti_metadatafield><fieldlabel>qmd_computerscored</fieldlabel><fieldentry>yes</fieldentry></qti_metadatafield><qti_metadatafield><fieldlabel>qmd_questiontype</fieldlabel><fieldentry>Multiple Choice</fieldentry></qti_metadatafield><qti_metadatafield><fieldlabel>qmd_weighting</fieldlabel><fieldentry>1.000000000</fieldentry></qti_metadatafield><qti_metadatafield><fieldlabel>qmd_globalid</fieldlabel><fieldentry>5102bd5b-479e-488a-8b09-57bb8bd00865</fieldentry></qti_metadatafield><qti_metadatafield><fieldlabel>qmd_displayid</fieldlabel><fieldentry>Sample Course-74209</fieldentry></qti_metadatafield></qtimetadata></itemmetadata><itemproc_extension><d2l_2p0:difficulty>3</d2l_2p0:difficulty><d2l_2p0:isbonus>no</d2l_2p0:isbonus><d2l_2p0:ismandatory>yes</d2l_2p0:ismandatory></itemproc_extension><presentation><flow><material><mattext texttype="text/html">&lt;!--RsQ_005--&gt;&lt;span style="font-family:'Arial';"&gt;A function &lt;/span&gt;&lt;span style="font-family:'Arial'; color:#000000;"&gt;&lt;IMG src="ppg/respondus/Optimization_Intro_Post_BB_Test/eq_049cd1aaaa.gif" alt="equation" border=0 align="absmiddle"&gt;&lt;/span&gt;&lt;span style="font-family:'Arial';"&gt; is defined for x-values between 0 and 8. The graph below shows a graph of the derivative of &lt;/span&gt;&lt;span style="font-family:'Arial'; color:#000000;"&gt;&lt;IMG src="ppg/respondus/Optimization_Intro_Post_BB_Test/eq_049cf0aaaa.gif" alt="equation" border=0 align="absmiddle"&gt;&lt;/span&gt;&lt;span style="font-family:'Arial';"&gt;.&lt;br&gt;&lt;/span&gt;&lt;span style="font-family:'Arial'; color:#000000;"&gt;&lt;IMG src="ppg/respondus/Optimization_Intro_Post_BB_Test/post.png" alt="image" align="bottom" border=0&gt;&lt;/span&gt;&lt;span style="font-family:'Arial';"&gt;&lt;br&gt;Point E Corresponds to a &lt;/span&gt;</mattext></material><response_extension><d2l_2p0:display_style>2</d2l_2p0:display_style><d2l_2p0:enumeration>6</d2l_2p0:enumeration><d2l_2p0:grading_type>0</d2l_2p0:grading_type></response_extension><response_lid ident="QUES_42757010_42761091_LID" rcardinality="Single"><render_choice shuffle="no"><flow_label class="Block"><response_label ident="QUES_42757010_42761091_A130833301"><flow_mat><material><mattext texttype="text/html">&lt;span style="font-family:'Arial';"&gt;local mimimum of &lt;/span&gt;&lt;span style="font-family:'Arial';"&gt;&lt;IMG src="ppg/respondus/Optimization_Intro_Post_BB_Test/eq_049dfbaaaa.gif" alt="equation" border=0 align="absmiddle"&gt;&lt;/span&gt;</mattext></material></flow_mat></response_label></flow_label><flow_label class="Block"><response_label ident="QUES_42757010_42761091_A130833302"><flow_mat><material><mattext texttype="text/html">&lt;span style="font-family:'Arial';"&gt;local maximum of &lt;/span&gt;&lt;span style="font-family:'Arial';"&gt;&lt;IMG src="ppg/respondus/Optimization_Intro_Post_BB_Test/eq_049e07aaaa.gif" alt="equation" border=0 align="absmiddle"&gt;&lt;/span&gt;</mattext></material></flow_mat></response_label></flow_label><flow_label class="Block"><response_label ident="QUES_42757010_42761091_A130833303"><flow_mat><material><mattext texttype="text/html">&lt;span style="font-family:'Arial';"&gt;neither a local max or a min of &lt;/span&gt;&lt;span style="font-family:'Arial';"&gt;&lt;IMG src="ppg/respondus/Optimization_Intro_Post_BB_Test/eq_049e13aaaa.gif" alt="equation" border=0 align="absmiddle"&gt;&lt;/span&gt;</mattext></material></flow_mat></response_label></flow_label><flow_label class="Block"><response_label ident="QUES_42757010_42761091_A130833304"><flow_mat><material><mattext texttype="text/html">&lt;span style="font-family:'Arial';"&gt;you can't tell without more information&lt;/span&gt;</mattext></material></flow_mat></response_label></flow_label></render_choice></response_lid></flow></presentation><resprocessing><respcondition title="Response Condition 1"><conditionvar><varequal respident="QUES_42757010_42761091_LID">QUES_42757010_42761091_A130833301</varequal></conditionvar><setvar action="Set">0.000000000</setvar><displayfeedback feedbacktype="Response" linkrefid="QUES_42757010_42761091_IF130833301" /></respcondition><respcondition title="Response Condition 2"><conditionvar><varequal respident="QUES_42757010_42761091_LID">QUES_42757010_42761091_A130833302</varequal></conditionvar><setvar action="Set">100.000000000</setvar><displayfeedback feedbacktype="Response" linkrefid="QUES_42757010_42761091_IF130833302" /></respcondition><respcondition title="Response Condition 3"><conditionvar><varequal respident="QUES_42757010_42761091_LID">QUES_42757010_42761091_A130833303</varequal></conditionvar><setvar action="Set">0.000000000</setvar><displayfeedback feedbacktype="Response" linkrefid="QUES_42757010_42761091_IF130833303" /></respcondition><respcondition title="Response Condition 4"><conditionvar><varequal respident="QUES_42757010_42761091_LID">QUES_42757010_42761091_A130833304</varequal></conditionvar><setvar action="Set">0.000000000</setvar><displayfeedback feedbacktype="Response" linkrefid="QUES_42757010_42761091_IF130833304" /></respcondition></resprocessing><itemfeedback ident="QUES_42757010_42761091_IF130833301"><material><mattext texttype="text/plain" /></material></itemfeedback><itemfeedback ident="QUES_42757010_42761091_IF130833302"><material><mattext texttype="text/plain" /></material></itemfeedback><itemfeedback ident="QUES_42757010_42761091_IF130833303"><material><mattext texttype="text/plain" /></material></itemfeedback><itemfeedback ident="QUES_42757010_42761091_IF130833304"><material><mattext texttype="text/plain" /></material></itemfeedback></item><item ident="OBJ_1651204" label="QUES_42757011_42761092" d2l_2p0:page="1"><itemmetadata><qtimetadata><qti_metadatafield><fieldlabel>qmd_computerscored</fieldlabel><fieldentry>yes</fieldentry></qti_metadatafield><qti_metadatafield><fieldlabel>qmd_questiontype</fieldlabel><fieldentry>Multiple Choice</fieldentry></qti_metadatafield><qti_metadatafield><fieldlabel>qmd_weighting</fieldlabel><fieldentry>1.000000000</fieldentry></qti_metadatafield><qti_metadatafield><fieldlabel>qmd_globalid</fieldlabel><fieldentry>d4a01e65-86f1-434c-94ea-413235d1ba05</fieldentry></qti_metadatafield><qti_metadatafield><fieldlabel>qmd_displayid</fieldlabel><fieldentry>Sample Course-74210</fieldentry></qti_metadatafield></qtimetadata></itemmetadata><itemproc_extension><d2l_2p0:difficulty>3</d2l_2p0:difficulty><d2l_2p0:isbonus>no</d2l_2p0:isbonus><d2l_2p0:ismandatory>yes</d2l_2p0:ismandatory></itemproc_extension><presentation><flow><material><mattext texttype="text/html">&lt;!--RsQ_006--&gt;&lt;span style="font-family:'Arial';"&gt;A function &lt;/span&gt;&lt;span style="font-family:'Arial'; color:#000000;"&gt;&lt;IMG src="ppg/respondus/Optimization_Intro_Post_BB_Test/eq_049cd1aaaaa.gif" alt="equation" border=0 align="absmiddle"&gt;&lt;/span&gt;&lt;span style="font-family:'Arial';"&gt; is defined for x-values between 0 and 8. The graph below shows a graph of the derivative of &lt;/span&gt;&lt;span style="font-family:'Arial'; color:#000000;"&gt;&lt;IMG src="ppg/respondus/Optimization_Intro_Post_BB_Test/eq_049cf0aaaaa.gif" alt="equation" border=0 align="absmiddle"&gt;&lt;/span&gt;&lt;span style="font-family:'Arial';"&gt;.&lt;br&gt;&lt;/span&gt;&lt;span style="font-family:'Arial'; color:#000000;"&gt;&lt;IMG src="ppg/respondus/Optimization_Intro_Post_BB_Test/post.png" alt="image" align="bottom" border=0&gt;&lt;/span&gt;&lt;span style="font-family:'Arial';"&gt;&lt;br&gt;Which point corresponds to a global mimum of &lt;/span&gt;&lt;span style="font-family:'Arial'; color:#000000;"&gt;&lt;IMG src="ppg/respondus/Optimization_Intro_Post_BB_Test/eq_049ede.gif" alt="equation" border=0 align="absmiddle"&gt;&lt;/span&gt;&lt;span style="font-family:'Arial';"&gt;? &lt;/span&gt;</mattext></material><response_extension><d2l_2p0:display_style>2</d2l_2p0:display_style><d2l_2p0:enumeration>6</d2l_2p0:enumeration><d2l_2p0:grading_type>0</d2l_2p0:grading_type></response_extension><response_lid ident="QUES_42757011_42761092_LID" rcardinality="Single"><render_choice shuffle="no"><flow_label class="Block"><response_label ident="QUES_42757011_42761092_A130833305"><flow_mat><material><mattext texttype="text/html">&lt;span style="font-family:'Arial';"&gt;A&lt;/span&gt;</mattext></material></flow_mat></response_label></flow_label><flow_label class="Block"><response_label ident="QUES_42757011_42761092_A130833306"><flow_mat><material><mattext texttype="text/html">&lt;span style="font-family:'Arial';"&gt;B&lt;/span&gt;</mattext></material></flow_mat></response_label></flow_label><flow_label class="Block"><response_label ident="QUES_42757011_42761092_A130833307"><flow_mat><material><mattext texttype="text/html">&lt;span style="font-family:'Arial';"&gt;C&lt;/span&gt;</mattext></material></flow_mat></response_label></flow_label><flow_label class="Block"><response_label ident="QUES_42757011_42761092_A130833308"><flow_mat><material><mattext texttype="text/html">&lt;span style="font-family:'Arial';"&gt;D &lt;/span&gt;</mattext></material></flow_mat></response_label></flow_label><flow_label class="Block"><response_label ident="QUES_42757011_42761092_A130833309"><flow_mat><material><mattext texttype="text/html">&lt;span style="font-family:'Arial';"&gt;E&lt;/span&gt;</mattext></material></flow_mat></response_label></flow_label><flow_label class="Block"><response_label ident="QUES_42757011_42761092_A130833310"><flow_mat><material><mattext texttype="text/html">&lt;span style="font-family:'Arial';"&gt;None of these points&lt;/span&gt;</mattext></material></flow_mat></response_label></flow_label><flow_label class="Block"><response_label ident="QUES_42757011_42761092_A130833311"><flow_mat><material><mattext texttype="text/html">&lt;span style="font-family:'Arial';"&gt;you can't tell without more information&lt;/span&gt;</mattext></material></flow_mat></response_label></flow_label></render_choice></response_lid></flow></presentation><resprocessing><respcondition title="Response Condition 1"><conditionvar><varequal respident="QUES_42757011_42761092_LID">QUES_42757011_42761092_A130833305</varequal></conditionvar><setvar action="Set">0.000000000</setvar><displayfeedback feedbacktype="Response" linkrefid="QUES_42757011_42761092_IF130833305" /></respcondition><respcondition title="Response Condition 2"><conditionvar><varequal respident="QUES_42757011_42761092_LID">QUES_42757011_42761092_A130833306</varequal></conditionvar><setvar action="Set">0.000000000</setvar><displayfeedback feedbacktype="Response" linkrefid="QUES_42757011_42761092_IF130833306" /></respcondition><respcondition title="Response Condition 3"><conditionvar><varequal respident="QUES_42757011_42761092_LID">QUES_42757011_42761092_A130833307</varequal></conditionvar><setvar action="Set">0.000000000</setvar><displayfeedback feedbacktype="Response" linkrefid="QUES_42757011_42761092_IF130833307" /></respcondition><respcondition title="Response Condition 4"><conditionvar><varequal respident="QUES_42757011_42761092_LID">QUES_42757011_42761092_A130833308</varequal></conditionvar><setvar action="Set">100.000000000</setvar><displayfeedback feedbacktype="Response" linkrefid="QUES_42757011_42761092_IF130833308" /></respcondition><respcondition title="Response Condition 5"><conditionvar><varequal respident="QUES_42757011_42761092_LID">QUES_42757011_42761092_A130833309</varequal></conditionvar><setvar action="Set">0.000000000</setvar><displayfeedback feedbacktype="Response" linkrefid="QUES_42757011_42761092_IF130833309" /></respcondition><respcondition title="Response Condition 6"><conditionvar><varequal respident="QUES_42757011_42761092_LID">QUES_42757011_42761092_A130833310</varequal></conditionvar><setvar action="Set">0.000000000</setvar><displayfeedback feedbacktype="Response" linkrefid="QUES_42757011_42761092_IF130833310" /></respcondition><respcondition title="Response Condition 7"><conditionvar><varequal respident="QUES_42757011_42761092_LID">QUES_42757011_42761092_A130833311</varequal></conditionvar><setvar action="Set">0.000000000</setvar><displayfeedback feedbacktype="Response" linkrefid="QUES_42757011_42761092_IF130833311" /></respcondition></resprocessing><itemfeedback ident="QUES_42757011_42761092_IF130833305"><material><mattext texttype="text/plain" /></material></itemfeedback><itemfeedback ident="QUES_42757011_42761092_IF130833306"><material><mattext texttype="text/plain" /></material></itemfeedback><itemfeedback ident="QUES_42757011_42761092_IF130833307"><material><mattext texttype="text/plain" /></material></itemfeedback><itemfeedback ident="QUES_42757011_42761092_IF130833308"><material><mattext texttype="text/plain" /></material></itemfeedback><itemfeedback ident="QUES_42757011_42761092_IF130833309"><material><mattext texttype="text/plain" /></material></itemfeedback><itemfeedback ident="QUES_42757011_42761092_IF130833310"><material><mattext texttype="text/plain" /></material></itemfeedback><itemfeedback ident="QUES_42757011_42761092_IF130833311"><material><mattext texttype="text/plain" /></material></itemfeedback></item></section></assessment></questestinterop>