﻿<?xml version="1.0" encoding="UTF-8"?><questestinterop xmlns:d2l_2p0="http://desire2learn.com/xsd/d2lcp_v2p0"><assessment d2l_2p0:id="460" title="Optimization: Modeling Task" ident="res_quiz_122415" d2l_2p0:resource_code="ef9e56cc46d3486a98963923-140"><rubric><flow_mat><material><mattext d2l_2p0:isdisplayed="no" texttype="text/html" /></material></flow_mat></rubric><assessmentcontrol hintswitch="no" solutionswitch="yes" feedbackswitch="no" /><presentation_material><flow_mat><material label="page header"><mattext d2l_2p0:isdisplayed="no" texttype="text/html" /></material><material label="page footer"><mattext d2l_2p0:isdisplayed="no" texttype="text/html" /></material></flow_mat></presentation_material><assess_procextension><d2l_2p0:intro_message d2l_2p0:isdisplayed="yes" texttype="text/html">Respondus</d2l_2p0:intro_message><d2l_2p0:disable_right_click>no</d2l_2p0:disable_right_click><d2l_2p0:disable_pager_access>no</d2l_2p0:disable_pager_access><is_active>yes</is_active><d2l_2p0:date_start /><d2l_2p0:date_end /><d2l_2p0:date_due /><d2l_2p0:has_schedule_event>no</d2l_2p0:has_schedule_event><d2l_2p0:is_attempt_Rldb>no</d2l_2p0:is_attempt_Rldb><d2l_2p0:is_subview_Rldb>no</d2l_2p0:is_subview_Rldb><d2l_2p0:time_limit>120</d2l_2p0:time_limit><d2l_2p0:show_clock>yes</d2l_2p0:show_clock><d2l_2p0:enforce_time_limit>yes</d2l_2p0:enforce_time_limit><d2l_2p0:grace_period>5</d2l_2p0:grace_period><d2l_2p0:late_limit>0</d2l_2p0:late_limit><d2l_2p0:attempts_allowed>3</d2l_2p0:attempts_allowed><d2l_2p0:attempt_restrictions /><d2l_2p0:mark_calculation_type>1</d2l_2p0:mark_calculation_type><d2l_2p0:is_forward_only>no</d2l_2p0:is_forward_only></assess_procextension><assessfeedback title=""><rubric><flow_mat><material><mattext texttype="yes">Your quiz has been submitted successfully.</mattext></material></flow_mat></rubric><d2l_2p0:duration>0</d2l_2p0:duration><d2l_2p0:response_display_type_id>1</d2l_2p0:response_display_type_id><d2l_2p0:show_correct_answers>no</d2l_2p0:show_correct_answers><d2l_2p0:submission_restrictip>no</d2l_2p0:submission_restrictip><d2l_2p0:show_class_average>no</d2l_2p0:show_class_average><d2l_2p0:show_score_distribution>no</d2l_2p0:show_score_distribution></assessfeedback><section ident="CONTAINER_SECTION"><item ident="OBJ_1651188" label="QUES_42756995_42761076" d2l_2p0:page="1"><itemmetadata><qtimetadata><qti_metadatafield><fieldlabel>qmd_computerscored</fieldlabel><fieldentry>yes</fieldentry></qti_metadatafield><qti_metadatafield><fieldlabel>qmd_questiontype</fieldlabel><fieldentry>Multiple Choice</fieldentry></qti_metadatafield><qti_metadatafield><fieldlabel>qmd_weighting</fieldlabel><fieldentry>1.000000000</fieldentry></qti_metadatafield><qti_metadatafield><fieldlabel>qmd_globalid</fieldlabel><fieldentry>6fc9c148-f9b2-47a7-8edd-f2673898d732</fieldentry></qti_metadatafield><qti_metadatafield><fieldlabel>qmd_displayid</fieldlabel><fieldentry>Sample Course-74194</fieldentry></qti_metadatafield></qtimetadata></itemmetadata><itemproc_extension><d2l_2p0:difficulty>3</d2l_2p0:difficulty><d2l_2p0:isbonus>no</d2l_2p0:isbonus><d2l_2p0:ismandatory>yes</d2l_2p0:ismandatory></itemproc_extension><presentation><flow><material><mattext texttype="text/html">&lt;!--RsQ_001--&gt;&lt;span style="font-family:'Arial';"&gt;A farmer wants to start raising goats. She has 300 ft of fence. She decides to build a rectangular lot (small pen) next to the barn where she keeps feed using the barn as one side of the lot.&lt;br&gt;What is the largest area lot that she can build? &lt;/span&gt;</mattext></material><response_extension><d2l_2p0:display_style>2</d2l_2p0:display_style><d2l_2p0:enumeration>6</d2l_2p0:enumeration><d2l_2p0:grading_type>0</d2l_2p0:grading_type></response_extension><response_lid ident="QUES_42756995_42761076_LID" rcardinality="Single"><render_choice shuffle="no"><flow_label class="Block"><response_label ident="QUES_42756995_42761076_A130833227"><flow_mat><material><mattext texttype="text/html">&lt;span style="font-family:'Arial';"&gt;150 ft&lt;/span&gt;</mattext></material></flow_mat></response_label></flow_label><flow_label class="Block"><response_label ident="QUES_42756995_42761076_A130833228"><flow_mat><material><mattext texttype="text/html">&lt;span style="font-family:'Arial';"&gt;75 ft&lt;/span&gt;</mattext></material></flow_mat></response_label></flow_label><flow_label class="Block"><response_label ident="QUES_42756995_42761076_A130833229"><flow_mat><material><mattext texttype="text/html">&lt;span style="font-family:'Arial';"&gt;1500 ft&lt;/span&gt;</mattext></material></flow_mat></response_label></flow_label><flow_label class="Block"><response_label ident="QUES_42756995_42761076_A130833230"><flow_mat><material><mattext texttype="text/html">&lt;span style="font-family:'Arial';"&gt;90000 ft&lt;/span&gt;&lt;span style="font-family:'Arial';"&gt;&lt;IMG src="ppg/respondus/Optimization_Modeling_Task_BB_Test/eq_04dd76.gif" alt="equation" border=0 align="absmiddle"&gt;&lt;/span&gt;</mattext></material></flow_mat></response_label></flow_label><flow_label class="Block"><response_label ident="QUES_42756995_42761076_A130833231"><flow_mat><material><mattext texttype="text/html">&lt;span style="font-family:'Arial';"&gt;11250 ft&lt;/span&gt;&lt;span style="font-family:'Arial';"&gt;&lt;IMG src="ppg/respondus/Optimization_Modeling_Task_BB_Test/eq_04dd84.gif" alt="equation" border=0 align="absmiddle"&gt;&lt;/span&gt;</mattext></material></flow_mat></response_label></flow_label><flow_label class="Block"><response_label ident="QUES_42756995_42761076_A130833232"><flow_mat><material><mattext texttype="text/html">&lt;span style="font-family:'Arial';"&gt;5625 ft&lt;/span&gt;&lt;span style="font-family:'Arial';"&gt;&lt;IMG src="ppg/respondus/Optimization_Modeling_Task_BB_Test/eq_04dd8c.gif" alt="equation" border=0 align="absmiddle"&gt;&lt;/span&gt;</mattext></material></flow_mat></response_label></flow_label><flow_label class="Block"><response_label ident="QUES_42756995_42761076_A130833233"><flow_mat><material><mattext texttype="text/html">&lt;span style="font-family:'Arial';"&gt;None of the above&lt;/span&gt;</mattext></material></flow_mat></response_label></flow_label></render_choice></response_lid></flow></presentation><resprocessing><respcondition title="Response Condition 1"><conditionvar><varequal respident="QUES_42756995_42761076_LID">QUES_42756995_42761076_A130833227</varequal></conditionvar><setvar action="Set">0.000000000</setvar><displayfeedback feedbacktype="Response" linkrefid="QUES_42756995_42761076_IF130833227" /></respcondition><respcondition title="Response Condition 2"><conditionvar><varequal respident="QUES_42756995_42761076_LID">QUES_42756995_42761076_A130833228</varequal></conditionvar><setvar action="Set">0.000000000</setvar><displayfeedback feedbacktype="Response" linkrefid="QUES_42756995_42761076_IF130833228" /></respcondition><respcondition title="Response Condition 3"><conditionvar><varequal respident="QUES_42756995_42761076_LID">QUES_42756995_42761076_A130833229</varequal></conditionvar><setvar action="Set">0.000000000</setvar><displayfeedback feedbacktype="Response" linkrefid="QUES_42756995_42761076_IF130833229" /></respcondition><respcondition title="Response Condition 4"><conditionvar><varequal respident="QUES_42756995_42761076_LID">QUES_42756995_42761076_A130833230</varequal></conditionvar><setvar action="Set">0.000000000</setvar><displayfeedback feedbacktype="Response" linkrefid="QUES_42756995_42761076_IF130833230" /></respcondition><respcondition title="Response Condition 5"><conditionvar><varequal respident="QUES_42756995_42761076_LID">QUES_42756995_42761076_A130833231</varequal></conditionvar><setvar action="Set">100.000000000</setvar><displayfeedback feedbacktype="Response" linkrefid="QUES_42756995_42761076_IF130833231" /></respcondition><respcondition title="Response Condition 6"><conditionvar><varequal respident="QUES_42756995_42761076_LID">QUES_42756995_42761076_A130833232</varequal></conditionvar><setvar action="Set">0.000000000</setvar><displayfeedback feedbacktype="Response" linkrefid="QUES_42756995_42761076_IF130833232" /></respcondition><respcondition title="Response Condition 7"><conditionvar><varequal respident="QUES_42756995_42761076_LID">QUES_42756995_42761076_A130833233</varequal></conditionvar><setvar action="Set">0.000000000</setvar><displayfeedback feedbacktype="Response" linkrefid="QUES_42756995_42761076_IF130833233" /></respcondition></resprocessing><itemfeedback ident="QUES_42756995_42761076_IF130833227"><material><mattext texttype="text/plain" /></material></itemfeedback><itemfeedback ident="QUES_42756995_42761076_IF130833228"><material><mattext texttype="text/plain" /></material></itemfeedback><itemfeedback ident="QUES_42756995_42761076_IF130833229"><material><mattext texttype="text/plain" /></material></itemfeedback><itemfeedback ident="QUES_42756995_42761076_IF130833230"><material><mattext texttype="text/plain" /></material></itemfeedback><itemfeedback ident="QUES_42756995_42761076_IF130833231"><material><mattext texttype="text/plain" /></material></itemfeedback><itemfeedback ident="QUES_42756995_42761076_IF130833232"><material><mattext texttype="text/plain" /></material></itemfeedback><itemfeedback ident="QUES_42756995_42761076_IF130833233"><material><mattext texttype="text/plain" /></material></itemfeedback></item></section></assessment></questestinterop>