﻿<?xml version="1.0" encoding="UTF-8"?><questestinterop xmlns:d2l_2p0="http://desire2learn.com/xsd/d2lcp_v2p0"><assessment d2l_2p0:id="431" title="Approximating Instantaneous Rates of Change PostVideo Questions" ident="res_quiz_122386" d2l_2p0:resource_code="ef9e56cc46d3486a98963923-111"><rubric><flow_mat><material><mattext d2l_2p0:isdisplayed="no" texttype="text/html" /></material></flow_mat></rubric><assessmentcontrol hintswitch="no" solutionswitch="yes" feedbackswitch="no" /><presentation_material><flow_mat><material label="page header"><mattext d2l_2p0:isdisplayed="no" texttype="text/html" /></material><material label="page footer"><mattext d2l_2p0:isdisplayed="no" texttype="text/html" /></material></flow_mat></presentation_material><assess_procextension><d2l_2p0:intro_message d2l_2p0:isdisplayed="yes" texttype="text/html">Respondus</d2l_2p0:intro_message><d2l_2p0:disable_right_click>no</d2l_2p0:disable_right_click><d2l_2p0:disable_pager_access>no</d2l_2p0:disable_pager_access><is_active>yes</is_active><d2l_2p0:date_start /><d2l_2p0:date_end /><d2l_2p0:date_due /><d2l_2p0:has_schedule_event>no</d2l_2p0:has_schedule_event><d2l_2p0:is_attempt_Rldb>no</d2l_2p0:is_attempt_Rldb><d2l_2p0:is_subview_Rldb>no</d2l_2p0:is_subview_Rldb><d2l_2p0:time_limit>120</d2l_2p0:time_limit><d2l_2p0:show_clock>yes</d2l_2p0:show_clock><d2l_2p0:enforce_time_limit>yes</d2l_2p0:enforce_time_limit><d2l_2p0:grace_period>5</d2l_2p0:grace_period><d2l_2p0:late_limit>0</d2l_2p0:late_limit><d2l_2p0:attempts_allowed>3</d2l_2p0:attempts_allowed><d2l_2p0:attempt_restrictions /><d2l_2p0:mark_calculation_type>1</d2l_2p0:mark_calculation_type><d2l_2p0:is_forward_only>no</d2l_2p0:is_forward_only></assess_procextension><assessfeedback title=""><rubric><flow_mat><material><mattext texttype="yes">Your quiz has been submitted successfully.</mattext></material></flow_mat></rubric><d2l_2p0:duration>0</d2l_2p0:duration><d2l_2p0:response_display_type_id>1</d2l_2p0:response_display_type_id><d2l_2p0:show_correct_answers>no</d2l_2p0:show_correct_answers><d2l_2p0:submission_restrictip>no</d2l_2p0:submission_restrictip><d2l_2p0:show_class_average>no</d2l_2p0:show_class_average><d2l_2p0:show_score_distribution>no</d2l_2p0:show_score_distribution></assessfeedback><section ident="CONTAINER_SECTION"><item ident="OBJ_1651120" label="QUES_42756927_42761008" d2l_2p0:page="1"><itemmetadata><qtimetadata><qti_metadatafield><fieldlabel>qmd_computerscored</fieldlabel><fieldentry>yes</fieldentry></qti_metadatafield><qti_metadatafield><fieldlabel>qmd_questiontype</fieldlabel><fieldentry>Multiple Choice</fieldentry></qti_metadatafield><qti_metadatafield><fieldlabel>qmd_weighting</fieldlabel><fieldentry>1.000000000</fieldentry></qti_metadatafield><qti_metadatafield><fieldlabel>qmd_globalid</fieldlabel><fieldentry>7753db42-a347-435b-a778-2387d4e7388a</fieldentry></qti_metadatafield><qti_metadatafield><fieldlabel>qmd_displayid</fieldlabel><fieldentry>Sample Course-74126</fieldentry></qti_metadatafield></qtimetadata></itemmetadata><itemproc_extension><d2l_2p0:difficulty>3</d2l_2p0:difficulty><d2l_2p0:isbonus>no</d2l_2p0:isbonus><d2l_2p0:ismandatory>yes</d2l_2p0:ismandatory></itemproc_extension><presentation><flow><material><mattext texttype="text/html">&lt;!--RsQ_001--&gt;&lt;p&gt;&lt;span style="font-size: 14.0pt; font-family: 'Avenir Next',sans-serif; color: #292b2c;"&gt;After filling up an 18-gallon gas tank, a SUV immediately starts to drive up a hill. While it is driving up the hill the SUV monitors its fuel consumption and the distance it has traveled since filling up its gas tank. The hill is becoming steeper and steeper and so the fuel economy measured in miles per gallon is decreasing. The SUV&amp;#8217;s internal computer periodically records the amount of fuel consumed and its distanced traveled since filling up its gas tank, shown in the table below:&lt;/span&gt;&lt;/p&gt;  &lt;table border="0" cellspacing="0" cellpadding="0" style="width: 672px; background: white; border-collapse: collapse;"&gt;   &lt;tbody&gt;    &lt;tr&gt;     &lt;td width="192" valign="top" style="width: 2.0in; padding: 0in 0in 0in 0in;"&gt;&amp;nbsp;&lt;/td&gt;     &lt;td width="192" valign="top" style="width: 2.0in; padding: 0in 0in 0in 0in;"&gt;&amp;nbsp;&lt;/td&gt;    &lt;/tr&gt;    &lt;tr&gt;     &lt;td width="192" valign="top" style="width: 2.0in; padding: 0in 0in 0in 0in;"&gt; &lt;p&gt;&lt;span style="font-size: 14.0pt; font-family: 'Avenir Next',sans-serif;"&gt;Fuel Consumed (gallons)&lt;/span&gt;&lt;/p&gt; &lt;/td&gt;     &lt;td width="192" valign="top" style="width: 2.0in; padding: 0in 0in 0in 0in;"&gt; &lt;p&gt;&lt;span style="font-size: 14.0pt; font-family: 'Avenir Next',sans-serif;"&gt;Distance Traveled (miles)&lt;/span&gt;&lt;/p&gt; &lt;/td&gt;    &lt;/tr&gt;    &lt;tr&gt;     &lt;td width="192" valign="top" style="width: 2.0in; padding: 0in 0in 0in 0in;"&gt; &lt;p&gt;&lt;span style="font-size: 14.0pt; font-family: 'Avenir Next',sans-serif;"&gt;0.1&lt;/span&gt;&lt;/p&gt; &lt;/td&gt;     &lt;td width="192" valign="top" style="width: 2.0in; padding: 0in 0in 0in 0in;"&gt; &lt;p&gt;&lt;span style="font-size: 14.0pt; font-family: 'Avenir Next',sans-serif;"&gt;2.4&lt;/span&gt;&lt;/p&gt; &lt;/td&gt;    &lt;/tr&gt;    &lt;tr&gt;     &lt;td width="192" valign="top" style="width: 2.0in; padding: 0in 0in 0in 0in;"&gt; &lt;p&gt;&lt;span style="font-size: 14.0pt; font-family: 'Avenir Next',sans-serif;"&gt;0.2&lt;/span&gt;&lt;/p&gt; &lt;/td&gt;     &lt;td width="192" valign="top" style="width: 2.0in; padding: 0in 0in 0in 0in;"&gt; &lt;p&gt;&lt;span style="font-size: 14.0pt; font-family: 'Avenir Next',sans-serif;"&gt;4.7&lt;/span&gt;&lt;/p&gt; &lt;/td&gt;    &lt;/tr&gt;    &lt;tr&gt;     &lt;td width="192" valign="top" style="width: 2.0in; padding: 0in 0in 0in 0in;"&gt; &lt;p&gt;&lt;span style="font-size: 14.0pt; font-family: 'Avenir Next',sans-serif;"&gt;0.3&lt;/span&gt;&lt;/p&gt; &lt;/td&gt;     &lt;td width="192" valign="top" style="width: 2.0in; padding: 0in 0in 0in 0in;"&gt; &lt;p&gt;&lt;span style="font-size: 14.0pt; font-family: 'Avenir Next',sans-serif;"&gt;6.9&lt;/span&gt;&lt;/p&gt; &lt;/td&gt;    &lt;/tr&gt;    &lt;tr&gt;     &lt;td width="192" valign="top" style="width: 2.0in; padding: 0in 0in 0in 0in;"&gt; &lt;p&gt;&lt;span style="font-size: 14.0pt; font-family: 'Avenir Next',sans-serif;"&gt;0.4&lt;/span&gt;&lt;/p&gt; &lt;/td&gt;     &lt;td width="192" valign="top" style="width: 2.0in; padding: 0in 0in 0in 0in;"&gt; &lt;p&gt;&lt;span style="font-size: 14.0pt; font-family: 'Avenir Next',sans-serif;"&gt;8.9&lt;/span&gt;&lt;/p&gt; &lt;/td&gt;    &lt;/tr&gt;    &lt;tr&gt;     &lt;td width="192" valign="top" style="width: 2.0in; padding: 0in 0in 0in 0in;"&gt; &lt;p&gt;&lt;span style="font-size: 14.0pt; font-family: 'Avenir Next',sans-serif;"&gt;0.5&lt;/span&gt;&lt;/p&gt; &lt;/td&gt;     &lt;td width="192" valign="top" style="width: 2.0in; padding: 0in 0in 0in 0in;"&gt; &lt;p&gt;&lt;span style="font-size: 14.0pt; font-family: 'Avenir Next',sans-serif;"&gt;10.6&lt;/span&gt;&lt;/p&gt; &lt;/td&gt;    &lt;/tr&gt;    &lt;tr&gt;     &lt;td width="192" valign="top" style="width: 2.0in; padding: 0in 0in 0in 0in;"&gt; &lt;p&gt;&lt;span style="font-size: 14.0pt; font-family: 'Avenir Next',sans-serif;"&gt;0.6&lt;/span&gt;&lt;/p&gt; &lt;/td&gt;     &lt;td width="192" valign="top" style="width: 2.0in; padding: 0in 0in 0in 0in;"&gt; &lt;p&gt;&lt;span style="font-size: 14.0pt; font-family: 'Avenir Next',sans-serif;"&gt;11.9&lt;/span&gt;&lt;/p&gt; &lt;/td&gt;    &lt;/tr&gt;    &lt;tr&gt;     &lt;td width="192" valign="top" style="width: 2.0in; padding: 0in 0in 0in 0in;"&gt; &lt;p&gt;&lt;span style="font-size: 14.0pt; font-family: 'Avenir Next',sans-serif;"&gt;0.7&lt;/span&gt;&lt;/p&gt; &lt;/td&gt;     &lt;td width="192" valign="top" style="width: 2.0in; padding: 0in 0in 0in 0in;"&gt; &lt;p&gt;&lt;span style="font-size: 14.0pt; font-family: 'Avenir Next',sans-serif;"&gt;12.8&lt;/span&gt;&lt;/p&gt; &lt;/td&gt;    &lt;/tr&gt;    &lt;tr&gt;     &lt;td width="192" valign="top" style="width: 2.0in; padding: 0in 0in 0in 0in;"&gt; &lt;p&gt;&lt;span style="font-size: 14.0pt; font-family: 'Avenir Next',sans-serif;"&gt;0.8&lt;/span&gt;&lt;/p&gt; &lt;/td&gt;     &lt;td width="192" valign="top" style="width: 2.0in; padding: 0in 0in 0in 0in;"&gt; &lt;p&gt;&lt;span style="font-size: 14.0pt; font-family: 'Avenir Next',sans-serif;"&gt;13.3&lt;/span&gt;&lt;/p&gt; &lt;/td&gt;    &lt;/tr&gt;   &lt;/tbody&gt;  &lt;/table&gt;  &lt;p&gt;&lt;span style="font-size: 14.0pt; font-family: 'Avenir Next',sans-serif;"&gt;&lt;br&gt;Using only the data from the table, what method could you use to find the best possible underestimate to the SUV&amp;#8217;s fuel economy when it has consumed 0.5 gallons?&amp;nbsp; Note: Fuel economy is a positive value indicating the number of miles per gallon a vehicle is consuming.&lt;/span&gt;&lt;/p&gt;</mattext></material><response_extension><d2l_2p0:display_style>2</d2l_2p0:display_style><d2l_2p0:enumeration>6</d2l_2p0:enumeration><d2l_2p0:grading_type>0</d2l_2p0:grading_type></response_extension><response_lid ident="QUES_42756927_42761008_LID" rcardinality="Single"><render_choice shuffle="no"><flow_label class="Block"><response_label ident="QUES_42756927_42761008_A130832837"><flow_mat><material><mattext texttype="text/html">&lt;p&gt;&lt;span style="font-size: 14.0pt; font-family: 'Avenir Next',sans-serif;"&gt;&lt;IMG src="ppg/respondus/Approximating_Inst_Rates_Of_Change_Post_BB_Test/c547f1e6592f31f53579740b6dfa3f49__xid14753665_1.png" alt="" align="bottom" border=0&gt;&amp;nbsp;miles per gallon&lt;br&gt;&lt;/span&gt;&lt;/p&gt;</mattext></material></flow_mat></response_label></flow_label><flow_label class="Block"><response_label ident="QUES_42756927_42761008_A130832838"><flow_mat><material><mattext texttype="text/html">&lt;p&gt;&lt;span style="font-size: 14.0pt; font-family: 'Avenir Next',sans-serif;"&gt;&lt;IMG src="ppg/respondus/Approximating_Inst_Rates_Of_Change_Post_BB_Test/ac41771bbd6300d6eabeb8ba731c0e1a__xid14753667_1.png" alt="" align="bottom" border=0&gt;&amp;nbsp;miles per gallon&lt;br&gt;&lt;/span&gt;&lt;/p&gt;</mattext></material></flow_mat></response_label></flow_label><flow_label class="Block"><response_label ident="QUES_42756927_42761008_A130832839"><flow_mat><material><mattext texttype="text/html">&lt;p&gt;&lt;span style="font-size: 14.0pt; font-family: 'Avenir Next',sans-serif;"&gt;&lt;IMG src="ppg/respondus/Approximating_Inst_Rates_Of_Change_Post_BB_Test/7730eaab591e7519875792661c8abd30__xid14753669_1.png" alt="" align="bottom" border=0&gt;&amp;nbsp;miles per gallon&lt;br&gt;&lt;/span&gt;&lt;/p&gt;</mattext></material></flow_mat></response_label></flow_label><flow_label class="Block"><response_label ident="QUES_42756927_42761008_A130832840"><flow_mat><material><mattext texttype="text/html">&lt;p&gt;&lt;span style="font-size: 14.0pt; font-family: 'Avenir Next',sans-serif;"&gt;&lt;IMG src="ppg/respondus/Approximating_Inst_Rates_Of_Change_Post_BB_Test/2529ae0d9e942770a374565abd3c7755__xid14753666_1.png" alt="" align="bottom" border=0&gt;&amp;nbsp;miles per gallon&lt;br&gt;&lt;/span&gt;&lt;/p&gt;</mattext></material></flow_mat></response_label></flow_label><flow_label class="Block"><response_label ident="QUES_42756927_42761008_A130832841"><flow_mat><material><mattext texttype="text/html">&lt;p&gt;&lt;span style="font-size: 14.0pt; font-family: 'Avenir Next',sans-serif;"&gt;&lt;IMG src="ppg/respondus/Approximating_Inst_Rates_Of_Change_Post_BB_Test/0ff2c5f140cde34eaba10549c670e4af__xid14753668_1.png" alt="" align="bottom" border=0&gt;&amp;nbsp;miles per gallon&lt;br&gt;&lt;/span&gt;&lt;/p&gt;</mattext></material></flow_mat></response_label></flow_label><flow_label class="Block"><response_label ident="QUES_42756927_42761008_A130832842"><flow_mat><material><mattext texttype="text/html">&lt;p&gt;&lt;IMG src="ppg/respondus/Approximating_Inst_Rates_Of_Change_Post_BB_Test/b9a1741b2544e1ad127683ec96c66d37__xid14753670_1.png" alt="" align="bottom" border=0&gt;&lt;span style="color: #000000; font-family: 'Avenir Next', sans-serif; font-size: 18.6667px; font-style: normal; font-variant-ligatures: normal; font-variant-caps: normal; font-weight: 400; letter-spacing: normal; orphans: 2; text-align: start; text-indent: 0px; text-transform: none; white-space: normal; widows: 2; word-spacing: 0px; -webkit-text-stroke-width: 0px; text-decoration-style: initial; text-decoration-color: initial; float: none; display: inline !important;"&gt;&amp;nbsp;&lt;/span&gt;&lt;span style="color: #000000; font-family: 'Avenir Next', sans-serif; font-size: 18.6667px; font-style: normal; font-variant-ligatures: normal; font-variant-caps: normal; font-weight: 400; letter-spacing: normal; orphans: 2; text-align: start; text-indent: 0px; text-transform: none; white-space: normal; widows: 2; word-spacing: 0px; -webkit-text-stroke-width: 0px; text-decoration-style: initial; text-decoration-color: initial; float: none; display: inline !important;"&gt;miles per gallon&lt;/span&gt;&lt;/p&gt;</mattext></material></flow_mat></response_label></flow_label><flow_label class="Block"><response_label ident="QUES_42756927_42761008_A130832843"><flow_mat><material><mattext texttype="text/html">&lt;p&gt;&lt;span style="color: #000000; font-family: 'Avenir Next', sans-serif; font-size: 18.6667px; font-style: normal; font-variant-ligatures: normal; font-variant-caps: normal; font-weight: 400; letter-spacing: normal; orphans: 2; text-align: start; text-indent: 0px; text-transform: none; white-space: normal; widows: 2; word-spacing: 0px; -webkit-text-stroke-width: 0px; text-decoration-style: initial; text-decoration-color: initial; float: none; display: inline !important;"&gt;Take the average of b. and c.&lt;/span&gt;&lt;/p&gt;</mattext></material></flow_mat></response_label></flow_label></render_choice></response_lid></flow></presentation><resprocessing><respcondition title="Response Condition 1"><conditionvar><varequal respident="QUES_42756927_42761008_LID">QUES_42756927_42761008_A130832837</varequal></conditionvar><setvar action="Set">0.000000000</setvar><displayfeedback feedbacktype="Response" linkrefid="QUES_42756927_42761008_IF130832837" /></respcondition><respcondition title="Response Condition 2"><conditionvar><varequal respident="QUES_42756927_42761008_LID">QUES_42756927_42761008_A130832838</varequal></conditionvar><setvar action="Set">0.000000000</setvar><displayfeedback feedbacktype="Response" linkrefid="QUES_42756927_42761008_IF130832838" /></respcondition><respcondition title="Response Condition 3"><conditionvar><varequal respident="QUES_42756927_42761008_LID">QUES_42756927_42761008_A130832839</varequal></conditionvar><setvar action="Set">100.000000000</setvar><displayfeedback feedbacktype="Response" linkrefid="QUES_42756927_42761008_IF130832839" /></respcondition><respcondition title="Response Condition 4"><conditionvar><varequal respident="QUES_42756927_42761008_LID">QUES_42756927_42761008_A130832840</varequal></conditionvar><setvar action="Set">0.000000000</setvar><displayfeedback feedbacktype="Response" linkrefid="QUES_42756927_42761008_IF130832840" /></respcondition><respcondition title="Response Condition 5"><conditionvar><varequal respident="QUES_42756927_42761008_LID">QUES_42756927_42761008_A130832841</varequal></conditionvar><setvar action="Set">0.000000000</setvar><displayfeedback feedbacktype="Response" linkrefid="QUES_42756927_42761008_IF130832841" /></respcondition><respcondition title="Response Condition 6"><conditionvar><varequal respident="QUES_42756927_42761008_LID">QUES_42756927_42761008_A130832842</varequal></conditionvar><setvar action="Set">0.000000000</setvar><displayfeedback feedbacktype="Response" linkrefid="QUES_42756927_42761008_IF130832842" /></respcondition><respcondition title="Response Condition 7"><conditionvar><varequal respident="QUES_42756927_42761008_LID">QUES_42756927_42761008_A130832843</varequal></conditionvar><setvar action="Set">0.000000000</setvar><displayfeedback feedbacktype="Response" linkrefid="QUES_42756927_42761008_IF130832843" /></respcondition></resprocessing><itemfeedback ident="QUES_42756927_42761008_IF130832837"><material><mattext texttype="text/plain" /></material></itemfeedback><itemfeedback ident="QUES_42756927_42761008_IF130832838"><material><mattext texttype="text/plain" /></material></itemfeedback><itemfeedback ident="QUES_42756927_42761008_IF130832839"><material><mattext texttype="text/plain" /></material></itemfeedback><itemfeedback ident="QUES_42756927_42761008_IF130832840"><material><mattext texttype="text/plain" /></material></itemfeedback><itemfeedback ident="QUES_42756927_42761008_IF130832841"><material><mattext texttype="text/plain" /></material></itemfeedback><itemfeedback ident="QUES_42756927_42761008_IF130832842"><material><mattext texttype="text/plain" /></material></itemfeedback><itemfeedback ident="QUES_42756927_42761008_IF130832843"><material><mattext texttype="text/plain" /></material></itemfeedback></item><item ident="OBJ_1651121" label="QUES_42756928_42761009" d2l_2p0:page="1"><itemmetadata><qtimetadata><qti_metadatafield><fieldlabel>qmd_computerscored</fieldlabel><fieldentry>yes</fieldentry></qti_metadatafield><qti_metadatafield><fieldlabel>qmd_questiontype</fieldlabel><fieldentry>Multiple Choice</fieldentry></qti_metadatafield><qti_metadatafield><fieldlabel>qmd_weighting</fieldlabel><fieldentry>1.000000000</fieldentry></qti_metadatafield><qti_metadatafield><fieldlabel>qmd_globalid</fieldlabel><fieldentry>e130bdbc-a23f-4e41-9014-2a102745f2cb</fieldentry></qti_metadatafield><qti_metadatafield><fieldlabel>qmd_displayid</fieldlabel><fieldentry>Sample Course-74127</fieldentry></qti_metadatafield></qtimetadata></itemmetadata><itemproc_extension><d2l_2p0:difficulty>3</d2l_2p0:difficulty><d2l_2p0:isbonus>no</d2l_2p0:isbonus><d2l_2p0:ismandatory>yes</d2l_2p0:ismandatory></itemproc_extension><presentation><flow><material><mattext texttype="text/html">&lt;!--RsQ_002--&gt;&lt;p&gt;&lt;span style="font-size: 14.0pt; font-family: 'Avenir Next',sans-serif; color: #292b2c;"&gt;After filling up an 18-gallon gas tank, a SUV immediately starts to drive up a hill. While it is driving up the hill the SUV monitors its fuel consumption and the distance it has traveled since filling up its gas tank. The hill is becoming steeper and steeper and so the fuel economy measured in miles per gallon is decreasing. The SUV&amp;#8217;s internal computer periodically records the amount of fuel consumed and its distanced traveled since filling up its gas tank, shown in the table below:&lt;/span&gt;&lt;/p&gt;  &lt;table border="0" cellspacing="0" cellpadding="0" style="width: 672px; background: white; border-collapse: collapse;"&gt;   &lt;tbody&gt;    &lt;tr&gt;     &lt;td width="192" valign="top" style="width: 2.0in; padding: 0in 0in 0in 0in;"&gt;&amp;nbsp;&lt;/td&gt;     &lt;td width="192" valign="top" style="width: 2.0in; padding: 0in 0in 0in 0in;"&gt;&amp;nbsp;&lt;/td&gt;    &lt;/tr&gt;    &lt;tr&gt;     &lt;td width="192" valign="top" style="width: 2.0in; padding: 0in 0in 0in 0in;"&gt; &lt;p&gt;&lt;span style="font-size: 14.0pt; font-family: 'Avenir Next',sans-serif;"&gt;Fuel Consumed (gallons)&lt;/span&gt;&lt;/p&gt; &lt;/td&gt;     &lt;td width="192" valign="top" style="width: 2.0in; padding: 0in 0in 0in 0in;"&gt; &lt;p&gt;&lt;span style="font-size: 14.0pt; font-family: 'Avenir Next',sans-serif;"&gt;Distance Traveled (miles)&lt;/span&gt;&lt;/p&gt; &lt;/td&gt;    &lt;/tr&gt;    &lt;tr&gt;     &lt;td width="192" valign="top" style="width: 2.0in; padding: 0in 0in 0in 0in;"&gt; &lt;p&gt;&lt;span style="font-size: 14.0pt; font-family: 'Avenir Next',sans-serif;"&gt;0.1&lt;/span&gt;&lt;/p&gt; &lt;/td&gt;     &lt;td width="192" valign="top" style="width: 2.0in; padding: 0in 0in 0in 0in;"&gt; &lt;p&gt;&lt;span style="font-size: 14.0pt; font-family: 'Avenir Next',sans-serif;"&gt;2.4&lt;/span&gt;&lt;/p&gt; &lt;/td&gt;    &lt;/tr&gt;    &lt;tr&gt;     &lt;td width="192" valign="top" style="width: 2.0in; padding: 0in 0in 0in 0in;"&gt; &lt;p&gt;&lt;span style="font-size: 14.0pt; font-family: 'Avenir Next',sans-serif;"&gt;0.2&lt;/span&gt;&lt;/p&gt; &lt;/td&gt;     &lt;td width="192" valign="top" style="width: 2.0in; padding: 0in 0in 0in 0in;"&gt; &lt;p&gt;&lt;span style="font-size: 14.0pt; font-family: 'Avenir Next',sans-serif;"&gt;4.7&lt;/span&gt;&lt;/p&gt; &lt;/td&gt;    &lt;/tr&gt;    &lt;tr&gt;     &lt;td width="192" valign="top" style="width: 2.0in; padding: 0in 0in 0in 0in;"&gt; &lt;p&gt;&lt;span style="font-size: 14.0pt; font-family: 'Avenir Next',sans-serif;"&gt;0.3&lt;/span&gt;&lt;/p&gt; &lt;/td&gt;     &lt;td width="192" valign="top" style="width: 2.0in; padding: 0in 0in 0in 0in;"&gt; &lt;p&gt;&lt;span style="font-size: 14.0pt; font-family: 'Avenir Next',sans-serif;"&gt;6.9&lt;/span&gt;&lt;/p&gt; &lt;/td&gt;    &lt;/tr&gt;    &lt;tr&gt;     &lt;td width="192" valign="top" style="width: 2.0in; padding: 0in 0in 0in 0in;"&gt; &lt;p&gt;&lt;span style="font-size: 14.0pt; font-family: 'Avenir Next',sans-serif;"&gt;0.4&lt;/span&gt;&lt;/p&gt; &lt;/td&gt;     &lt;td width="192" valign="top" style="width: 2.0in; padding: 0in 0in 0in 0in;"&gt; &lt;p&gt;&lt;span style="font-size: 14.0pt; font-family: 'Avenir Next',sans-serif;"&gt;8.9&lt;/span&gt;&lt;/p&gt; &lt;/td&gt;    &lt;/tr&gt;    &lt;tr&gt;     &lt;td width="192" valign="top" style="width: 2.0in; padding: 0in 0in 0in 0in;"&gt; &lt;p&gt;&lt;span style="font-size: 14.0pt; font-family: 'Avenir Next',sans-serif;"&gt;0.5&lt;/span&gt;&lt;/p&gt; &lt;/td&gt;     &lt;td width="192" valign="top" style="width: 2.0in; padding: 0in 0in 0in 0in;"&gt; &lt;p&gt;&lt;span style="font-size: 14.0pt; font-family: 'Avenir Next',sans-serif;"&gt;10.6&lt;/span&gt;&lt;/p&gt; &lt;/td&gt;    &lt;/tr&gt;    &lt;tr&gt;     &lt;td width="192" valign="top" style="width: 2.0in; padding: 0in 0in 0in 0in;"&gt; &lt;p&gt;&lt;span style="font-size: 14.0pt; font-family: 'Avenir Next',sans-serif;"&gt;0.6&lt;/span&gt;&lt;/p&gt; &lt;/td&gt;     &lt;td width="192" valign="top" style="width: 2.0in; padding: 0in 0in 0in 0in;"&gt; &lt;p&gt;&lt;span style="font-size: 14.0pt; font-family: 'Avenir Next',sans-serif;"&gt;11.9&lt;/span&gt;&lt;/p&gt; &lt;/td&gt;    &lt;/tr&gt;    &lt;tr&gt;     &lt;td width="192" valign="top" style="width: 2.0in; padding: 0in 0in 0in 0in;"&gt; &lt;p&gt;&lt;span style="font-size: 14.0pt; font-family: 'Avenir Next',sans-serif;"&gt;0.7&lt;/span&gt;&lt;/p&gt; &lt;/td&gt;     &lt;td width="192" valign="top" style="width: 2.0in; padding: 0in 0in 0in 0in;"&gt; &lt;p&gt;&lt;span style="font-size: 14.0pt; font-family: 'Avenir Next',sans-serif;"&gt;12.8&lt;/span&gt;&lt;/p&gt; &lt;/td&gt;    &lt;/tr&gt;    &lt;tr&gt;     &lt;td width="192" valign="top" style="width: 2.0in; padding: 0in 0in 0in 0in;"&gt; &lt;p&gt;&lt;span style="font-size: 14.0pt; font-family: 'Avenir Next',sans-serif;"&gt;0.8&lt;/span&gt;&lt;/p&gt; &lt;/td&gt;     &lt;td width="192" valign="top" style="width: 2.0in; padding: 0in 0in 0in 0in;"&gt; &lt;p&gt;&lt;span style="font-size: 14.0pt; font-family: 'Avenir Next',sans-serif;"&gt;13.3&lt;/span&gt;&lt;/p&gt; &lt;/td&gt;    &lt;/tr&gt;   &lt;/tbody&gt;  &lt;/table&gt;  &lt;p&gt;&lt;span style="font-size: 14.0pt; font-family: 'Avenir Next',sans-serif;"&gt;&lt;br&gt; &lt;/span&gt;&lt;/p&gt;  &lt;p&gt;&lt;span style="font-size: 14.0pt; font-family: 'Avenir Next',sans-serif;"&gt;Which statement below best explains why the value you found underestimates the SUV&amp;#8217;s fuel economy (measured in miles per gallon) at 0.5 gallons?&lt;/span&gt;&lt;/p&gt;</mattext></material><response_extension><d2l_2p0:display_style>2</d2l_2p0:display_style><d2l_2p0:enumeration>6</d2l_2p0:enumeration><d2l_2p0:grading_type>0</d2l_2p0:grading_type></response_extension><response_lid ident="QUES_42756928_42761009_LID" rcardinality="Single"><render_choice shuffle="no"><flow_label class="Block"><response_label ident="QUES_42756928_42761009_A130832844"><flow_mat><material><mattext texttype="text/html">&lt;p&gt;&lt;span style="font-size: 14.0pt; font-family: 'Avenir Next',sans-serif;"&gt;Because I used an amount of gallons less than 0.5 gallons.&lt;/span&gt;&lt;/p&gt;</mattext></material></flow_mat></response_label></flow_label><flow_label class="Block"><response_label ident="QUES_42756928_42761009_A130832845"><flow_mat><material><mattext texttype="text/html">&lt;p&gt;&lt;span style="font-size: 14.0pt; font-family: 'Avenir Next',sans-serif;"&gt;Because I used an amount of gallons greater than 0.5 gallons.&lt;/span&gt;&lt;/p&gt;</mattext></material></flow_mat></response_label></flow_label><flow_label class="Block"><response_label ident="QUES_42756928_42761009_A130832846"><flow_mat><material><mattext texttype="text/html">&lt;p&gt;&lt;span style="font-size: 14.0pt; font-family: 'Avenir Next',sans-serif;"&gt;Because I used an interval of gallons consumed that includes 0.5 gallons.&lt;/span&gt;&lt;/p&gt;</mattext></material></flow_mat></response_label></flow_label><flow_label class="Block"><response_label ident="QUES_42756928_42761009_A130832847"><flow_mat><material><mattext texttype="text/html">&lt;p&gt;&lt;span style="font-size: 14.0pt; font-family: 'Avenir Next',sans-serif;"&gt;Because the value I got for miles per gallon would be less than all other values for miles per gallon.&lt;/span&gt;&lt;/p&gt;</mattext></material></flow_mat></response_label></flow_label><flow_label class="Block"><response_label ident="QUES_42756928_42761009_A130832848"><flow_mat><material><mattext texttype="text/html">&lt;p&gt;&lt;span style="font-size: 14.0pt; font-family: 'Avenir Next',sans-serif;"&gt;Because the &lt;span style="color: #292b2c;"&gt;fuel economy measured in miles per gallon is decreasing&lt;/span&gt;, an average rate over an interval of gallons prior to 0.5 gallons must be an underestimate.&lt;/span&gt;&lt;/p&gt;</mattext></material></flow_mat></response_label></flow_label><flow_label class="Block"><response_label ident="QUES_42756928_42761009_A130832849"><flow_mat><material><mattext texttype="text/html">&lt;p&gt;&lt;span style="font-size: 14.0pt; font-family: 'Avenir Next',sans-serif;"&gt;Because the &lt;span style="color: #292b2c;"&gt;fuel economy measured in miles per gallon is decreasing&lt;/span&gt;, an average rate over an interval of gallons after 0.5 gallons must be an underestimate. &lt;/span&gt;&lt;/p&gt;</mattext></material></flow_mat></response_label></flow_label></render_choice></response_lid></flow></presentation><resprocessing><respcondition title="Response Condition 1"><conditionvar><varequal respident="QUES_42756928_42761009_LID">QUES_42756928_42761009_A130832844</varequal></conditionvar><setvar action="Set">0.000000000</setvar><displayfeedback feedbacktype="Response" linkrefid="QUES_42756928_42761009_IF130832844" /></respcondition><respcondition title="Response Condition 2"><conditionvar><varequal respident="QUES_42756928_42761009_LID">QUES_42756928_42761009_A130832845</varequal></conditionvar><setvar action="Set">0.000000000</setvar><displayfeedback feedbacktype="Response" linkrefid="QUES_42756928_42761009_IF130832845" /></respcondition><respcondition title="Response Condition 3"><conditionvar><varequal respident="QUES_42756928_42761009_LID">QUES_42756928_42761009_A130832846</varequal></conditionvar><setvar action="Set">0.000000000</setvar><displayfeedback feedbacktype="Response" linkrefid="QUES_42756928_42761009_IF130832846" /></respcondition><respcondition title="Response Condition 4"><conditionvar><varequal respident="QUES_42756928_42761009_LID">QUES_42756928_42761009_A130832847</varequal></conditionvar><setvar action="Set">0.000000000</setvar><displayfeedback feedbacktype="Response" linkrefid="QUES_42756928_42761009_IF130832847" /></respcondition><respcondition title="Response Condition 5"><conditionvar><varequal respident="QUES_42756928_42761009_LID">QUES_42756928_42761009_A130832848</varequal></conditionvar><setvar action="Set">0.000000000</setvar><displayfeedback feedbacktype="Response" linkrefid="QUES_42756928_42761009_IF130832848" /></respcondition><respcondition title="Response Condition 6"><conditionvar><varequal respident="QUES_42756928_42761009_LID">QUES_42756928_42761009_A130832849</varequal></conditionvar><setvar action="Set">100.000000000</setvar><displayfeedback feedbacktype="Response" linkrefid="QUES_42756928_42761009_IF130832849" /></respcondition></resprocessing><itemfeedback ident="QUES_42756928_42761009_IF130832844"><material><mattext texttype="text/plain" /></material></itemfeedback><itemfeedback ident="QUES_42756928_42761009_IF130832845"><material><mattext texttype="text/plain" /></material></itemfeedback><itemfeedback ident="QUES_42756928_42761009_IF130832846"><material><mattext texttype="text/plain" /></material></itemfeedback><itemfeedback ident="QUES_42756928_42761009_IF130832847"><material><mattext texttype="text/plain" /></material></itemfeedback><itemfeedback ident="QUES_42756928_42761009_IF130832848"><material><mattext texttype="text/plain" /></material></itemfeedback><itemfeedback ident="QUES_42756928_42761009_IF130832849"><material><mattext texttype="text/plain" /></material></itemfeedback></item><item ident="OBJ_1651122" label="QUES_42756929_42761010" d2l_2p0:page="1"><itemmetadata><qtimetadata><qti_metadatafield><fieldlabel>qmd_computerscored</fieldlabel><fieldentry>yes</fieldentry></qti_metadatafield><qti_metadatafield><fieldlabel>qmd_questiontype</fieldlabel><fieldentry>Multiple Choice</fieldentry></qti_metadatafield><qti_metadatafield><fieldlabel>qmd_weighting</fieldlabel><fieldentry>1.000000000</fieldentry></qti_metadatafield><qti_metadatafield><fieldlabel>qmd_globalid</fieldlabel><fieldentry>03331690-06da-45e4-9f5e-262666d3298f</fieldentry></qti_metadatafield><qti_metadatafield><fieldlabel>qmd_displayid</fieldlabel><fieldentry>Sample Course-74128</fieldentry></qti_metadatafield></qtimetadata></itemmetadata><itemproc_extension><d2l_2p0:difficulty>3</d2l_2p0:difficulty><d2l_2p0:isbonus>no</d2l_2p0:isbonus><d2l_2p0:ismandatory>yes</d2l_2p0:ismandatory></itemproc_extension><presentation><flow><material><mattext texttype="text/html">&lt;!--RsQ_003--&gt;&lt;p&gt;&lt;span style="font-size: 14.0pt; font-family: 'Avenir Next',sans-serif; color: #292b2c;"&gt;After filling up an 18-gallon gas tank, a SUV immediately starts to drive up a hill. While it is driving up the hill the SUV monitors its fuel consumption and the distance it has traveled since filling up its gas tank. The hill is becoming steeper and steeper and so the fuel economy measured in miles per gallon is decreasing. The SUV&amp;#8217;s internal computer periodically records the amount of fuel consumed and its distanced traveled since filling up its gas tank, shown in the table below:&lt;/span&gt;&lt;/p&gt;  &lt;table border="0" cellspacing="0" cellpadding="0" style="width: 672px; background: white; border-collapse: collapse;"&gt;   &lt;tbody&gt;    &lt;tr&gt;     &lt;td width="192" valign="top" style="width: 2.0in; padding: 0in 0in 0in 0in;"&gt;&amp;nbsp;&lt;/td&gt;     &lt;td width="192" valign="top" style="width: 2.0in; padding: 0in 0in 0in 0in;"&gt;&amp;nbsp;&lt;/td&gt;    &lt;/tr&gt;    &lt;tr&gt;     &lt;td width="192" valign="top" style="width: 2.0in; padding: 0in 0in 0in 0in;"&gt; &lt;p&gt;&lt;span style="font-size: 14.0pt; font-family: 'Avenir Next',sans-serif;"&gt;Fuel Consumed (gallons)&lt;/span&gt;&lt;/p&gt; &lt;/td&gt;     &lt;td width="192" valign="top" style="width: 2.0in; padding: 0in 0in 0in 0in;"&gt; &lt;p&gt;&lt;span style="font-size: 14.0pt; font-family: 'Avenir Next',sans-serif;"&gt;Distance Traveled (miles)&lt;/span&gt;&lt;/p&gt; &lt;/td&gt;    &lt;/tr&gt;    &lt;tr&gt;     &lt;td width="192" valign="top" style="width: 2.0in; padding: 0in 0in 0in 0in;"&gt; &lt;p&gt;&lt;span style="font-size: 14.0pt; font-family: 'Avenir Next',sans-serif;"&gt;0.1&lt;/span&gt;&lt;/p&gt; &lt;/td&gt;     &lt;td width="192" valign="top" style="width: 2.0in; padding: 0in 0in 0in 0in;"&gt; &lt;p&gt;&lt;span style="font-size: 14.0pt; font-family: 'Avenir Next',sans-serif;"&gt;2.4&lt;/span&gt;&lt;/p&gt; &lt;/td&gt;    &lt;/tr&gt;    &lt;tr&gt;     &lt;td width="192" valign="top" style="width: 2.0in; padding: 0in 0in 0in 0in;"&gt; &lt;p&gt;&lt;span style="font-size: 14.0pt; font-family: 'Avenir Next',sans-serif;"&gt;0.2&lt;/span&gt;&lt;/p&gt; &lt;/td&gt;     &lt;td width="192" valign="top" style="width: 2.0in; padding: 0in 0in 0in 0in;"&gt; &lt;p&gt;&lt;span style="font-size: 14.0pt; font-family: 'Avenir Next',sans-serif;"&gt;4.7&lt;/span&gt;&lt;/p&gt; &lt;/td&gt;    &lt;/tr&gt;    &lt;tr&gt;     &lt;td width="192" valign="top" style="width: 2.0in; padding: 0in 0in 0in 0in;"&gt; &lt;p&gt;&lt;span style="font-size: 14.0pt; font-family: 'Avenir Next',sans-serif;"&gt;0.3&lt;/span&gt;&lt;/p&gt; &lt;/td&gt;     &lt;td width="192" valign="top" style="width: 2.0in; padding: 0in 0in 0in 0in;"&gt; &lt;p&gt;&lt;span style="font-size: 14.0pt; font-family: 'Avenir Next',sans-serif;"&gt;6.9&lt;/span&gt;&lt;/p&gt; &lt;/td&gt;    &lt;/tr&gt;    &lt;tr&gt;     &lt;td width="192" valign="top" style="width: 2.0in; padding: 0in 0in 0in 0in;"&gt; &lt;p&gt;&lt;span style="font-size: 14.0pt; font-family: 'Avenir Next',sans-serif;"&gt;0.4&lt;/span&gt;&lt;/p&gt; &lt;/td&gt;     &lt;td width="192" valign="top" style="width: 2.0in; padding: 0in 0in 0in 0in;"&gt; &lt;p&gt;&lt;span style="font-size: 14.0pt; font-family: 'Avenir Next',sans-serif;"&gt;8.9&lt;/span&gt;&lt;/p&gt; &lt;/td&gt;    &lt;/tr&gt;    &lt;tr&gt;     &lt;td width="192" valign="top" style="width: 2.0in; padding: 0in 0in 0in 0in;"&gt; &lt;p&gt;&lt;span style="font-size: 14.0pt; font-family: 'Avenir Next',sans-serif;"&gt;0.5&lt;/span&gt;&lt;/p&gt; &lt;/td&gt;     &lt;td width="192" valign="top" style="width: 2.0in; padding: 0in 0in 0in 0in;"&gt; &lt;p&gt;&lt;span style="font-size: 14.0pt; font-family: 'Avenir Next',sans-serif;"&gt;10.6&lt;/span&gt;&lt;/p&gt; &lt;/td&gt;    &lt;/tr&gt;    &lt;tr&gt;     &lt;td width="192" valign="top" style="width: 2.0in; padding: 0in 0in 0in 0in;"&gt; &lt;p&gt;&lt;span style="font-size: 14.0pt; font-family: 'Avenir Next',sans-serif;"&gt;0.6&lt;/span&gt;&lt;/p&gt; &lt;/td&gt;     &lt;td width="192" valign="top" style="width: 2.0in; padding: 0in 0in 0in 0in;"&gt; &lt;p&gt;&lt;span style="font-size: 14.0pt; font-family: 'Avenir Next',sans-serif;"&gt;11.9&lt;/span&gt;&lt;/p&gt; &lt;/td&gt;    &lt;/tr&gt;    &lt;tr&gt;     &lt;td width="192" valign="top" style="width: 2.0in; padding: 0in 0in 0in 0in;"&gt; &lt;p&gt;&lt;span style="font-size: 14.0pt; font-family: 'Avenir Next',sans-serif;"&gt;0.7&lt;/span&gt;&lt;/p&gt; &lt;/td&gt;     &lt;td width="192" valign="top" style="width: 2.0in; padding: 0in 0in 0in 0in;"&gt; &lt;p&gt;&lt;span style="font-size: 14.0pt; font-family: 'Avenir Next',sans-serif;"&gt;12.8&lt;/span&gt;&lt;/p&gt; &lt;/td&gt;    &lt;/tr&gt;    &lt;tr&gt;     &lt;td width="192" valign="top" style="width: 2.0in; padding: 0in 0in 0in 0in;"&gt; &lt;p&gt;&lt;span style="font-size: 14.0pt; font-family: 'Avenir Next',sans-serif;"&gt;0.8&lt;/span&gt;&lt;/p&gt; &lt;/td&gt;     &lt;td width="192" valign="top" style="width: 2.0in; padding: 0in 0in 0in 0in;"&gt; &lt;p&gt;&lt;span style="font-size: 14.0pt; font-family: 'Avenir Next',sans-serif;"&gt;13.3&lt;/span&gt;&lt;/p&gt; &lt;/td&gt;    &lt;/tr&gt;   &lt;/tbody&gt;  &lt;/table&gt;  &lt;p&gt;&lt;br&gt;&lt;/p&gt;  &lt;p&gt;&lt;span style="font-size: 14.0pt; font-family: 'Avenir Next',sans-serif;"&gt;What additional information might you need to improve your underestimate to the SUV&amp;#8217;s fuel economy (measured in miles per gallon) at the 0.5-gallon mark?&lt;/span&gt;&lt;/p&gt;  &lt;p&gt;&lt;br&gt;&lt;/p&gt;</mattext></material><response_extension><d2l_2p0:display_style>2</d2l_2p0:display_style><d2l_2p0:enumeration>6</d2l_2p0:enumeration><d2l_2p0:grading_type>0</d2l_2p0:grading_type></response_extension><response_lid ident="QUES_42756929_42761010_LID" rcardinality="Single"><render_choice shuffle="no"><flow_label class="Block"><response_label ident="QUES_42756929_42761010_A130832850"><flow_mat><material><mattext texttype="text/html">&lt;p&gt;&lt;span style="font-size: 14.0pt; font-family: 'Avenir Next',sans-serif;"&gt;I do not need to make an improvement because the rate I calculated &lt;i&gt;is&lt;/i&gt; the SUV&amp;#8217;s fuel economy at the 0.5-gallon mark.&lt;/span&gt;&lt;/p&gt;</mattext></material></flow_mat></response_label></flow_label><flow_label class="Block"><response_label ident="QUES_42756929_42761010_A130832851"><flow_mat><material><mattext texttype="text/html">&lt;p&gt;&lt;span style="font-size: 14.0pt; font-family: 'Avenir Next',sans-serif;"&gt;Use a different pair of points from the table to underestimate the rate.&lt;/span&gt;&lt;/p&gt;</mattext></material></flow_mat></response_label></flow_label><flow_label class="Block"><response_label ident="QUES_42756929_42761010_A130832852"><flow_mat><material><mattext texttype="text/html">&lt;p&gt;&lt;span style="font-size: 14.0pt; font-family: 'Avenir Next',sans-serif;"&gt;Use two pairs of points from the table to compute two rates, then average these rates.&lt;/span&gt;&lt;/p&gt;</mattext></material></flow_mat></response_label></flow_label><flow_label class="Block"><response_label ident="QUES_42756929_42761010_A130832853"><flow_mat><material><mattext texttype="text/html">&lt;p&gt;&lt;span style="font-size: 14.0pt; font-family: 'Avenir Next',sans-serif;"&gt;Use a larger interval of gallons (e.g., if I originally used a 0.1-gallon interval, a 0.2-gallon interval would improve my approximation).&lt;/span&gt;&lt;/p&gt;</mattext></material></flow_mat></response_label></flow_label><flow_label class="Block"><response_label ident="QUES_42756929_42761010_A130832854"><flow_mat><material><mattext texttype="text/html">&lt;p&gt;&lt;span style="font-size: 14.0pt; font-family: 'Avenir Next',sans-serif;"&gt;Use a smaller gallon interval (which might require additional data).&lt;/span&gt;&lt;/p&gt;</mattext></material></flow_mat></response_label></flow_label></render_choice></response_lid></flow></presentation><resprocessing><respcondition title="Response Condition 1"><conditionvar><varequal respident="QUES_42756929_42761010_LID">QUES_42756929_42761010_A130832850</varequal></conditionvar><setvar action="Set">0.000000000</setvar><displayfeedback feedbacktype="Response" linkrefid="QUES_42756929_42761010_IF130832850" /></respcondition><respcondition title="Response Condition 2"><conditionvar><varequal respident="QUES_42756929_42761010_LID">QUES_42756929_42761010_A130832851</varequal></conditionvar><setvar action="Set">0.000000000</setvar><displayfeedback feedbacktype="Response" linkrefid="QUES_42756929_42761010_IF130832851" /></respcondition><respcondition title="Response Condition 3"><conditionvar><varequal respident="QUES_42756929_42761010_LID">QUES_42756929_42761010_A130832852</varequal></conditionvar><setvar action="Set">0.000000000</setvar><displayfeedback feedbacktype="Response" linkrefid="QUES_42756929_42761010_IF130832852" /></respcondition><respcondition title="Response Condition 4"><conditionvar><varequal respident="QUES_42756929_42761010_LID">QUES_42756929_42761010_A130832853</varequal></conditionvar><setvar action="Set">0.000000000</setvar><displayfeedback feedbacktype="Response" linkrefid="QUES_42756929_42761010_IF130832853" /></respcondition><respcondition title="Response Condition 5"><conditionvar><varequal respident="QUES_42756929_42761010_LID">QUES_42756929_42761010_A130832854</varequal></conditionvar><setvar action="Set">100.000000000</setvar><displayfeedback feedbacktype="Response" linkrefid="QUES_42756929_42761010_IF130832854" /></respcondition></resprocessing><itemfeedback ident="QUES_42756929_42761010_IF130832850"><material><mattext texttype="text/plain" /></material></itemfeedback><itemfeedback ident="QUES_42756929_42761010_IF130832851"><material><mattext texttype="text/plain" /></material></itemfeedback><itemfeedback ident="QUES_42756929_42761010_IF130832852"><material><mattext texttype="text/plain" /></material></itemfeedback><itemfeedback ident="QUES_42756929_42761010_IF130832853"><material><mattext texttype="text/plain" /></material></itemfeedback><itemfeedback ident="QUES_42756929_42761010_IF130832854"><material><mattext texttype="text/plain" /></material></itemfeedback></item></section></assessment></questestinterop>