﻿<?xml version="1.0" encoding="UTF-8"?><questestinterop xmlns:d2l_2p0="http://desire2learn.com/xsd/d2lcp_v2p0"><assessment d2l_2p0:id="407" title="Product Rule PreVideo Questions" ident="res_quiz_122362" d2l_2p0:resource_code="ef9e56cc46d3486a98963923-87"><rubric><flow_mat><material><mattext d2l_2p0:isdisplayed="no" texttype="text/html" /></material></flow_mat></rubric><assessmentcontrol hintswitch="no" solutionswitch="yes" feedbackswitch="no" /><presentation_material><flow_mat><material label="page header"><mattext d2l_2p0:isdisplayed="no" texttype="text/html" /></material><material label="page footer"><mattext d2l_2p0:isdisplayed="no" texttype="text/html" /></material></flow_mat></presentation_material><assess_procextension><d2l_2p0:intro_message d2l_2p0:isdisplayed="yes" texttype="text/html">Respondus</d2l_2p0:intro_message><d2l_2p0:disable_right_click>no</d2l_2p0:disable_right_click><d2l_2p0:disable_pager_access>no</d2l_2p0:disable_pager_access><is_active>yes</is_active><d2l_2p0:date_start /><d2l_2p0:date_end /><d2l_2p0:date_due /><d2l_2p0:has_schedule_event>no</d2l_2p0:has_schedule_event><d2l_2p0:is_attempt_Rldb>no</d2l_2p0:is_attempt_Rldb><d2l_2p0:is_subview_Rldb>no</d2l_2p0:is_subview_Rldb><d2l_2p0:time_limit>120</d2l_2p0:time_limit><d2l_2p0:show_clock>yes</d2l_2p0:show_clock><d2l_2p0:enforce_time_limit>yes</d2l_2p0:enforce_time_limit><d2l_2p0:grace_period>5</d2l_2p0:grace_period><d2l_2p0:late_limit>0</d2l_2p0:late_limit><d2l_2p0:attempts_allowed>3</d2l_2p0:attempts_allowed><d2l_2p0:attempt_restrictions /><d2l_2p0:mark_calculation_type>1</d2l_2p0:mark_calculation_type><d2l_2p0:is_forward_only>no</d2l_2p0:is_forward_only></assess_procextension><assessfeedback title=""><rubric><flow_mat><material><mattext texttype="yes">Your quiz has been submitted successfully.</mattext></material></flow_mat></rubric><d2l_2p0:duration>0</d2l_2p0:duration><d2l_2p0:response_display_type_id>1</d2l_2p0:response_display_type_id><d2l_2p0:show_correct_answers>no</d2l_2p0:show_correct_answers><d2l_2p0:submission_restrictip>no</d2l_2p0:submission_restrictip><d2l_2p0:show_class_average>no</d2l_2p0:show_class_average><d2l_2p0:show_score_distribution>no</d2l_2p0:show_score_distribution></assessfeedback><section ident="CONTAINER_SECTION"><item ident="OBJ_1651053" label="QUES_42756860_42760941" d2l_2p0:page="1"><itemmetadata><qtimetadata><qti_metadatafield><fieldlabel>qmd_computerscored</fieldlabel><fieldentry>yes</fieldentry></qti_metadatafield><qti_metadatafield><fieldlabel>qmd_questiontype</fieldlabel><fieldentry>Multiple Choice</fieldentry></qti_metadatafield><qti_metadatafield><fieldlabel>qmd_weighting</fieldlabel><fieldentry>1.000000000</fieldentry></qti_metadatafield><qti_metadatafield><fieldlabel>qmd_globalid</fieldlabel><fieldentry>e09387cf-a7b6-4ef5-b78a-61870ff881f1</fieldentry></qti_metadatafield><qti_metadatafield><fieldlabel>qmd_displayid</fieldlabel><fieldentry>Sample Course-74059</fieldentry></qti_metadatafield></qtimetadata></itemmetadata><itemproc_extension><d2l_2p0:difficulty>3</d2l_2p0:difficulty><d2l_2p0:isbonus>no</d2l_2p0:isbonus><d2l_2p0:ismandatory>yes</d2l_2p0:ismandatory></itemproc_extension><presentation><flow><material><mattext texttype="text/html">&lt;!--RsQ_001--&gt;&lt;span style="font-family:'Arial';"&gt;Compute the Derivative.&lt;br&gt;&lt;/span&gt;&lt;span style="font-family:'Arial';"&gt;&lt;i&gt;f&lt;/i&gt;&lt;/span&gt;&lt;span style="font-family:'Arial';"&gt;(&lt;/span&gt;&lt;span style="font-family:'Arial';"&gt;&lt;i&gt;x&lt;/i&gt;&lt;/span&gt;&lt;span style="font-family:'Arial';"&gt;) = (3&lt;/span&gt;&lt;span style="font-family:'Arial';"&gt;&lt;i&gt;x &lt;/i&gt;&lt;/span&gt;&lt;span style="font-family:'Arial';"&gt;- 2)(2&lt;/span&gt;&lt;span style="font-family:'Arial';"&gt;&lt;i&gt;x&lt;/i&gt;&lt;/span&gt;&lt;span style="font-family:'Arial';"&gt; - 1) &lt;/span&gt;</mattext></material><response_extension><d2l_2p0:display_style>2</d2l_2p0:display_style><d2l_2p0:enumeration>6</d2l_2p0:enumeration><d2l_2p0:grading_type>0</d2l_2p0:grading_type></response_extension><response_lid ident="QUES_42756860_42760941_LID" rcardinality="Single"><render_choice shuffle="no"><flow_label class="Block"><response_label ident="QUES_42756860_42760941_A130832532"><flow_mat><material><mattext texttype="text/html">&lt;span style="font-family:'Arial';"&gt;(3&lt;/span&gt;&lt;span style="font-family:'Arial';"&gt;&lt;i&gt;x&lt;/i&gt;&lt;/span&gt;&lt;span style="font-family:'Arial';"&gt;)(2&lt;/span&gt;&lt;span style="font-family:'Arial';"&gt;&lt;i&gt;x&lt;/i&gt;&lt;/span&gt;&lt;span style="font-family:'Arial';"&gt;)&lt;/span&gt;</mattext></material></flow_mat></response_label></flow_label><flow_label class="Block"><response_label ident="QUES_42756860_42760941_A130832533"><flow_mat><material><mattext texttype="text/html">&lt;span style="font-family:'Arial';"&gt;(3)(2) + (3&lt;/span&gt;&lt;span style="font-family:'Arial';"&gt;&lt;i&gt;x &lt;/i&gt;&lt;/span&gt;&lt;span style="font-family:'Arial';"&gt;- 2)(2&lt;/span&gt;&lt;span style="font-family:'Arial';"&gt;&lt;i&gt;x&lt;/i&gt;&lt;/span&gt;&lt;span style="font-family:'Arial';"&gt; - 1) &lt;/span&gt;</mattext></material></flow_mat></response_label></flow_label><flow_label class="Block"><response_label ident="QUES_42756860_42760941_A130832534"><flow_mat><material><mattext texttype="text/html">&lt;span style="font-family:'Arial';"&gt;(3)(2&lt;/span&gt;&lt;span style="font-family:'Arial';"&gt;&lt;i&gt;x&lt;/i&gt;&lt;/span&gt;&lt;span style="font-family:'Arial';"&gt; - 1) + (3&lt;/span&gt;&lt;span style="font-family:'Arial';"&gt;&lt;i&gt;x &lt;/i&gt;&lt;/span&gt;&lt;span style="font-family:'Arial';"&gt;- 2) (2)&lt;/span&gt;</mattext></material></flow_mat></response_label></flow_label><flow_label class="Block"><response_label ident="QUES_42756860_42760941_A130832535"><flow_mat><material><mattext texttype="text/html">&lt;span style="font-family:'Arial';"&gt;(3)(2) &lt;/span&gt;</mattext></material></flow_mat></response_label></flow_label></render_choice></response_lid></flow></presentation><resprocessing><respcondition title="Response Condition 1"><conditionvar><varequal respident="QUES_42756860_42760941_LID">QUES_42756860_42760941_A130832532</varequal></conditionvar><setvar action="Set">0.000000000</setvar><displayfeedback feedbacktype="Response" linkrefid="QUES_42756860_42760941_IF130832532" /></respcondition><respcondition title="Response Condition 2"><conditionvar><varequal respident="QUES_42756860_42760941_LID">QUES_42756860_42760941_A130832533</varequal></conditionvar><setvar action="Set">0.000000000</setvar><displayfeedback feedbacktype="Response" linkrefid="QUES_42756860_42760941_IF130832533" /></respcondition><respcondition title="Response Condition 3"><conditionvar><varequal respident="QUES_42756860_42760941_LID">QUES_42756860_42760941_A130832534</varequal></conditionvar><setvar action="Set">100.000000000</setvar><displayfeedback feedbacktype="Response" linkrefid="QUES_42756860_42760941_IF130832534" /></respcondition><respcondition title="Response Condition 4"><conditionvar><varequal respident="QUES_42756860_42760941_LID">QUES_42756860_42760941_A130832535</varequal></conditionvar><setvar action="Set">0.000000000</setvar><displayfeedback feedbacktype="Response" linkrefid="QUES_42756860_42760941_IF130832535" /></respcondition></resprocessing><itemfeedback ident="QUES_42756860_42760941_IF130832532"><material><mattext texttype="text/plain" /></material></itemfeedback><itemfeedback ident="QUES_42756860_42760941_IF130832533"><material><mattext texttype="text/plain" /></material></itemfeedback><itemfeedback ident="QUES_42756860_42760941_IF130832534"><material><mattext texttype="text/plain" /></material></itemfeedback><itemfeedback ident="QUES_42756860_42760941_IF130832535"><material><mattext texttype="text/plain" /></material></itemfeedback></item><item ident="OBJ_1651054" label="QUES_42756861_42760942" d2l_2p0:page="1"><itemmetadata><qtimetadata><qti_metadatafield><fieldlabel>qmd_computerscored</fieldlabel><fieldentry>yes</fieldentry></qti_metadatafield><qti_metadatafield><fieldlabel>qmd_questiontype</fieldlabel><fieldentry>Multiple Choice</fieldentry></qti_metadatafield><qti_metadatafield><fieldlabel>qmd_weighting</fieldlabel><fieldentry>1.000000000</fieldentry></qti_metadatafield><qti_metadatafield><fieldlabel>qmd_globalid</fieldlabel><fieldentry>0cb015b3-ddd4-41d7-b383-c89cb0e8733c</fieldentry></qti_metadatafield><qti_metadatafield><fieldlabel>qmd_displayid</fieldlabel><fieldentry>Sample Course-74060</fieldentry></qti_metadatafield></qtimetadata></itemmetadata><itemproc_extension><d2l_2p0:difficulty>3</d2l_2p0:difficulty><d2l_2p0:isbonus>no</d2l_2p0:isbonus><d2l_2p0:ismandatory>yes</d2l_2p0:ismandatory></itemproc_extension><presentation><flow><material><mattext texttype="text/html">&lt;!--RsQ_002--&gt;&lt;span style="font-family:'Arial';"&gt;Compute the Derivative.&lt;br&gt;&lt;/span&gt;&lt;span style="font-family:'Arial';"&gt;&lt;i&gt;f&lt;/i&gt;&lt;/span&gt;&lt;span style="font-family:'Arial';"&gt;(&lt;/span&gt;&lt;span style="font-family:'Arial';"&gt;&lt;i&gt;x&lt;/i&gt;&lt;/span&gt;&lt;span style="font-family:'Arial';"&gt;) = &lt;/span&gt;&lt;span style="font-family:'Arial';"&gt;&lt;i&gt;xe&lt;/i&gt;&lt;/span&gt;&lt;span style="font-family:'Arial';"&gt;&lt;i&gt;&lt;sup&gt;x&lt;/SUP&gt;&lt;/i&gt;&lt;/span&gt;&lt;span style="font-family:'Arial';"&gt; &lt;/span&gt;</mattext></material><response_extension><d2l_2p0:display_style>2</d2l_2p0:display_style><d2l_2p0:enumeration>6</d2l_2p0:enumeration><d2l_2p0:grading_type>0</d2l_2p0:grading_type></response_extension><response_lid ident="QUES_42756861_42760942_LID" rcardinality="Single"><render_choice shuffle="no"><flow_label class="Block"><response_label ident="QUES_42756861_42760942_A130832536"><flow_mat><material><mattext texttype="text/html">&lt;span style="font-family:'Arial';"&gt;&lt;i&gt;e&lt;/i&gt;&lt;/span&gt;&lt;span style="font-family:'Arial';"&gt;&lt;i&gt;&lt;sup&gt;x&lt;/SUP&gt;&lt;/i&gt;&lt;/span&gt;&lt;span style="font-family:'Arial';"&gt; &lt;/span&gt;</mattext></material></flow_mat></response_label></flow_label><flow_label class="Block"><response_label ident="QUES_42756861_42760942_A130832537"><flow_mat><material><mattext texttype="text/html">&lt;span style="font-family:'Arial';"&gt;&lt;i&gt;xe&lt;/i&gt;&lt;/span&gt;&lt;span style="font-family:'Arial';"&gt;&lt;i&gt;&lt;sup&gt;x&lt;/SUP&gt;&lt;/i&gt;&lt;/span&gt;&lt;span style="font-family:'Arial';"&gt; &lt;/span&gt;</mattext></material></flow_mat></response_label></flow_label><flow_label class="Block"><response_label ident="QUES_42756861_42760942_A130832538"><flow_mat><material><mattext texttype="text/html">&lt;span style="font-family:'Arial';"&gt;&lt;i&gt;e&lt;/i&gt;&lt;/span&gt;&lt;span style="font-family:'Arial';"&gt;&lt;i&gt;&lt;sup&gt;x&lt;/SUP&gt;&lt;/i&gt;&lt;/span&gt;&lt;span style="font-family:'Arial';"&gt; + &lt;/span&gt;&lt;span style="font-family:'Arial';"&gt;&lt;i&gt;xe&lt;/i&gt;&lt;/span&gt;&lt;span style="font-family:'Arial';"&gt;&lt;i&gt;&lt;sup&gt;x&lt;/SUP&gt;&lt;/i&gt;&lt;/span&gt;&lt;span style="font-family:'Arial';"&gt; &lt;/span&gt;</mattext></material></flow_mat></response_label></flow_label><flow_label class="Block"><response_label ident="QUES_42756861_42760942_A130832539"><flow_mat><material><mattext texttype="text/html">&lt;span style="font-family:'Arial';"&gt;&lt;i&gt;x&lt;/i&gt;&lt;/span&gt;&lt;span style="font-family:'Arial';"&gt;&lt;i&gt;&lt;sup&gt;2&lt;/SUP&gt;&lt;/i&gt;&lt;/span&gt;&lt;span style="font-family:'Arial';"&gt;&lt;i&gt;e&lt;/i&gt;&lt;/span&gt;&lt;span style="font-family:'Arial';"&gt;&lt;i&gt;&lt;sup&gt;x-1&lt;/sup&gt;&lt;/i&gt;&lt;/span&gt;</mattext></material></flow_mat></response_label></flow_label><flow_label class="Block"><response_label ident="QUES_42756861_42760942_A130832540"><flow_mat><material><mattext texttype="text/html">&lt;span style="font-family:'Arial';"&gt;&lt;i&gt;x&lt;/i&gt;&lt;/span&gt;</mattext></material></flow_mat></response_label></flow_label><flow_label class="Block"><response_label ident="QUES_42756861_42760942_A130832541"><flow_mat><material><mattext texttype="text/html">&lt;span style="font-family:'Arial';"&gt;&lt;i&gt;e&lt;/i&gt;&lt;/span&gt;</mattext></material></flow_mat></response_label></flow_label><flow_label class="Block"><response_label ident="QUES_42756861_42760942_A130832542"><flow_mat><material><mattext texttype="text/html">&lt;span style="font-family:'Arial';"&gt;&lt;i&gt;x + e&lt;/i&gt;&lt;/span&gt;&lt;span style="font-family:'Arial';"&gt;&lt;i&gt;&lt;sup&gt;x&lt;/sup&gt;&lt;/i&gt;&lt;/span&gt;</mattext></material></flow_mat></response_label></flow_label></render_choice></response_lid></flow></presentation><resprocessing><respcondition title="Response Condition 1"><conditionvar><varequal respident="QUES_42756861_42760942_LID">QUES_42756861_42760942_A130832536</varequal></conditionvar><setvar action="Set">0.000000000</setvar><displayfeedback feedbacktype="Response" linkrefid="QUES_42756861_42760942_IF130832536" /></respcondition><respcondition title="Response Condition 2"><conditionvar><varequal respident="QUES_42756861_42760942_LID">QUES_42756861_42760942_A130832537</varequal></conditionvar><setvar action="Set">0.000000000</setvar><displayfeedback feedbacktype="Response" linkrefid="QUES_42756861_42760942_IF130832537" /></respcondition><respcondition title="Response Condition 3"><conditionvar><varequal respident="QUES_42756861_42760942_LID">QUES_42756861_42760942_A130832538</varequal></conditionvar><setvar action="Set">100.000000000</setvar><displayfeedback feedbacktype="Response" linkrefid="QUES_42756861_42760942_IF130832538" /></respcondition><respcondition title="Response Condition 4"><conditionvar><varequal respident="QUES_42756861_42760942_LID">QUES_42756861_42760942_A130832539</varequal></conditionvar><setvar action="Set">0.000000000</setvar><displayfeedback feedbacktype="Response" linkrefid="QUES_42756861_42760942_IF130832539" /></respcondition><respcondition title="Response Condition 5"><conditionvar><varequal respident="QUES_42756861_42760942_LID">QUES_42756861_42760942_A130832540</varequal></conditionvar><setvar action="Set">0.000000000</setvar><displayfeedback feedbacktype="Response" linkrefid="QUES_42756861_42760942_IF130832540" /></respcondition><respcondition title="Response Condition 6"><conditionvar><varequal respident="QUES_42756861_42760942_LID">QUES_42756861_42760942_A130832541</varequal></conditionvar><setvar action="Set">0.000000000</setvar><displayfeedback feedbacktype="Response" linkrefid="QUES_42756861_42760942_IF130832541" /></respcondition><respcondition title="Response Condition 7"><conditionvar><varequal respident="QUES_42756861_42760942_LID">QUES_42756861_42760942_A130832542</varequal></conditionvar><setvar action="Set">0.000000000</setvar><displayfeedback feedbacktype="Response" linkrefid="QUES_42756861_42760942_IF130832542" /></respcondition></resprocessing><itemfeedback ident="QUES_42756861_42760942_IF130832536"><material><mattext texttype="text/plain" /></material></itemfeedback><itemfeedback ident="QUES_42756861_42760942_IF130832537"><material><mattext texttype="text/plain" /></material></itemfeedback><itemfeedback ident="QUES_42756861_42760942_IF130832538"><material><mattext texttype="text/plain" /></material></itemfeedback><itemfeedback ident="QUES_42756861_42760942_IF130832539"><material><mattext texttype="text/plain" /></material></itemfeedback><itemfeedback ident="QUES_42756861_42760942_IF130832540"><material><mattext texttype="text/plain" /></material></itemfeedback><itemfeedback ident="QUES_42756861_42760942_IF130832541"><material><mattext texttype="text/plain" /></material></itemfeedback><itemfeedback ident="QUES_42756861_42760942_IF130832542"><material><mattext texttype="text/plain" /></material></itemfeedback></item><item ident="OBJ_1651055" label="QUES_42756862_42760943" d2l_2p0:page="1"><itemmetadata><qtimetadata><qti_metadatafield><fieldlabel>qmd_computerscored</fieldlabel><fieldentry>yes</fieldentry></qti_metadatafield><qti_metadatafield><fieldlabel>qmd_questiontype</fieldlabel><fieldentry>Multiple Choice</fieldentry></qti_metadatafield><qti_metadatafield><fieldlabel>qmd_weighting</fieldlabel><fieldentry>1.000000000</fieldentry></qti_metadatafield><qti_metadatafield><fieldlabel>qmd_globalid</fieldlabel><fieldentry>08a15aa5-4dce-44bd-a064-48195ebbee5c</fieldentry></qti_metadatafield><qti_metadatafield><fieldlabel>qmd_displayid</fieldlabel><fieldentry>Sample Course-74061</fieldentry></qti_metadatafield></qtimetadata></itemmetadata><itemproc_extension><d2l_2p0:difficulty>3</d2l_2p0:difficulty><d2l_2p0:isbonus>no</d2l_2p0:isbonus><d2l_2p0:ismandatory>yes</d2l_2p0:ismandatory></itemproc_extension><presentation><flow><material><mattext texttype="text/html">&lt;!--RsQ_003--&gt;&lt;span style="font-family:'Arial';"&gt;Compute the Derivative.&lt;br&gt;&lt;/span&gt;&lt;span style="font-family:'Arial';"&gt;&lt;i&gt;f&lt;/i&gt;&lt;/span&gt;&lt;span style="font-family:'Arial';"&gt;(&lt;/span&gt;&lt;span style="font-family:'Arial';"&gt;&lt;i&gt;x&lt;/i&gt;&lt;/span&gt;&lt;span style="font-family:'Arial';"&gt;) = 2&lt;/span&gt;&lt;span style="font-family:'Arial';"&gt;&lt;i&gt;x&lt;/i&gt;&lt;/span&gt;&lt;span style="font-family:'Arial';"&gt;sin(&lt;/span&gt;&lt;span style="font-family:'Arial';"&gt;&lt;i&gt;x&lt;/i&gt;&lt;/span&gt;&lt;span style="font-family:'Arial';"&gt;) &lt;/span&gt;</mattext></material><response_extension><d2l_2p0:display_style>2</d2l_2p0:display_style><d2l_2p0:enumeration>6</d2l_2p0:enumeration><d2l_2p0:grading_type>0</d2l_2p0:grading_type></response_extension><response_lid ident="QUES_42756862_42760943_LID" rcardinality="Single"><render_choice shuffle="no"><flow_label class="Block"><response_label ident="QUES_42756862_42760943_A130832543"><flow_mat><material><mattext texttype="text/html">&lt;span style="font-family:'Arial';"&gt;&lt;i&gt;2&lt;/i&gt;&lt;/span&gt;&lt;span style="font-family:'Arial';"&gt;sin(&lt;/span&gt;&lt;span style="font-family:'Arial';"&gt;&lt;i&gt;x&lt;/i&gt;&lt;/span&gt;&lt;span style="font-family:'Arial';"&gt;) + &lt;/span&gt;&lt;span style="font-family:'Arial';"&gt;&lt;i&gt;2x&lt;/i&gt;&lt;/span&gt;&lt;span style="font-family:'Arial';"&gt;cos(&lt;/span&gt;&lt;span style="font-family:'Arial';"&gt;&lt;i&gt;x&lt;/i&gt;&lt;/span&gt;&lt;span style="font-family:'Arial';"&gt;)&lt;/span&gt;</mattext></material></flow_mat></response_label></flow_label><flow_label class="Block"><response_label ident="QUES_42756862_42760943_A130832544"><flow_mat><material><mattext texttype="text/html">&lt;span style="font-family:'Arial';"&gt;&lt;i&gt;2x&lt;/i&gt;&lt;/span&gt;&lt;span style="font-family:'Arial';"&gt;sin(&lt;/span&gt;&lt;span style="font-family:'Arial';"&gt;&lt;i&gt;x&lt;/i&gt;&lt;/span&gt;&lt;span style="font-family:'Arial';"&gt;) + &lt;/span&gt;&lt;span style="font-family:'Arial';"&gt;&lt;i&gt;2x&lt;/i&gt;&lt;/span&gt;&lt;span style="font-family:'Arial';"&gt;cos(&lt;/span&gt;&lt;span style="font-family:'Arial';"&gt;&lt;i&gt;x&lt;/i&gt;&lt;/span&gt;&lt;span style="font-family:'Arial';"&gt;)&lt;/span&gt;</mattext></material></flow_mat></response_label></flow_label><flow_label class="Block"><response_label ident="QUES_42756862_42760943_A130832545"><flow_mat><material><mattext texttype="text/html">&lt;span style="font-family:'Arial';"&gt;&lt;i&gt;2x&lt;/i&gt;&lt;/span&gt;&lt;span style="font-family:'Arial';"&gt;sin(&lt;/span&gt;&lt;span style="font-family:'Arial';"&gt;&lt;i&gt;x&lt;/i&gt;&lt;/span&gt;&lt;span style="font-family:'Arial';"&gt;) + &lt;/span&gt;&lt;span style="font-family:'Arial';"&gt;&lt;i&gt;2&lt;/i&gt;&lt;/span&gt;&lt;span style="font-family:'Arial';"&gt;cos(&lt;/span&gt;&lt;span style="font-family:'Arial';"&gt;&lt;i&gt;x&lt;/i&gt;&lt;/span&gt;&lt;span style="font-family:'Arial';"&gt;)&lt;/span&gt;</mattext></material></flow_mat></response_label></flow_label><flow_label class="Block"><response_label ident="QUES_42756862_42760943_A130832546"><flow_mat><material><mattext texttype="text/html">&lt;span style="font-family:'Arial';"&gt;&lt;i&gt;2&lt;/i&gt;&lt;/span&gt;&lt;span style="font-family:'Arial';"&gt;cos(&lt;/span&gt;&lt;span style="font-family:'Arial';"&gt;&lt;i&gt;x&lt;/i&gt;&lt;/span&gt;&lt;span style="font-family:'Arial';"&gt;) &lt;/span&gt;</mattext></material></flow_mat></response_label></flow_label><flow_label class="Block"><response_label ident="QUES_42756862_42760943_A130832547"><flow_mat><material><mattext texttype="text/html">&lt;span style="font-family:'Arial';"&gt;&lt;i&gt;2&lt;/i&gt;&lt;/span&gt;&lt;span style="font-family:'Arial';"&gt;sin(&lt;/span&gt;&lt;span style="font-family:'Arial';"&gt;&lt;i&gt;x&lt;/i&gt;&lt;/span&gt;&lt;span style="font-family:'Arial';"&gt;) + &lt;/span&gt;&lt;span style="font-family:'Arial';"&gt;&lt;i&gt;2&lt;/i&gt;&lt;/span&gt;&lt;span style="font-family:'Arial';"&gt;cos(&lt;/span&gt;&lt;span style="font-family:'Arial';"&gt;&lt;i&gt;x&lt;/i&gt;&lt;/span&gt;&lt;span style="font-family:'Arial';"&gt;) &lt;/span&gt;</mattext></material></flow_mat></response_label></flow_label></render_choice></response_lid></flow></presentation><resprocessing><respcondition title="Response Condition 1"><conditionvar><varequal respident="QUES_42756862_42760943_LID">QUES_42756862_42760943_A130832543</varequal></conditionvar><setvar action="Set">100.000000000</setvar><displayfeedback feedbacktype="Response" linkrefid="QUES_42756862_42760943_IF130832543" /></respcondition><respcondition title="Response Condition 2"><conditionvar><varequal respident="QUES_42756862_42760943_LID">QUES_42756862_42760943_A130832544</varequal></conditionvar><setvar action="Set">0.000000000</setvar><displayfeedback feedbacktype="Response" linkrefid="QUES_42756862_42760943_IF130832544" /></respcondition><respcondition title="Response Condition 3"><conditionvar><varequal respident="QUES_42756862_42760943_LID">QUES_42756862_42760943_A130832545</varequal></conditionvar><setvar action="Set">0.000000000</setvar><displayfeedback feedbacktype="Response" linkrefid="QUES_42756862_42760943_IF130832545" /></respcondition><respcondition title="Response Condition 4"><conditionvar><varequal respident="QUES_42756862_42760943_LID">QUES_42756862_42760943_A130832546</varequal></conditionvar><setvar action="Set">0.000000000</setvar><displayfeedback feedbacktype="Response" linkrefid="QUES_42756862_42760943_IF130832546" /></respcondition><respcondition title="Response Condition 5"><conditionvar><varequal respident="QUES_42756862_42760943_LID">QUES_42756862_42760943_A130832547</varequal></conditionvar><setvar action="Set">0.000000000</setvar><displayfeedback feedbacktype="Response" linkrefid="QUES_42756862_42760943_IF130832547" /></respcondition></resprocessing><itemfeedback ident="QUES_42756862_42760943_IF130832543"><material><mattext texttype="text/plain" /></material></itemfeedback><itemfeedback ident="QUES_42756862_42760943_IF130832544"><material><mattext texttype="text/plain" /></material></itemfeedback><itemfeedback ident="QUES_42756862_42760943_IF130832545"><material><mattext texttype="text/plain" /></material></itemfeedback><itemfeedback ident="QUES_42756862_42760943_IF130832546"><material><mattext texttype="text/plain" /></material></itemfeedback><itemfeedback ident="QUES_42756862_42760943_IF130832547"><material><mattext texttype="text/plain" /></material></itemfeedback></item><item ident="OBJ_1651056" label="QUES_42756863_42760944" d2l_2p0:page="1"><itemmetadata><qtimetadata><qti_metadatafield><fieldlabel>qmd_computerscored</fieldlabel><fieldentry>yes</fieldentry></qti_metadatafield><qti_metadatafield><fieldlabel>qmd_questiontype</fieldlabel><fieldentry>Multiple Choice</fieldentry></qti_metadatafield><qti_metadatafield><fieldlabel>qmd_weighting</fieldlabel><fieldentry>1.000000000</fieldentry></qti_metadatafield><qti_metadatafield><fieldlabel>qmd_globalid</fieldlabel><fieldentry>931dab55-71ec-412d-a8b6-68bedc159ec0</fieldentry></qti_metadatafield><qti_metadatafield><fieldlabel>qmd_displayid</fieldlabel><fieldentry>Sample Course-74062</fieldentry></qti_metadatafield></qtimetadata></itemmetadata><itemproc_extension><d2l_2p0:difficulty>3</d2l_2p0:difficulty><d2l_2p0:isbonus>no</d2l_2p0:isbonus><d2l_2p0:ismandatory>yes</d2l_2p0:ismandatory></itemproc_extension><presentation><flow><material><mattext texttype="text/html">&lt;!--RsQ_004--&gt;&lt;span style="font-family:'Arial';"&gt;Compute the Derivative.&lt;br&gt;&lt;/span&gt;&lt;span style="font-family:'Arial';"&gt;&lt;i&gt;f&lt;/i&gt;&lt;/span&gt;&lt;span style="font-family:'Arial';"&gt;(&lt;/span&gt;&lt;span style="font-family:'Arial';"&gt;&lt;i&gt;x&lt;/i&gt;&lt;/span&gt;&lt;span style="font-family:'Arial';"&gt;) = &lt;/span&gt;&lt;span style="font-family:'Arial';"&gt;&lt;i&gt;x&lt;/i&gt;&lt;/span&gt;&lt;span style="font-family:'Arial';"&gt;&lt;sup&gt;3&lt;/SUP&gt;&lt;/span&gt;&lt;span style="font-family:'Arial';"&gt;3&lt;/span&gt;&lt;span style="font-family:'Arial';"&gt;&lt;i&gt;&lt;sup&gt;x&lt;/SUP&gt;&lt;/i&gt;&lt;/span&gt;&lt;span style="font-family:'Arial';"&gt; &lt;/span&gt;</mattext></material><response_extension><d2l_2p0:display_style>2</d2l_2p0:display_style><d2l_2p0:enumeration>6</d2l_2p0:enumeration><d2l_2p0:grading_type>0</d2l_2p0:grading_type></response_extension><response_lid ident="QUES_42756863_42760944_LID" rcardinality="Single"><render_choice shuffle="no"><flow_label class="Block"><response_label ident="QUES_42756863_42760944_A130832548"><flow_mat><material><mattext texttype="text/html">&lt;span style="font-family:'Arial';"&gt;&lt;i&gt;x&lt;/i&gt;&lt;/span&gt;&lt;span style="font-family:'Arial';"&gt;&lt;sup&gt;2&lt;/SUP&gt;&lt;/span&gt;&lt;span style="font-family:'Arial';"&gt;3&lt;/span&gt;&lt;span style="font-family:'Arial';"&gt;&lt;i&gt;&lt;sup&gt;x&lt;/SUP&gt;&lt;/i&gt;&lt;/span&gt;&lt;span style="font-family:'Arial';"&gt;&lt;i&gt; + x&lt;/i&gt;&lt;/span&gt;&lt;span style="font-family:'Arial';"&gt;&lt;sup&gt;3&lt;/SUP&gt;&lt;/span&gt;&lt;span style="font-family:'Arial';"&gt;3&lt;/span&gt;&lt;span style="font-family:'Arial';"&gt;&lt;i&gt;&lt;sup&gt;x&lt;/SUP&gt;&lt;/i&gt;&lt;/span&gt;&lt;span style="font-family:'Arial';"&gt;ln(3) &lt;/span&gt;</mattext></material></flow_mat></response_label></flow_label><flow_label class="Block"><response_label ident="QUES_42756863_42760944_A130832549"><flow_mat><material><mattext texttype="text/html">&lt;span style="font-family:'Arial';"&gt;&lt;i&gt;x&lt;/i&gt;&lt;/span&gt;&lt;span style="font-family:'Arial';"&gt;&lt;sup&gt;2&lt;/SUP&gt;&lt;/span&gt;&lt;span style="font-family:'Arial';"&gt;3&lt;/span&gt;&lt;span style="font-family:'Arial';"&gt;&lt;i&gt;&lt;sup&gt;x&lt;/SUP&gt;&lt;/i&gt;&lt;/span&gt;&lt;span style="font-family:'Arial';"&gt;ln(3) &lt;/span&gt;</mattext></material></flow_mat></response_label></flow_label><flow_label class="Block"><response_label ident="QUES_42756863_42760944_A130832550"><flow_mat><material><mattext texttype="text/html">&lt;span style="font-family:'Arial';"&gt;3&lt;/span&gt;&lt;span style="font-family:'Arial';"&gt;&lt;i&gt;x&lt;/i&gt;&lt;/span&gt;&lt;span style="font-family:'Arial';"&gt;&lt;sup&gt;2&lt;/SUP&gt;&lt;/span&gt;&lt;span style="font-family:'Arial';"&gt;&lt;i&gt; + &lt;/i&gt;&lt;/span&gt;&lt;span style="font-family:'Arial';"&gt;3&lt;/span&gt;&lt;span style="font-family:'Arial';"&gt;&lt;i&gt;&lt;sup&gt;x&lt;/SUP&gt;&lt;/i&gt;&lt;/span&gt;&lt;span style="font-family:'Arial';"&gt;ln(3) &lt;/span&gt;</mattext></material></flow_mat></response_label></flow_label><flow_label class="Block"><response_label ident="QUES_42756863_42760944_A130832551"><flow_mat><material><mattext texttype="text/html">&lt;span style="font-family:'Arial';"&gt;&lt;i&gt;3x&lt;/i&gt;&lt;/span&gt;&lt;span style="font-family:'Arial';"&gt;&lt;sup&gt;2&lt;/SUP&gt;&lt;/span&gt;&lt;span style="font-family:'Arial';"&gt;3&lt;/span&gt;&lt;span style="font-family:'Arial';"&gt;&lt;i&gt;&lt;sup&gt;x&lt;/SUP&gt;&lt;/i&gt;&lt;/span&gt;&lt;span style="font-family:'Arial';"&gt;ln(3) + &lt;/span&gt;&lt;span style="font-family:'Arial';"&gt;&lt;i&gt;x&lt;/i&gt;&lt;/span&gt;&lt;span style="font-family:'Arial';"&gt;&lt;sup&gt;3&lt;/SUP&gt;&lt;/span&gt;&lt;span style="font-family:'Arial';"&gt;3&lt;/span&gt;&lt;span style="font-family:'Arial';"&gt;&lt;i&gt;&lt;sup&gt;x&lt;/SUP&gt;&lt;/i&gt;&lt;/span&gt;&lt;span style="font-family:'Arial';"&gt;&lt;i&gt; &lt;/i&gt;&lt;/span&gt;</mattext></material></flow_mat></response_label></flow_label></render_choice></response_lid></flow></presentation><resprocessing><respcondition title="Response Condition 1"><conditionvar><varequal respident="QUES_42756863_42760944_LID">QUES_42756863_42760944_A130832548</varequal></conditionvar><setvar action="Set">100.000000000</setvar><displayfeedback feedbacktype="Response" linkrefid="QUES_42756863_42760944_IF130832548" /></respcondition><respcondition title="Response Condition 2"><conditionvar><varequal respident="QUES_42756863_42760944_LID">QUES_42756863_42760944_A130832549</varequal></conditionvar><setvar action="Set">0.000000000</setvar><displayfeedback feedbacktype="Response" linkrefid="QUES_42756863_42760944_IF130832549" /></respcondition><respcondition title="Response Condition 3"><conditionvar><varequal respident="QUES_42756863_42760944_LID">QUES_42756863_42760944_A130832550</varequal></conditionvar><setvar action="Set">0.000000000</setvar><displayfeedback feedbacktype="Response" linkrefid="QUES_42756863_42760944_IF130832550" /></respcondition><respcondition title="Response Condition 4"><conditionvar><varequal respident="QUES_42756863_42760944_LID">QUES_42756863_42760944_A130832551</varequal></conditionvar><setvar action="Set">0.000000000</setvar><displayfeedback feedbacktype="Response" linkrefid="QUES_42756863_42760944_IF130832551" /></respcondition></resprocessing><itemfeedback ident="QUES_42756863_42760944_IF130832548"><material><mattext texttype="text/plain" /></material></itemfeedback><itemfeedback ident="QUES_42756863_42760944_IF130832549"><material><mattext texttype="text/plain" /></material></itemfeedback><itemfeedback ident="QUES_42756863_42760944_IF130832550"><material><mattext texttype="text/plain" /></material></itemfeedback><itemfeedback ident="QUES_42756863_42760944_IF130832551"><material><mattext texttype="text/plain" /></material></itemfeedback></item></section></assessment></questestinterop>