﻿<?xml version="1.0" encoding="UTF-8"?><questestinterop xmlns:d2l_2p0="http://desire2learn.com/xsd/d2lcp_v2p0"><assessment d2l_2p0:id="425" title="Using the Definition of the Derivative PreVideo Questions" ident="res_quiz_122380" d2l_2p0:resource_code="ef9e56cc46d3486a98963923-105"><rubric><flow_mat><material><mattext d2l_2p0:isdisplayed="yes" texttype="text/html">&lt;p&gt;&lt;span style="color: #292b2c; font-family: 'Avenir Next', sans-serif; font-size: medium; font-style: normal; font-variant-ligatures: normal; font-variant-caps: normal; font-weight: 400; letter-spacing: normal; orphans: 2; text-align: start; text-indent: 0px; text-transform: none; white-space: normal; widows: 2; word-spacing: 0px; -webkit-text-stroke-width: 0px; text-decoration-style: initial; text-decoration-color: initial; float: none; display: inline !important;"&gt;Answer each question as best as you can.&lt;/span&gt;&lt;/p&gt;</mattext></material></flow_mat></rubric><assessmentcontrol hintswitch="no" solutionswitch="yes" feedbackswitch="no" /><presentation_material><flow_mat><material label="page header"><mattext d2l_2p0:isdisplayed="no" texttype="text/html" /></material><material label="page footer"><mattext d2l_2p0:isdisplayed="no" texttype="text/html" /></material></flow_mat></presentation_material><assess_procextension><d2l_2p0:intro_message d2l_2p0:isdisplayed="yes" texttype="text/html">&lt;p&gt;&lt;span style="color: #292b2c; font-family: 'Avenir Next', sans-serif; font-size: medium; font-style: normal; font-variant-ligatures: normal; font-variant-caps: normal; font-weight: 400; letter-spacing: normal; orphans: 2; text-align: start; text-indent: 0px; text-transform: none; white-space: normal; widows: 2; word-spacing: 0px; -webkit-text-stroke-width: 0px; text-decoration-style: initial; text-decoration-color: initial; float: none; display: inline !important;"&gt;&lt;span style="font-family: 'Avenir Next', sans-serif; letter-spacing: normal; margin: 0px; padding: 0px; border: 0px; outline: 0px; font-weight: 400; font-style: normal; font-size: medium; font-variant-ligatures: normal; font-variant-caps: normal; orphans: 2; text-indent: 0px; text-transform: none; white-space: normal; widows: 2; word-spacing: 0px; -webkit-text-stroke-width: 0px; text-decoration-style: initial; text-decoration-color: initial; text-align: left; color: #292b2c; text-shadow: none !important;"&gt;PreVideo&amp;nbsp;Questions are intended to get you thinking about the concept. You are not expected to know all answers perfectly. You are expected to try. PreVideo&amp;nbsp;Q&lt;/span&gt;&lt;span style="font-family: 'Avenir Next', sans-serif; letter-spacing: normal; margin: 0px; padding: 0px; border: 0px; outline: 0px; font-weight: 400; font-style: normal; font-size: medium; font-variant-ligatures: normal; font-variant-caps: normal; orphans: 2; text-indent: 0px; text-transform: none; white-space: normal; widows: 2; word-spacing: 0px; -webkit-text-stroke-width: 0px; text-decoration-style: initial; text-decoration-color: initial; text-align: left; color: #292b2c; text-shadow: none !important;"&gt;uestions do NOT count for a grade.&lt;/span&gt;&lt;/span&gt;&lt;/p&gt;</d2l_2p0:intro_message><d2l_2p0:disable_right_click>no</d2l_2p0:disable_right_click><d2l_2p0:disable_pager_access>no</d2l_2p0:disable_pager_access><is_active>yes</is_active><d2l_2p0:date_start /><d2l_2p0:date_end /><d2l_2p0:date_due /><d2l_2p0:has_schedule_event>no</d2l_2p0:has_schedule_event><d2l_2p0:is_attempt_Rldb>no</d2l_2p0:is_attempt_Rldb><d2l_2p0:is_subview_Rldb>no</d2l_2p0:is_subview_Rldb><d2l_2p0:time_limit>120</d2l_2p0:time_limit><d2l_2p0:show_clock>yes</d2l_2p0:show_clock><d2l_2p0:enforce_time_limit>yes</d2l_2p0:enforce_time_limit><d2l_2p0:grace_period>5</d2l_2p0:grace_period><d2l_2p0:late_limit>0</d2l_2p0:late_limit><d2l_2p0:attempts_allowed>3</d2l_2p0:attempts_allowed><d2l_2p0:attempt_restrictions /><d2l_2p0:mark_calculation_type>1</d2l_2p0:mark_calculation_type><d2l_2p0:is_forward_only>no</d2l_2p0:is_forward_only></assess_procextension><assessfeedback title=""><rubric><flow_mat><material><mattext texttype="yes">Your quiz has been submitted successfully.</mattext></material></flow_mat></rubric><d2l_2p0:duration>0</d2l_2p0:duration><d2l_2p0:response_display_type_id>1</d2l_2p0:response_display_type_id><d2l_2p0:show_correct_answers>no</d2l_2p0:show_correct_answers><d2l_2p0:submission_restrictip>no</d2l_2p0:submission_restrictip><d2l_2p0:show_class_average>no</d2l_2p0:show_class_average><d2l_2p0:show_score_distribution>no</d2l_2p0:show_score_distribution></assessfeedback><section ident="CONTAINER_SECTION"><item ident="OBJ_1651103" label="QUES_42756910_42760991" d2l_2p0:page="1"><itemmetadata><qtimetadata><qti_metadatafield><fieldlabel>qmd_computerscored</fieldlabel><fieldentry>yes</fieldentry></qti_metadatafield><qti_metadatafield><fieldlabel>qmd_questiontype</fieldlabel><fieldentry>Multiple Choice</fieldentry></qti_metadatafield><qti_metadatafield><fieldlabel>qmd_weighting</fieldlabel><fieldentry>1.000000000</fieldentry></qti_metadatafield><qti_metadatafield><fieldlabel>qmd_globalid</fieldlabel><fieldentry>72e3d78e-4acb-429b-830a-562c9813ff1c</fieldentry></qti_metadatafield><qti_metadatafield><fieldlabel>qmd_displayid</fieldlabel><fieldentry>Sample Course-74109</fieldentry></qti_metadatafield></qtimetadata></itemmetadata><itemproc_extension><d2l_2p0:difficulty>3</d2l_2p0:difficulty><d2l_2p0:isbonus>no</d2l_2p0:isbonus><d2l_2p0:ismandatory>yes</d2l_2p0:ismandatory></itemproc_extension><presentation><flow><material><mattext texttype="text/html">&lt;p&gt;&lt;span style="font-size: 14.0pt; font-family: 'Avenir Next',sans-serif;"&gt;Which of the following expressions represents the instantaneous rate of change of&amp;nbsp;&lt;img align="middle" alt="x squared minus 1" class="Wirisformula" data-mathml="«math xmlns=¨http://www.w3.org/1998/Math/MathML¨»«msup»«mi»x«/mi»«mn»2«/mn»«/msup»«mo»-«/mo»«mn»1«/mn»«/math»" src="csfiles/home_dir/JMartinBb/Math Images/6f8a6d0938e6c7bb903b8a3d3cb4bef0.png"&gt;&amp;nbsp;with respect to&amp;nbsp;&lt;img align="middle" alt="x" class="Wirisformula" data-mathml="«math xmlns=¨http://www.w3.org/1998/Math/MathML¨»«mi»x«/mi»«/math»" src="csfiles/home_dir/JMartinBb/Math Images/0906011f3a5875232c2aad39e52caca7(1).png"&gt; when &lt;img align="middle" alt="x equals 3" class="Wirisformula" data-mathml="«math xmlns=¨http://www.w3.org/1998/Math/MathML¨»«mi»x«/mi»«mo»=«/mo»«mn»3«/mn»«/math»" src="csfiles/home_dir/JMartinBb/Math Images/28ec3bdf4381468f06d30757a68ffb94.png"&gt;?&lt;/span&gt;&lt;/p&gt;</mattext></material><response_extension><d2l_2p0:display_style>2</d2l_2p0:display_style><d2l_2p0:enumeration>6</d2l_2p0:enumeration><d2l_2p0:grading_type>0</d2l_2p0:grading_type></response_extension><response_lid ident="QUES_42756910_42760991_LID" rcardinality="Single"><render_choice shuffle="no"><flow_label class="Block"><response_label ident="QUES_42756910_42760991_A130832737"><flow_mat><material><mattext texttype="text/html">&lt;p&gt;&lt;span style="font-size: 14.0pt; font-family: 'Avenir Next',sans-serif;"&gt;&lt;img align="middle" alt="limit as x rightwards arrow 3 of open parentheses x squared minus 1 close parentheses" class="Wirisformula" data-mathml="«math xmlns=¨http://www.w3.org/1998/Math/MathML¨»«munder»«mi»lim«/mi»«mrow»«mi»x«/mi»«mo»§#8594;«/mo»«mn»3«/mn»«/mrow»«/munder»«mfenced»«mrow»«msup»«mi»x«/mi»«mn»2«/mn»«/msup»«mo»-«/mo»«mn»1«/mn»«/mrow»«/mfenced»«/math»" src="csfiles/home_dir/JMartinBb/Math Images/54942e136591e4163c58b109a25dd3dd.png"&gt;&lt;br&gt;&lt;/span&gt;&lt;/p&gt;</mattext></material></flow_mat></response_label></flow_label><flow_label class="Block"><response_label ident="QUES_42756910_42760991_A130832738"><flow_mat><material><mattext texttype="text/html">&lt;p&gt;&lt;span style="font-size: 14.0pt; font-family: 'Avenir Next',sans-serif;"&gt;&lt;img align="middle" alt="limit as increment x rightwards arrow 0 of fraction numerator open parentheses 3 plus increment x close parentheses squared minus 1 minus open parentheses 3 squared minus 1 close parentheses over denominator increment x end fraction" class="Wirisformula" data-mathml="«math xmlns=¨http://www.w3.org/1998/Math/MathML¨»«munder»«mi»lim«/mi»«mrow»«mo»§#8710;«/mo»«mi»x«/mi»«mo»§#8594;«/mo»«mn»0«/mn»«/mrow»«/munder»«mfrac»«mrow»«msup»«mfenced»«mrow»«mn»3«/mn»«mo»+«/mo»«mo»§#8710;«/mo»«mi»x«/mi»«/mrow»«/mfenced»«mn»2«/mn»«/msup»«mo»-«/mo»«mn»1«/mn»«mo»-«/mo»«mfenced»«mrow»«msup»«mn»3«/mn»«mn»2«/mn»«/msup»«mo»-«/mo»«mn»1«/mn»«/mrow»«/mfenced»«/mrow»«mrow»«mo»§#8710;«/mo»«mi»x«/mi»«/mrow»«/mfrac»«/math»" src="csfiles/home_dir/JMartinBb/Math Images/59c11337e9b9ffa84d6787723542938f.png"&gt;&lt;br&gt;&lt;/span&gt;&lt;/p&gt;</mattext></material></flow_mat></response_label></flow_label><flow_label class="Block"><response_label ident="QUES_42756910_42760991_A130832739"><flow_mat><material><mattext texttype="text/html">&lt;p&gt;&lt;span style="font-size: 14.0pt; font-family: 'Avenir Next',sans-serif;"&gt;&lt;img align="middle" alt="limit as increment x rightwards arrow 0 of fraction numerator open parentheses 3 plus increment x close parentheses squared minus 1 over denominator increment x end fraction" class="Wirisformula" data-mathml="«math xmlns=¨http://www.w3.org/1998/Math/MathML¨»«munder»«mi»lim«/mi»«mrow»«mo»§#8710;«/mo»«mi»x«/mi»«mo»§#8594;«/mo»«mn»0«/mn»«/mrow»«/munder»«mfrac»«mrow»«msup»«mfenced»«mrow»«mn»3«/mn»«mo»+«/mo»«mo»§#8710;«/mo»«mi»x«/mi»«/mrow»«/mfenced»«mn»2«/mn»«/msup»«mo»-«/mo»«mn»1«/mn»«/mrow»«mrow»«mo»§#8710;«/mo»«mi»x«/mi»«/mrow»«/mfrac»«/math»" src="csfiles/home_dir/JMartinBb/Math Images/fe1ea6a960a016ecd7dc78192ed3e329.png"&gt;&lt;br&gt;&lt;/span&gt;&lt;/p&gt;</mattext></material></flow_mat></response_label></flow_label><flow_label class="Block"><response_label ident="QUES_42756910_42760991_A130832740"><flow_mat><material><mattext texttype="text/html">&lt;p&gt;&lt;span style="font-size: 14pt; font-family: 'Avenir Next', sans-serif;"&gt;&lt;img align="middle" alt="limit as increment x rightwards arrow 3 of open parentheses open parentheses 3 plus increment x close parentheses squared minus 1 close parentheses" class="Wirisformula" data-mathml="«math xmlns=¨http://www.w3.org/1998/Math/MathML¨»«munder»«mi»lim«/mi»«mrow»«mo»§#8710;«/mo»«mi»x«/mi»«mo»§#8594;«/mo»«mn»3«/mn»«/mrow»«/munder»«mfenced»«mrow»«msup»«mfenced»«mrow»«mn»3«/mn»«mo»+«/mo»«mo»§#8710;«/mo»«mi»x«/mi»«/mrow»«/mfenced»«mn»2«/mn»«/msup»«mo»-«/mo»«mn»1«/mn»«/mrow»«/mfenced»«/math»" src="csfiles/home_dir/JMartinBb/Math Images/ed8a030ccb8e1432cd768a27abcfbcaa.png"&gt;&lt;br&gt;&lt;/span&gt;&lt;/p&gt;</mattext></material></flow_mat></response_label></flow_label><flow_label class="Block"><response_label ident="QUES_42756910_42760991_A130832741"><flow_mat><material><mattext texttype="text/html">&lt;p&gt;&lt;span style="font-size: 14.0pt; font-family: 'Avenir Next',sans-serif;"&gt;&lt;img align="middle" alt="limit as increment x rightwards arrow 3 of fraction numerator open parentheses 3 plus increment x close parentheses squared minus 1 minus open parentheses x squared minus 1 close parentheses over denominator increment x end fraction" class="Wirisformula" data-mathml="«math xmlns=¨http://www.w3.org/1998/Math/MathML¨»«munder»«mi»lim«/mi»«mrow»«mo»§#8710;«/mo»«mi»x«/mi»«mo»§#8594;«/mo»«mn»3«/mn»«/mrow»«/munder»«mfrac»«mrow»«msup»«mfenced»«mrow»«mn»3«/mn»«mo»+«/mo»«mo»§#8710;«/mo»«mi»x«/mi»«/mrow»«/mfenced»«mn»2«/mn»«/msup»«mo»-«/mo»«mn»1«/mn»«mo»-«/mo»«mfenced»«mrow»«msup»«mi»x«/mi»«mn»2«/mn»«/msup»«mo»-«/mo»«mn»1«/mn»«/mrow»«/mfenced»«/mrow»«mrow»«mo»§#8710;«/mo»«mi»x«/mi»«/mrow»«/mfrac»«/math»" src="csfiles/home_dir/JMartinBb/Math Images/b7a1bdcc7b4ec2e0d69a155a91f6c1fb.png"&gt;&lt;br&gt;&lt;/span&gt;&lt;/p&gt;</mattext></material></flow_mat></response_label></flow_label></render_choice></response_lid></flow></presentation><resprocessing><respcondition title="Response Condition 1"><conditionvar><varequal respident="QUES_42756910_42760991_LID">QUES_42756910_42760991_A130832737</varequal></conditionvar><setvar action="Set">0.000000000</setvar><displayfeedback feedbacktype="Response" linkrefid="QUES_42756910_42760991_IF130832737" /></respcondition><respcondition title="Response Condition 2"><conditionvar><varequal respident="QUES_42756910_42760991_LID">QUES_42756910_42760991_A130832738</varequal></conditionvar><setvar action="Set">100.000000000</setvar><displayfeedback feedbacktype="Response" linkrefid="QUES_42756910_42760991_IF130832738" /></respcondition><respcondition title="Response Condition 3"><conditionvar><varequal respident="QUES_42756910_42760991_LID">QUES_42756910_42760991_A130832739</varequal></conditionvar><setvar action="Set">0.000000000</setvar><displayfeedback feedbacktype="Response" linkrefid="QUES_42756910_42760991_IF130832739" /></respcondition><respcondition title="Response Condition 4"><conditionvar><varequal respident="QUES_42756910_42760991_LID">QUES_42756910_42760991_A130832740</varequal></conditionvar><setvar action="Set">0.000000000</setvar><displayfeedback feedbacktype="Response" linkrefid="QUES_42756910_42760991_IF130832740" /></respcondition><respcondition title="Response Condition 5"><conditionvar><varequal respident="QUES_42756910_42760991_LID">QUES_42756910_42760991_A130832741</varequal></conditionvar><setvar action="Set">0.000000000</setvar><displayfeedback feedbacktype="Response" linkrefid="QUES_42756910_42760991_IF130832741" /></respcondition></resprocessing><itemfeedback ident="QUES_42756910_42760991_IF130832737"><material><mattext texttype="text/plain" /></material></itemfeedback><itemfeedback ident="QUES_42756910_42760991_IF130832738"><material><mattext texttype="text/plain" /></material></itemfeedback><itemfeedback ident="QUES_42756910_42760991_IF130832739"><material><mattext texttype="text/plain" /></material></itemfeedback><itemfeedback ident="QUES_42756910_42760991_IF130832740"><material><mattext texttype="text/plain" /></material></itemfeedback><itemfeedback ident="QUES_42756910_42760991_IF130832741"><material><mattext texttype="text/plain" /></material></itemfeedback></item><item ident="OBJ_1651104" label="QUES_42756911_42760992" d2l_2p0:page="1"><itemmetadata><qtimetadata><qti_metadatafield><fieldlabel>qmd_computerscored</fieldlabel><fieldentry>yes</fieldentry></qti_metadatafield><qti_metadatafield><fieldlabel>qmd_questiontype</fieldlabel><fieldentry>Multiple Choice</fieldentry></qti_metadatafield><qti_metadatafield><fieldlabel>qmd_weighting</fieldlabel><fieldentry>1.000000000</fieldentry></qti_metadatafield><qti_metadatafield><fieldlabel>qmd_globalid</fieldlabel><fieldentry>6b93c7fa-a97d-456a-bd59-1d03d3610a68</fieldentry></qti_metadatafield><qti_metadatafield><fieldlabel>qmd_displayid</fieldlabel><fieldentry>Sample Course-74110</fieldentry></qti_metadatafield></qtimetadata></itemmetadata><itemproc_extension><d2l_2p0:difficulty>3</d2l_2p0:difficulty><d2l_2p0:isbonus>no</d2l_2p0:isbonus><d2l_2p0:ismandatory>yes</d2l_2p0:ismandatory></itemproc_extension><presentation><flow><material><mattext texttype="text/html">&lt;p&gt;&lt;span style="color: #000000; font-family: 'Avenir Next', sans-serif; font-size: 18.6667px; font-style: normal; font-variant-ligatures: normal; font-variant-caps: normal; font-weight: 400; letter-spacing: normal; orphans: 2; text-align: start; text-indent: 0px; text-transform: none; white-space: normal; widows: 2; word-spacing: 0px; -webkit-text-stroke-width: 0px; text-decoration-style: initial; text-decoration-color: initial; float: none; display: inline !important;"&gt;&lt;img align="middle" alt="limit as increment x rightwards arrow 0 of fraction numerator square root of 4 plus increment x end root minus square root of 4 over denominator increment x end fraction" class="Wirisformula" data-mathml="«math xmlns=¨http://www.w3.org/1998/Math/MathML¨»«munder»«mi»lim«/mi»«mrow»«mo»§#8710;«/mo»«mi»x«/mi»«mo»§#8594;«/mo»«mn»0«/mn»«/mrow»«/munder»«mfrac»«mrow»«msqrt»«mn»4«/mn»«mo»+«/mo»«mo»§#8710;«/mo»«mi»x«/mi»«/msqrt»«mo»-«/mo»«msqrt»«mn»4«/mn»«/msqrt»«/mrow»«mrow»«mo»§#8710;«/mo»«mi»x«/mi»«/mrow»«/mfrac»«/math»" src="csfiles/home_dir/JMartinBb/Math Images/3c66769169e1cd720998101a19e30fcc.png"&gt;&lt;/span&gt;&amp;nbsp;&lt;span style="font-family: 'Avenir Next', sans-serif; letter-spacing: normal; margin: 0px; padding: 0px; border: 0px; outline: 0px; font-weight: 400; font-style: normal; font-size: 14pt; color: #000000; font-variant-ligatures: normal; font-variant-caps: normal; orphans: 2; text-align: start; text-indent: 0px; text-transform: none; white-space: normal; widows: 2; word-spacing: 0px; -webkit-text-stroke-width: 0px; text-decoration-style: initial; text-decoration-color: initial; text-shadow: none !important;"&gt;is equal to which of the following values?&lt;br&gt;&lt;/span&gt;&lt;span style="font-family: 'Courier New'; letter-spacing: normal; margin: 0px; padding: 0px; border: 0px; outline: 0px; font-weight: 400; font-style: normal; font-size: 14pt; color: #000000; font-variant-ligatures: normal; font-variant-caps: normal; orphans: 2; text-align: start; text-indent: 0px; text-transform: none; white-space: normal; widows: 2; word-spacing: 0px; -webkit-text-stroke-width: 0px; text-decoration-style: initial; text-decoration-color: initial; text-shadow: none !important;"&gt;&lt;/span&gt;&lt;/p&gt;  &lt;p&gt;&lt;br&gt;&lt;/p&gt;</mattext></material><response_extension><d2l_2p0:display_style>2</d2l_2p0:display_style><d2l_2p0:enumeration>6</d2l_2p0:enumeration><d2l_2p0:grading_type>0</d2l_2p0:grading_type></response_extension><response_lid ident="QUES_42756911_42760992_LID" rcardinality="Single"><render_choice shuffle="no"><flow_label class="Block"><response_label ident="QUES_42756911_42760992_A130832742"><flow_mat><material><mattext texttype="text/html">&lt;p&gt;&lt;span style="font-size: medium;"&gt;0&lt;/span&gt;&lt;/p&gt;</mattext></material></flow_mat></response_label></flow_label><flow_label class="Block"><response_label ident="QUES_42756911_42760992_A130832743"><flow_mat><material><mattext texttype="text/html">&lt;p&gt;&lt;img align="middle" alt="1 fourth" class="Wirisformula" data-mathml="«math xmlns=¨http://www.w3.org/1998/Math/MathML¨»«mfrac»«mn»1«/mn»«mn»4«/mn»«/mfrac»«/math»" src="csfiles/home_dir/JMartinBb/Math Images/2ffa8b9ddfe3361c605d304aa43d596e.png"&gt;&lt;/p&gt;</mattext></material></flow_mat></response_label></flow_label><flow_label class="Block"><response_label ident="QUES_42756911_42760992_A130832744"><flow_mat><material><mattext texttype="text/html">&lt;p&gt;&lt;span style="font-size: medium;"&gt;1&lt;/span&gt;&lt;/p&gt;</mattext></material></flow_mat></response_label></flow_label><flow_label class="Block"><response_label ident="QUES_42756911_42760992_A130832745"><flow_mat><material><mattext texttype="text/html">&lt;p&gt;&lt;span style="font-size: medium;"&gt;4&lt;/span&gt;&lt;/p&gt;</mattext></material></flow_mat></response_label></flow_label><flow_label class="Block"><response_label ident="QUES_42756911_42760992_A130832746"><flow_mat><material><mattext texttype="text/html">&lt;p&gt;&lt;span style="font-size: medium;"&gt;&lt;img align="middle" alt="infinity" class="Wirisformula" data-mathml="«math xmlns=¨http://www.w3.org/1998/Math/MathML¨»«mo»§#8734;«/mo»«/math»" src="csfiles/home_dir/JMartinBb/Math Images/9f6f596ccdcd39334f2e628672125322.png"&gt;&lt;/span&gt;&lt;/p&gt;</mattext></material></flow_mat></response_label></flow_label></render_choice></response_lid></flow></presentation><resprocessing><respcondition title="Response Condition 1"><conditionvar><varequal respident="QUES_42756911_42760992_LID">QUES_42756911_42760992_A130832742</varequal></conditionvar><setvar action="Set">0.000000000</setvar><displayfeedback feedbacktype="Response" linkrefid="QUES_42756911_42760992_IF130832742" /></respcondition><respcondition title="Response Condition 2"><conditionvar><varequal respident="QUES_42756911_42760992_LID">QUES_42756911_42760992_A130832743</varequal></conditionvar><setvar action="Set">100.000000000</setvar><displayfeedback feedbacktype="Response" linkrefid="QUES_42756911_42760992_IF130832743" /></respcondition><respcondition title="Response Condition 3"><conditionvar><varequal respident="QUES_42756911_42760992_LID">QUES_42756911_42760992_A130832744</varequal></conditionvar><setvar action="Set">0.000000000</setvar><displayfeedback feedbacktype="Response" linkrefid="QUES_42756911_42760992_IF130832744" /></respcondition><respcondition title="Response Condition 4"><conditionvar><varequal respident="QUES_42756911_42760992_LID">QUES_42756911_42760992_A130832745</varequal></conditionvar><setvar action="Set">0.000000000</setvar><displayfeedback feedbacktype="Response" linkrefid="QUES_42756911_42760992_IF130832745" /></respcondition><respcondition title="Response Condition 5"><conditionvar><varequal respident="QUES_42756911_42760992_LID">QUES_42756911_42760992_A130832746</varequal></conditionvar><setvar action="Set">0.000000000</setvar><displayfeedback feedbacktype="Response" linkrefid="QUES_42756911_42760992_IF130832746" /></respcondition></resprocessing><itemfeedback ident="QUES_42756911_42760992_IF130832742"><material><mattext texttype="text/plain" /></material></itemfeedback><itemfeedback ident="QUES_42756911_42760992_IF130832743"><material><mattext texttype="text/plain" /></material></itemfeedback><itemfeedback ident="QUES_42756911_42760992_IF130832744"><material><mattext texttype="text/plain" /></material></itemfeedback><itemfeedback ident="QUES_42756911_42760992_IF130832745"><material><mattext texttype="text/plain" /></material></itemfeedback><itemfeedback ident="QUES_42756911_42760992_IF130832746"><material><mattext texttype="text/plain" /></material></itemfeedback></item></section></assessment></questestinterop>