﻿<?xml version="1.0" encoding="UTF-8"?><questestinterop xmlns:d2l_2p0="http://desire2learn.com/xsd/d2lcp_v2p0"><assessment d2l_2p0:id="422" title="The Definition of the Derivative PostVideo Questions" ident="res_quiz_122377" d2l_2p0:resource_code="ef9e56cc46d3486a98963923-102"><rubric><flow_mat><material><mattext d2l_2p0:isdisplayed="yes" texttype="text/html">&lt;p&gt;&lt;span style="color: #292b2c; font-family: 'Avenir Next', sans-serif; font-size: medium; font-style: normal; font-variant-ligatures: normal; font-variant-caps: normal; font-weight: 400; letter-spacing: normal; orphans: 2; text-align: start; text-indent: 0px; text-transform: none; white-space: normal; widows: 2; word-spacing: 0px; -webkit-text-stroke-width: 0px; text-decoration-style: initial; text-decoration-color: initial; float: none; display: inline !important;"&gt;Answer all questions.&lt;/span&gt;&lt;/p&gt;</mattext></material></flow_mat></rubric><assessmentcontrol hintswitch="no" solutionswitch="yes" feedbackswitch="no" /><presentation_material><flow_mat><material label="page header"><mattext d2l_2p0:isdisplayed="no" texttype="text/html" /></material><material label="page footer"><mattext d2l_2p0:isdisplayed="no" texttype="text/html" /></material></flow_mat></presentation_material><assess_procextension><d2l_2p0:intro_message d2l_2p0:isdisplayed="yes" texttype="text/html">&lt;p&gt;&lt;span style="color: #292b2c; font-family: 'Avenir Next', sans-serif; font-size: medium; font-style: normal; font-variant-ligatures: normal; font-variant-caps: normal; font-weight: 400; letter-spacing: normal; orphans: 2; text-align: start; text-indent: 0px; text-transform: none; white-space: normal; widows: 2; word-spacing: 0px; -webkit-text-stroke-width: 0px; text-decoration-style: initial; text-decoration-color: initial; float: none; display: inline !important;"&gt;PostVideo Questions are intended to measure your learning from the video. This is for a grade. You get three attempts. Your last attempt is the only attempt that counts toward your grade.&lt;/span&gt;&lt;/p&gt;</d2l_2p0:intro_message><d2l_2p0:disable_right_click>no</d2l_2p0:disable_right_click><d2l_2p0:disable_pager_access>no</d2l_2p0:disable_pager_access><is_active>yes</is_active><d2l_2p0:date_start /><d2l_2p0:date_end /><d2l_2p0:date_due /><d2l_2p0:has_schedule_event>no</d2l_2p0:has_schedule_event><d2l_2p0:is_attempt_Rldb>no</d2l_2p0:is_attempt_Rldb><d2l_2p0:is_subview_Rldb>no</d2l_2p0:is_subview_Rldb><d2l_2p0:time_limit>120</d2l_2p0:time_limit><d2l_2p0:show_clock>yes</d2l_2p0:show_clock><d2l_2p0:enforce_time_limit>yes</d2l_2p0:enforce_time_limit><d2l_2p0:grace_period>5</d2l_2p0:grace_period><d2l_2p0:late_limit>0</d2l_2p0:late_limit><d2l_2p0:attempts_allowed>3</d2l_2p0:attempts_allowed><d2l_2p0:attempt_restrictions /><d2l_2p0:mark_calculation_type>1</d2l_2p0:mark_calculation_type><d2l_2p0:is_forward_only>no</d2l_2p0:is_forward_only></assess_procextension><assessfeedback title=""><rubric><flow_mat><material><mattext texttype="yes">Your quiz has been submitted successfully.</mattext></material></flow_mat></rubric><d2l_2p0:duration>0</d2l_2p0:duration><d2l_2p0:response_display_type_id>1</d2l_2p0:response_display_type_id><d2l_2p0:show_correct_answers>no</d2l_2p0:show_correct_answers><d2l_2p0:submission_restrictip>no</d2l_2p0:submission_restrictip><d2l_2p0:show_class_average>no</d2l_2p0:show_class_average><d2l_2p0:show_score_distribution>no</d2l_2p0:show_score_distribution></assessfeedback><section ident="CONTAINER_SECTION"><item ident="OBJ_1651095" label="QUES_42756902_42760983" d2l_2p0:page="1"><itemmetadata><qtimetadata><qti_metadatafield><fieldlabel>qmd_computerscored</fieldlabel><fieldentry>yes</fieldentry></qti_metadatafield><qti_metadatafield><fieldlabel>qmd_questiontype</fieldlabel><fieldentry>Multiple Choice</fieldentry></qti_metadatafield><qti_metadatafield><fieldlabel>qmd_weighting</fieldlabel><fieldentry>1.000000000</fieldentry></qti_metadatafield><qti_metadatafield><fieldlabel>qmd_globalid</fieldlabel><fieldentry>fedb4828-e3ee-4c3a-b582-7305a0b2c685</fieldentry></qti_metadatafield><qti_metadatafield><fieldlabel>qmd_displayid</fieldlabel><fieldentry>Sample Course-74101</fieldentry></qti_metadatafield></qtimetadata></itemmetadata><itemproc_extension><d2l_2p0:difficulty>3</d2l_2p0:difficulty><d2l_2p0:isbonus>no</d2l_2p0:isbonus><d2l_2p0:ismandatory>yes</d2l_2p0:ismandatory></itemproc_extension><presentation><flow><material><mattext texttype="text/html">&lt;p&gt;&lt;span style="font-size: 14pt; font-family: 'Avenir Next', sans-serif; color: #292b2c; background-image: initial; background-position: initial; background-size: initial; background-repeat: initial; background-attachment: initial; background-origin: initial; background-clip: initial;"&gt;If&amp;nbsp;&lt;img align="middle" alt="f" class="Wirisformula" data-mathml="«math xmlns=¨http://www.w3.org/1998/Math/MathML¨»«mi»f«/mi»«/math»" src="csfiles/home_dir/JMartinBb/Math Images/e74677a41edb7b76a823e253378fbc2e.png"&gt;&amp;nbsp;is a differentiable function and&amp;nbsp;&lt;img align="middle" alt="a" class="Wirisformula" data-mathml="«math xmlns=¨http://www.w3.org/1998/Math/MathML¨»«mi»a«/mi»«/math»" src="csfiles/home_dir/JMartinBb/Math Images/90a2959d9d1df07f59b5798d66c253d8.png"&gt;&amp;nbsp;is in the domain of&amp;nbsp;&lt;img align="middle" alt="f" class="Wirisformula" data-mathml="«math xmlns=¨http://www.w3.org/1998/Math/MathML¨»«mi»f«/mi»«/math»" src="csfiles/home_dir/JMartinBb/Math Images/e74677a41edb7b76a823e253378fbc2e(1).png"&gt;, then&amp;nbsp;&lt;img align="middle" alt="f apostrophe open parentheses a close parentheses" class="Wirisformula" data-mathml="«math xmlns=¨http://www.w3.org/1998/Math/MathML¨»«mi»f«/mi»«mo»`«/mo»«mfenced»«mi»a«/mi»«/mfenced»«/math»" src="csfiles/home_dir/JMartinBb/Math Images/390fe706cd2e3b5ea80bba0edb5308bb.png"&gt;&amp;nbsp;is given by which of the following expressions?&lt;/span&gt;&lt;/p&gt;  &lt;ol style="list-style-type: upper-roman;"&gt;   &lt;li&gt;&lt;img align="middle" alt="limit as h rightwards arrow 0 of fraction numerator f open parentheses a plus h close parentheses minus f open parentheses a close parentheses over denominator h end fraction" class="Wirisformula" data-mathml="«math xmlns=¨http://www.w3.org/1998/Math/MathML¨»«munder»«mi»lim«/mi»«mrow»«mi»h«/mi»«mo»§#8594;«/mo»«mn»0«/mn»«/mrow»«/munder»«mfrac»«mrow»«mi»f«/mi»«mfenced»«mrow»«mi»a«/mi»«mo»+«/mo»«mi»h«/mi»«/mrow»«/mfenced»«mo»-«/mo»«mi»f«/mi»«mfenced»«mi»a«/mi»«/mfenced»«/mrow»«mi»h«/mi»«/mfrac»«/math»" src="csfiles/home_dir/JMartinBb/Math Images/81215c5c8df88fa097c02801e38c729f.png"&gt;&lt;/li&gt;   &lt;li&gt;&lt;span style="font-size: 14pt; font-family: 'Avenir Next', sans-serif; color: #292b2c; background-image: initial; background-position: initial; background-size: initial; background-repeat: initial; background-attachment: initial; background-origin: initial; background-clip: initial;"&gt;&lt;img align="middle" alt="limit as x rightwards arrow a of fraction numerator f open parentheses x close parentheses minus f open parentheses a close parentheses over denominator x minus a end fraction" class="Wirisformula" data-mathml="«math xmlns=¨http://www.w3.org/1998/Math/MathML¨»«munder»«mi»lim«/mi»«mrow»«mi»x«/mi»«mo»§#8594;«/mo»«mi»a«/mi»«/mrow»«/munder»«mfrac»«mrow»«mi»f«/mi»«mfenced»«mi»x«/mi»«/mfenced»«mo»-«/mo»«mi»f«/mi»«mfenced»«mi»a«/mi»«/mfenced»«/mrow»«mrow»«mi»x«/mi»«mo»-«/mo»«mi»a«/mi»«/mrow»«/mfrac»«/math»" src="csfiles/home_dir/JMartinBb/Math Images/85ad81e585e640417bd6224d9ab33777.png"&gt;&lt;/span&gt;&lt;/li&gt;   &lt;li&gt;&lt;span style="font-size: 14pt; font-family: 'Avenir Next', sans-serif; color: #292b2c; background-image: initial; background-position: initial; background-size: initial; background-repeat: initial; background-attachment: initial; background-origin: initial; background-clip: initial;"&gt;&lt;img align="middle" alt="limit as h rightwards arrow 0 of fraction numerator f open parentheses x plus h close parentheses minus f open parentheses x close parentheses over denominator x minus h end fraction" class="Wirisformula" data-mathml="«math xmlns=¨http://www.w3.org/1998/Math/MathML¨»«munder»«mi»lim«/mi»«mrow»«mi»h«/mi»«mo»§#8594;«/mo»«mn»0«/mn»«/mrow»«/munder»«mfrac»«mrow»«mi»f«/mi»«mfenced»«mrow»«mi»x«/mi»«mo»+«/mo»«mi»h«/mi»«/mrow»«/mfenced»«mo»-«/mo»«mi»f«/mi»«mfenced»«mi»x«/mi»«/mfenced»«/mrow»«mrow»«mi»x«/mi»«mo»-«/mo»«mi»h«/mi»«/mrow»«/mfrac»«/math»" src="csfiles/home_dir/JMartinBb/Math Images/e195784e3a11da7412e52508e97c563d.png"&gt;&lt;/span&gt;&lt;span style="font-size: 14pt; font-family: 'Avenir Next', sans-serif; color: #292b2c; background-image: initial; background-position: initial; background-size: initial; background-repeat: initial; background-attachment: initial; background-origin: initial; background-clip: initial;"&gt;&lt;/span&gt;&lt;/li&gt;  &lt;/ol&gt;</mattext></material><response_extension><d2l_2p0:display_style>2</d2l_2p0:display_style><d2l_2p0:enumeration>6</d2l_2p0:enumeration><d2l_2p0:grading_type>0</d2l_2p0:grading_type></response_extension><response_lid ident="QUES_42756902_42760983_LID" rcardinality="Single"><render_choice shuffle="no"><flow_label class="Block"><response_label ident="QUES_42756902_42760983_A130832693"><flow_mat><material><mattext texttype="text/html">&lt;p&gt;&lt;span style="font-size: 14.0pt; font-family: 'Avenir Next',sans-serif;"&gt;I. only&lt;/span&gt;&lt;/p&gt;</mattext></material></flow_mat></response_label></flow_label><flow_label class="Block"><response_label ident="QUES_42756902_42760983_A130832694"><flow_mat><material><mattext texttype="text/html">&lt;p&gt;&lt;span style="font-size: 14.0pt; font-family: 'Avenir Next',sans-serif;"&gt;II.&amp;nbsp;only&lt;/span&gt;&lt;/p&gt;</mattext></material></flow_mat></response_label></flow_label><flow_label class="Block"><response_label ident="QUES_42756902_42760983_A130832695"><flow_mat><material><mattext texttype="text/html">&lt;p&gt;&lt;span style="font-size: 14.0pt; font-family: 'Avenir Next',sans-serif;"&gt;III.&amp;nbsp;only&lt;/span&gt;&lt;/p&gt;</mattext></material></flow_mat></response_label></flow_label><flow_label class="Block"><response_label ident="QUES_42756902_42760983_A130832696"><flow_mat><material><mattext texttype="text/html">&lt;p&gt;&lt;span style="font-size: 14pt; font-family: 'Avenir Next', sans-serif;"&gt;I. and II.&amp;nbsp;only&lt;/span&gt;&lt;/p&gt;</mattext></material></flow_mat></response_label></flow_label><flow_label class="Block"><response_label ident="QUES_42756902_42760983_A130832697"><flow_mat><material><mattext texttype="text/html">&lt;p&gt;&lt;span style="font-size: 14.0pt; font-family: 'Avenir Next',sans-serif;"&gt;I. and III.&amp;nbsp;only&lt;/span&gt;&lt;/p&gt;</mattext></material></flow_mat></response_label></flow_label><flow_label class="Block"><response_label ident="QUES_42756902_42760983_A130832698"><flow_mat><material><mattext texttype="text/html">&lt;p&gt;&lt;span style="font-size: medium;"&gt;I.,&amp;nbsp;II.,&amp;nbsp;and III.&lt;/span&gt;&lt;/p&gt;</mattext></material></flow_mat></response_label></flow_label></render_choice></response_lid></flow></presentation><resprocessing><respcondition title="Response Condition 1"><conditionvar><varequal respident="QUES_42756902_42760983_LID">QUES_42756902_42760983_A130832693</varequal></conditionvar><setvar action="Set">0.000000000</setvar><displayfeedback feedbacktype="Response" linkrefid="QUES_42756902_42760983_IF130832693" /></respcondition><respcondition title="Response Condition 2"><conditionvar><varequal respident="QUES_42756902_42760983_LID">QUES_42756902_42760983_A130832694</varequal></conditionvar><setvar action="Set">0.000000000</setvar><displayfeedback feedbacktype="Response" linkrefid="QUES_42756902_42760983_IF130832694" /></respcondition><respcondition title="Response Condition 3"><conditionvar><varequal respident="QUES_42756902_42760983_LID">QUES_42756902_42760983_A130832695</varequal></conditionvar><setvar action="Set">0.000000000</setvar><displayfeedback feedbacktype="Response" linkrefid="QUES_42756902_42760983_IF130832695" /></respcondition><respcondition title="Response Condition 4"><conditionvar><varequal respident="QUES_42756902_42760983_LID">QUES_42756902_42760983_A130832696</varequal></conditionvar><setvar action="Set">100.000000000</setvar><displayfeedback feedbacktype="Response" linkrefid="QUES_42756902_42760983_IF130832696" /></respcondition><respcondition title="Response Condition 5"><conditionvar><varequal respident="QUES_42756902_42760983_LID">QUES_42756902_42760983_A130832697</varequal></conditionvar><setvar action="Set">0.000000000</setvar><displayfeedback feedbacktype="Response" linkrefid="QUES_42756902_42760983_IF130832697" /></respcondition><respcondition title="Response Condition 6"><conditionvar><varequal respident="QUES_42756902_42760983_LID">QUES_42756902_42760983_A130832698</varequal></conditionvar><setvar action="Set">0.000000000</setvar><displayfeedback feedbacktype="Response" linkrefid="QUES_42756902_42760983_IF130832698" /></respcondition></resprocessing><itemfeedback ident="QUES_42756902_42760983_IF130832693"><material><mattext texttype="text/plain" /></material></itemfeedback><itemfeedback ident="QUES_42756902_42760983_IF130832694"><material><mattext texttype="text/plain" /></material></itemfeedback><itemfeedback ident="QUES_42756902_42760983_IF130832695"><material><mattext texttype="text/plain" /></material></itemfeedback><itemfeedback ident="QUES_42756902_42760983_IF130832696"><material><mattext texttype="text/plain" /></material></itemfeedback><itemfeedback ident="QUES_42756902_42760983_IF130832697"><material><mattext texttype="text/plain" /></material></itemfeedback><itemfeedback ident="QUES_42756902_42760983_IF130832698"><material><mattext texttype="text/plain" /></material></itemfeedback></item><item ident="OBJ_1651096" label="QUES_42756903_42760984" d2l_2p0:page="1"><itemmetadata><qtimetadata><qti_metadatafield><fieldlabel>qmd_computerscored</fieldlabel><fieldentry>yes</fieldentry></qti_metadatafield><qti_metadatafield><fieldlabel>qmd_questiontype</fieldlabel><fieldentry>Multiple Choice</fieldentry></qti_metadatafield><qti_metadatafield><fieldlabel>qmd_weighting</fieldlabel><fieldentry>1.000000000</fieldentry></qti_metadatafield><qti_metadatafield><fieldlabel>qmd_globalid</fieldlabel><fieldentry>381e5e6b-c2b8-409c-809a-d1e1dc066756</fieldentry></qti_metadatafield><qti_metadatafield><fieldlabel>qmd_displayid</fieldlabel><fieldentry>Sample Course-74102</fieldentry></qti_metadatafield></qtimetadata></itemmetadata><itemproc_extension><d2l_2p0:difficulty>3</d2l_2p0:difficulty><d2l_2p0:isbonus>no</d2l_2p0:isbonus><d2l_2p0:ismandatory>yes</d2l_2p0:ismandatory></itemproc_extension><presentation><flow><material><mattext texttype="text/html">&lt;p&gt;&lt;span style="color: #000000; font-family: 'Avenir Next', sans-serif; font-size: 18.6667px; font-style: normal; font-variant-ligatures: normal; font-variant-caps: normal; font-weight: 400; letter-spacing: normal; orphans: 2; text-align: start; text-indent: 0px; text-transform: none; white-space: normal; widows: 2; word-spacing: 0px; -webkit-text-stroke-width: 0px; text-decoration-style: initial; text-decoration-color: initial; float: none; display: inline !important;"&gt;The expression&lt;/span&gt;&amp;nbsp;&lt;img align="middle" alt="stack l i m with h rightwards arrow 0 below fraction numerator e to the power of x plus h end exponent sin open parentheses x plus h close parentheses minus e to the power of x sin open parentheses x close parentheses over denominator h end fraction" class="Wirisformula" data-mathml="«math xmlns=¨http://www.w3.org/1998/Math/MathML¨»«munder»«mrow»«mi»l«/mi»«mi»i«/mi»«mi»m«/mi»«/mrow»«mrow»«mi»h«/mi»«mo»§#8594;«/mo»«mn»0«/mn»«/mrow»«/munder»«mfrac»«mrow»«msup»«mi»e«/mi»«mrow»«mi»x«/mi»«mo»+«/mo»«mi»h«/mi»«/mrow»«/msup»«mi»sin«/mi»«mfenced»«mrow»«mi»x«/mi»«mo»+«/mo»«mi»h«/mi»«/mrow»«/mfenced»«mo»-«/mo»«msup»«mi»e«/mi»«mi»x«/mi»«/msup»«mi»sin«/mi»«mfenced»«mi»x«/mi»«/mfenced»«/mrow»«mi»h«/mi»«/mfrac»«/math»" src="csfiles/home_dir/JMartinBb/Math Images/04174d913e4ba7959ead4501afd365ac.png"&gt;&amp;nbsp;&lt;span style="font-family: 'Avenir Next', sans-serif; letter-spacing: normal; margin: 0px; padding: 0px; border: 0px; outline: 0px; font-weight: 400; font-style: normal; font-size: 14pt; color: #000000; font-variant-ligatures: normal; font-variant-caps: normal; orphans: 2; text-align: start; text-indent: 0px; text-transform: none; white-space: normal; widows: 2; word-spacing: 0px; -webkit-text-stroke-width: 0px; text-decoration-style: initial; text-decoration-color: initial; text-shadow: none !important;"&gt;is the derivative of what function?&lt;/span&gt;&lt;span style="font-family: 'Courier New'; letter-spacing: normal; margin: 0px; padding: 0px; border: 0px; outline: 0px; font-weight: 400; font-style: normal; font-size: 14pt; color: #000000; font-variant-ligatures: normal; font-variant-caps: normal; orphans: 2; text-align: start; text-indent: 0px; text-transform: none; white-space: normal; widows: 2; word-spacing: 0px; -webkit-text-stroke-width: 0px; text-decoration-style: initial; text-decoration-color: initial; text-shadow: none !important;"&gt;&lt;/span&gt;&lt;/p&gt;  &lt;p&gt;&lt;br&gt;&lt;/p&gt;</mattext></material><response_extension><d2l_2p0:display_style>2</d2l_2p0:display_style><d2l_2p0:enumeration>6</d2l_2p0:enumeration><d2l_2p0:grading_type>0</d2l_2p0:grading_type></response_extension><response_lid ident="QUES_42756903_42760984_LID" rcardinality="Single"><render_choice shuffle="no"><flow_label class="Block"><response_label ident="QUES_42756903_42760984_A130832699"><flow_mat><material><mattext texttype="text/html">&lt;p&gt;&lt;img align="middle" alt="f open parentheses x close parentheses equals e to the power of x plus h end exponent sin open parentheses x plus h close parentheses" class="Wirisformula" data-mathml="«math xmlns=¨http://www.w3.org/1998/Math/MathML¨»«mi»f«/mi»«mfenced»«mi»x«/mi»«/mfenced»«mo»=«/mo»«msup»«mi»e«/mi»«mrow»«mi»x«/mi»«mo»+«/mo»«mi»h«/mi»«/mrow»«/msup»«mi»sin«/mi»«mfenced»«mrow»«mi»x«/mi»«mo»+«/mo»«mi»h«/mi»«/mrow»«/mfenced»«/math»" src="csfiles/home_dir/JMartinBb/Math Images/1eb70e33aa809f3efaa8511d4362e06c.png"&gt;&lt;/p&gt;</mattext></material></flow_mat></response_label></flow_label><flow_label class="Block"><response_label ident="QUES_42756903_42760984_A130832700"><flow_mat><material><mattext texttype="text/html">&lt;p&gt;&lt;img align="middle" alt="e to the power of x sin open parentheses x close parentheses" class="Wirisformula" data-mathml="«math xmlns=¨http://www.w3.org/1998/Math/MathML¨»«msup»«mi»e«/mi»«mi»x«/mi»«/msup»«mi»sin«/mi»«mfenced»«mi»x«/mi»«/mfenced»«/math»" src="csfiles/home_dir/JMartinBb/Math Images/65cbc4bc590d76c7a1c2f022174db85e.png"&gt;&lt;/p&gt;</mattext></material></flow_mat></response_label></flow_label><flow_label class="Block"><response_label ident="QUES_42756903_42760984_A130832701"><flow_mat><material><mattext texttype="text/html">&lt;p&gt;&lt;img align="middle" alt="e to the power of x plus h end exponent sin open parentheses x plus h close parentheses minus e to the power of x sin open parentheses x close parentheses" class="Wirisformula" data-mathml="«math xmlns=¨http://www.w3.org/1998/Math/MathML¨»«msup»«mi»e«/mi»«mrow»«mi»x«/mi»«mo»+«/mo»«mi»h«/mi»«/mrow»«/msup»«mi»sin«/mi»«mfenced»«mrow»«mi»x«/mi»«mo»+«/mo»«mi»h«/mi»«/mrow»«/mfenced»«mo»-«/mo»«msup»«mi»e«/mi»«mi»x«/mi»«/msup»«mi»sin«/mi»«mfenced»«mi»x«/mi»«/mfenced»«/math»" src="csfiles/home_dir/JMartinBb/Math Images/d289a741d72762ddf6d1a0dbf79a5e23.png"&gt;&lt;/p&gt;</mattext></material></flow_mat></response_label></flow_label><flow_label class="Block"><response_label ident="QUES_42756903_42760984_A130832702"><flow_mat><material><mattext texttype="text/html">&lt;p&gt;&lt;img align="middle" alt="fraction numerator e to the power of x plus h end exponent sin open parentheses x plus h close parentheses minus e to the power of x sin open parentheses x close parentheses over denominator h end fraction" class="Wirisformula" data-mathml="«math xmlns=¨http://www.w3.org/1998/Math/MathML¨»«mfrac»«mrow»«msup»«mi»e«/mi»«mrow»«mi»x«/mi»«mo»+«/mo»«mi»h«/mi»«/mrow»«/msup»«mi»sin«/mi»«mfenced»«mrow»«mi»x«/mi»«mo»+«/mo»«mi»h«/mi»«/mrow»«/mfenced»«mo»-«/mo»«msup»«mi»e«/mi»«mi»x«/mi»«/msup»«mi»sin«/mi»«mfenced»«mi»x«/mi»«/mfenced»«/mrow»«mi»h«/mi»«/mfrac»«/math»" src="csfiles/home_dir/JMartinBb/Math Images/8ab664ee13a7e9169bc2525739147657.png"&gt;&lt;/p&gt;</mattext></material></flow_mat></response_label></flow_label><flow_label class="Block"><response_label ident="QUES_42756903_42760984_A130832703"><flow_mat><material><mattext texttype="text/html">&lt;p&gt;&lt;img align="middle" alt="e to the power of x open parentheses sin open parentheses x close parentheses plus cos open parentheses x close parentheses close parentheses" class="Wirisformula" data-mathml="«math xmlns=¨http://www.w3.org/1998/Math/MathML¨»«msup»«mi»e«/mi»«mi»x«/mi»«/msup»«mfenced»«mrow»«mi»sin«/mi»«mfenced»«mi»x«/mi»«/mfenced»«mo»+«/mo»«mi»cos«/mi»«mfenced»«mi»x«/mi»«/mfenced»«/mrow»«/mfenced»«/math»" src="csfiles/home_dir/JMartinBb/Math Images/cc8a8d4ba54a6d378910c416519c1c57.png"&gt;&lt;/p&gt;</mattext></material></flow_mat></response_label></flow_label></render_choice></response_lid></flow></presentation><resprocessing><respcondition title="Response Condition 1"><conditionvar><varequal respident="QUES_42756903_42760984_LID">QUES_42756903_42760984_A130832699</varequal></conditionvar><setvar action="Set">0.000000000</setvar><displayfeedback feedbacktype="Response" linkrefid="QUES_42756903_42760984_IF130832699" /></respcondition><respcondition title="Response Condition 2"><conditionvar><varequal respident="QUES_42756903_42760984_LID">QUES_42756903_42760984_A130832700</varequal></conditionvar><setvar action="Set">100.000000000</setvar><displayfeedback feedbacktype="Response" linkrefid="QUES_42756903_42760984_IF130832700" /></respcondition><respcondition title="Response Condition 3"><conditionvar><varequal respident="QUES_42756903_42760984_LID">QUES_42756903_42760984_A130832701</varequal></conditionvar><setvar action="Set">0.000000000</setvar><displayfeedback feedbacktype="Response" linkrefid="QUES_42756903_42760984_IF130832701" /></respcondition><respcondition title="Response Condition 4"><conditionvar><varequal respident="QUES_42756903_42760984_LID">QUES_42756903_42760984_A130832702</varequal></conditionvar><setvar action="Set">0.000000000</setvar><displayfeedback feedbacktype="Response" linkrefid="QUES_42756903_42760984_IF130832702" /></respcondition><respcondition title="Response Condition 5"><conditionvar><varequal respident="QUES_42756903_42760984_LID">QUES_42756903_42760984_A130832703</varequal></conditionvar><setvar action="Set">0.000000000</setvar><displayfeedback feedbacktype="Response" linkrefid="QUES_42756903_42760984_IF130832703" /></respcondition></resprocessing><itemfeedback ident="QUES_42756903_42760984_IF130832699"><material><mattext texttype="text/plain" /></material></itemfeedback><itemfeedback ident="QUES_42756903_42760984_IF130832700"><material><mattext texttype="text/plain" /></material></itemfeedback><itemfeedback ident="QUES_42756903_42760984_IF130832701"><material><mattext texttype="text/plain" /></material></itemfeedback><itemfeedback ident="QUES_42756903_42760984_IF130832702"><material><mattext texttype="text/plain" /></material></itemfeedback><itemfeedback ident="QUES_42756903_42760984_IF130832703"><material><mattext texttype="text/plain" /></material></itemfeedback></item><item ident="OBJ_1651097" label="QUES_42756904_42760985" d2l_2p0:page="1"><itemmetadata><qtimetadata><qti_metadatafield><fieldlabel>qmd_computerscored</fieldlabel><fieldentry>yes</fieldentry></qti_metadatafield><qti_metadatafield><fieldlabel>qmd_questiontype</fieldlabel><fieldentry>Multiple Choice</fieldentry></qti_metadatafield><qti_metadatafield><fieldlabel>qmd_weighting</fieldlabel><fieldentry>1.000000000</fieldentry></qti_metadatafield><qti_metadatafield><fieldlabel>qmd_globalid</fieldlabel><fieldentry>36f427c5-0f81-442e-98ef-d48f7638a83c</fieldentry></qti_metadatafield><qti_metadatafield><fieldlabel>qmd_displayid</fieldlabel><fieldentry>Sample Course-74103</fieldentry></qti_metadatafield></qtimetadata></itemmetadata><itemproc_extension><d2l_2p0:difficulty>3</d2l_2p0:difficulty><d2l_2p0:isbonus>no</d2l_2p0:isbonus><d2l_2p0:ismandatory>yes</d2l_2p0:ismandatory></itemproc_extension><presentation><flow><material><mattext texttype="text/html">&lt;p&gt;&lt;span style="font-size: 14pt; font-family: 'Avenir Next', sans-serif; color: #292b2c; background-image: initial; background-position: initial; background-size: initial; background-repeat: initial; background-attachment: initial; background-origin: initial; background-clip: initial;"&gt;Which of the following statements represent the meaning of&amp;nbsp;&lt;img align="middle" alt="f apostrophe open parentheses 4.2 close parentheses equals 1.7" class="Wirisformula" data-mathml="«math xmlns=¨http://www.w3.org/1998/Math/MathML¨»«mi»f«/mi»«mo»`«/mo»«mfenced»«mrow»«mn»4«/mn»«mo».«/mo»«mn»2«/mn»«/mrow»«/mfenced»«mo»=«/mo»«mn»1«/mn»«mo».«/mo»«mn»7«/mn»«/math»" src="csfiles/home_dir/JMartinBb/Math Images/0ff9fe9e06cb5984e22c1b781f6f159a.png"&gt;?&lt;/span&gt;&lt;/p&gt;  &lt;ol style="list-style-type: upper-roman;"&gt;   &lt;li&gt;&lt;span style="font-size: 14pt; font-family: 'Avenir Next', sans-serif; color: #292b2c; background-image: initial; background-position: initial; background-size: initial; background-repeat: initial; background-attachment: initial; background-origin: initial; background-clip: initial;"&gt;The slope of the line tangent to the graph of&amp;nbsp;&lt;img align="middle" alt="y equals f open parentheses x close parentheses" class="Wirisformula" data-mathml="«math xmlns=¨http://www.w3.org/1998/Math/MathML¨»«mi»y«/mi»«mo»=«/mo»«mi»f«/mi»«mfenced»«mi»x«/mi»«/mfenced»«/math»" src="csfiles/home_dir/JMartinBb/Math Images/0b9e38f36202288ad6a6ba18e99a69b5.png"&gt;&amp;nbsp;at&amp;nbsp;&lt;img align="middle" alt="x equals 4.2" class="Wirisformula" data-mathml="«math xmlns=¨http://www.w3.org/1998/Math/MathML¨»«mi»x«/mi»«mo»=«/mo»«mn»4«/mn»«mo».«/mo»«mn»2«/mn»«/math»" src="csfiles/home_dir/JMartinBb/Math Images/4e646617e768bc567ee23ba6a2218559.png"&gt;&amp;nbsp;is&amp;nbsp;&lt;img align="middle" alt="1.7" class="Wirisformula" data-mathml="«math xmlns=¨http://www.w3.org/1998/Math/MathML¨»«mn»1«/mn»«mo».«/mo»«mn»7«/mn»«/math»" src="csfiles/home_dir/JMartinBb/Math Images/fc74ed30e4bc0b88fcb3befedb50132f.png"&gt;.&lt;/span&gt;&lt;/li&gt;   &lt;li&gt;&lt;span style="font-size: 14pt; font-family: 'Avenir Next', sans-serif; color: #292b2c; background-image: initial; background-position: initial; background-size: initial; background-repeat: initial; background-attachment: initial; background-origin: initial; background-clip: initial;"&gt;As&amp;nbsp;&lt;img align="middle" alt="x" class="Wirisformula" data-mathml="«math xmlns=¨http://www.w3.org/1998/Math/MathML¨»«mi»x«/mi»«/math»" src="csfiles/home_dir/JMartinBb/Math Images/0906011f3a5875232c2aad39e52caca7.png"&gt;&amp;nbsp;increases by&amp;nbsp;&lt;img align="middle" alt="1" class="Wirisformula" data-mathml="«math xmlns=¨http://www.w3.org/1998/Math/MathML¨»«mn»1«/mn»«/math»" src="csfiles/home_dir/JMartinBb/Math Images/a420e81229899f17233e24ae04243330.png"&gt;&amp;nbsp;from&amp;nbsp;&lt;img align="middle" alt="x equals 4.2" class="Wirisformula" data-mathml="«math xmlns=¨http://www.w3.org/1998/Math/MathML¨»«mi»x«/mi»«mo»=«/mo»«mn»4«/mn»«mo».«/mo»«mn»2«/mn»«/math»" src="csfiles/home_dir/JMartinBb/Math Images/4e646617e768bc567ee23ba6a2218559(1).png"&gt;,&amp;nbsp;&lt;img align="middle" alt="f open parentheses x close parentheses" class="Wirisformula" data-mathml="«math xmlns=¨http://www.w3.org/1998/Math/MathML¨»«mi»f«/mi»«mfenced»«mi»x«/mi»«/mfenced»«/math»" src="csfiles/home_dir/JMartinBb/Math Images/93bb48e8b5c04a99f18c2495008c0552.png"&gt;&amp;nbsp;increases by&amp;nbsp;&lt;img align="middle" alt="1.7" class="Wirisformula" data-mathml="«math xmlns=¨http://www.w3.org/1998/Math/MathML¨»«mn»1«/mn»«mo».«/mo»«mn»7«/mn»«/math»" src="csfiles/home_dir/JMartinBb/Math Images/fc74ed30e4bc0b88fcb3befedb50132f(3).png"&gt;.&lt;/span&gt;&lt;/li&gt;   &lt;li&gt;&lt;span style="font-size: 14pt; font-family: 'Avenir Next', sans-serif; color: #292b2c; background-image: initial; background-position: initial; background-size: initial; background-repeat: initial; background-attachment: initial; background-origin: initial; background-clip: initial;"&gt;&lt;/span&gt;&lt;span style="font-size: 14pt; font-family: 'Avenir Next', sans-serif; color: #292b2c; background-image: initial; background-position: initial; background-size: initial; background-repeat: initial; background-attachment: initial; background-origin: initial; background-clip: initial;"&gt;The limiting value of the average rate of change of &lt;img align="middle" alt="f" class="Wirisformula" data-mathml="«math xmlns=¨http://www.w3.org/1998/Math/MathML¨»«mi»f«/mi»«/math»" src="csfiles/home_dir/JMartinBb/Math Images/e74677a41edb7b76a823e253378fbc2e(2).png"&gt;&amp;nbsp;over the interval&amp;nbsp;&lt;img align="middle" alt="open square brackets 4.2 comma space 4.2 plus increment x close square brackets" class="Wirisformula" data-mathml="«math xmlns=¨http://www.w3.org/1998/Math/MathML¨»«mfenced open=¨[¨ close=¨]¨»«mrow»«mn»4«/mn»«mo».«/mo»«mn»2«/mn»«mo»,«/mo»«mo»§#160;«/mo»«mn»4«/mn»«mo».«/mo»«mn»2«/mn»«mo»+«/mo»«mo»§#8710;«/mo»«mi»x«/mi»«/mrow»«/mfenced»«/math»" src="csfiles/home_dir/JMartinBb/Math Images/8b832080650c9253dc9b9566d2a60f27.png"&gt;&amp;nbsp;as&amp;nbsp;&lt;img align="middle" alt="increment x" class="Wirisformula" data-mathml="«math xmlns=¨http://www.w3.org/1998/Math/MathML¨»«mo»§#8710;«/mo»«mi»x«/mi»«/math»" src="csfiles/home_dir/JMartinBb/Math Images/d3f91027daf414934927554564cce60c.png"&gt;&amp;nbsp;approaches zero is&amp;nbsp;&lt;img align="middle" alt="1.7" class="Wirisformula" data-mathml="«math xmlns=¨http://www.w3.org/1998/Math/MathML¨»«mn»1«/mn»«mo».«/mo»«mn»7«/mn»«/math»" src="csfiles/home_dir/JMartinBb/Math Images/fc74ed30e4bc0b88fcb3befedb50132f(3).png"&gt;.&lt;span style="color: #292b2c; font-family: 'Avenir Next', sans-serif; font-size: 18.6667px; font-style: normal; font-variant-ligatures: normal; font-variant-caps: normal; font-weight: 400; letter-spacing: normal; orphans: 2; text-align: left; text-indent: 0px; text-transform: none; white-space: normal; widows: 2; word-spacing: 0px; -webkit-text-stroke-width: 0px; background-color: #ffffff; text-decoration-style: initial; text-decoration-color: initial; display: inline !important; float: none;"&gt;&lt;br&gt;&lt;/span&gt;&lt;/span&gt;&lt;/li&gt;  &lt;/ol&gt;</mattext></material><response_extension><d2l_2p0:display_style>2</d2l_2p0:display_style><d2l_2p0:enumeration>6</d2l_2p0:enumeration><d2l_2p0:grading_type>0</d2l_2p0:grading_type></response_extension><response_lid ident="QUES_42756904_42760985_LID" rcardinality="Single"><render_choice shuffle="no"><flow_label class="Block"><response_label ident="QUES_42756904_42760985_A130832704"><flow_mat><material><mattext texttype="text/html">&lt;p&gt;&lt;span style="font-size: 14.0pt; font-family: 'Avenir Next',sans-serif;"&gt;I.&amp;nbsp;only&lt;/span&gt;&lt;/p&gt;</mattext></material></flow_mat></response_label></flow_label><flow_label class="Block"><response_label ident="QUES_42756904_42760985_A130832705"><flow_mat><material><mattext texttype="text/html">&lt;p&gt;&lt;span style="font-size: 14.0pt; font-family: 'Avenir Next',sans-serif;"&gt;II.&amp;nbsp;only&lt;/span&gt;&lt;/p&gt;</mattext></material></flow_mat></response_label></flow_label><flow_label class="Block"><response_label ident="QUES_42756904_42760985_A130832706"><flow_mat><material><mattext texttype="text/html">&lt;p&gt;&lt;span style="font-size: 14.0pt; font-family: 'Avenir Next',sans-serif;"&gt;III. only&lt;/span&gt;&lt;/p&gt;</mattext></material></flow_mat></response_label></flow_label><flow_label class="Block"><response_label ident="QUES_42756904_42760985_A130832707"><flow_mat><material><mattext texttype="text/html">&lt;p&gt;&lt;span style="font-size: 14.0pt; font-family: 'Avenir Next',sans-serif;"&gt;I.&amp;nbsp;and II.&amp;nbsp;only&lt;/span&gt;&lt;/p&gt;</mattext></material></flow_mat></response_label></flow_label><flow_label class="Block"><response_label ident="QUES_42756904_42760985_A130832708"><flow_mat><material><mattext texttype="text/html">&lt;p&gt;&lt;span style="font-size: 14.0pt; font-family: 'Avenir Next',sans-serif;"&gt;I. and III. only&lt;/span&gt;&lt;/p&gt;</mattext></material></flow_mat></response_label></flow_label><flow_label class="Block"><response_label ident="QUES_42756904_42760985_A130832709"><flow_mat><material><mattext texttype="text/html">&lt;p&gt;&lt;span style="color: #000000; font-family: 'Avenir Next', sans-serif; font-size: 18.6667px; font-style: normal; font-variant-ligatures: normal; font-variant-caps: normal; font-weight: 400; letter-spacing: normal; orphans: 2; text-align: start; text-indent: 0px; text-transform: none; white-space: normal; widows: 2; word-spacing: 0px; -webkit-text-stroke-width: 0px; text-decoration-style: initial; text-decoration-color: initial; float: none; display: inline !important;"&gt;I.,&amp;nbsp;II.,&amp;nbsp;and III.&lt;/span&gt;&lt;span style="color: #000000; font-family: 'Avenir Next', sans-serif; font-size: 18.6667px; font-style: normal; font-variant-ligatures: normal; font-variant-caps: normal; font-weight: 400; letter-spacing: normal; orphans: 2; text-align: start; text-indent: 0px; text-transform: none; white-space: normal; widows: 2; word-spacing: 0px; -webkit-text-stroke-width: 0px; background-color: #ffffff; text-decoration-style: initial; text-decoration-color: initial; display: inline !important; float: none;"&gt;&lt;br&gt;&lt;/span&gt;&lt;/p&gt;</mattext></material></flow_mat></response_label></flow_label></render_choice></response_lid></flow></presentation><resprocessing><respcondition title="Response Condition 1"><conditionvar><varequal respident="QUES_42756904_42760985_LID">QUES_42756904_42760985_A130832704</varequal></conditionvar><setvar action="Set">0.000000000</setvar><displayfeedback feedbacktype="Response" linkrefid="QUES_42756904_42760985_IF130832704" /></respcondition><respcondition title="Response Condition 2"><conditionvar><varequal respident="QUES_42756904_42760985_LID">QUES_42756904_42760985_A130832705</varequal></conditionvar><setvar action="Set">0.000000000</setvar><displayfeedback feedbacktype="Response" linkrefid="QUES_42756904_42760985_IF130832705" /></respcondition><respcondition title="Response Condition 3"><conditionvar><varequal respident="QUES_42756904_42760985_LID">QUES_42756904_42760985_A130832706</varequal></conditionvar><setvar action="Set">0.000000000</setvar><displayfeedback feedbacktype="Response" linkrefid="QUES_42756904_42760985_IF130832706" /></respcondition><respcondition title="Response Condition 4"><conditionvar><varequal respident="QUES_42756904_42760985_LID">QUES_42756904_42760985_A130832707</varequal></conditionvar><setvar action="Set">0.000000000</setvar><displayfeedback feedbacktype="Response" linkrefid="QUES_42756904_42760985_IF130832707" /></respcondition><respcondition title="Response Condition 5"><conditionvar><varequal respident="QUES_42756904_42760985_LID">QUES_42756904_42760985_A130832708</varequal></conditionvar><setvar action="Set">100.000000000</setvar><displayfeedback feedbacktype="Response" linkrefid="QUES_42756904_42760985_IF130832708" /></respcondition><respcondition title="Response Condition 6"><conditionvar><varequal respident="QUES_42756904_42760985_LID">QUES_42756904_42760985_A130832709</varequal></conditionvar><setvar action="Set">0.000000000</setvar><displayfeedback feedbacktype="Response" linkrefid="QUES_42756904_42760985_IF130832709" /></respcondition></resprocessing><itemfeedback ident="QUES_42756904_42760985_IF130832704"><material><mattext texttype="text/plain" /></material></itemfeedback><itemfeedback ident="QUES_42756904_42760985_IF130832705"><material><mattext texttype="text/plain" /></material></itemfeedback><itemfeedback ident="QUES_42756904_42760985_IF130832706"><material><mattext texttype="text/plain" /></material></itemfeedback><itemfeedback ident="QUES_42756904_42760985_IF130832707"><material><mattext texttype="text/plain" /></material></itemfeedback><itemfeedback ident="QUES_42756904_42760985_IF130832708"><material><mattext texttype="text/plain" /></material></itemfeedback><itemfeedback ident="QUES_42756904_42760985_IF130832709"><material><mattext texttype="text/plain" /></material></itemfeedback></item></section></assessment></questestinterop>