﻿<?xml version="1.0" encoding="UTF-8"?><questestinterop xmlns:d2l_2p0="http://desire2learn.com/xsd/d2lcp_v2p0"><assessment d2l_2p0:id="448" title="Graphing Constant Rates of Change Task" ident="res_quiz_122403" d2l_2p0:resource_code="ef9e56cc46d3486a98963923-128"><rubric><flow_mat><material><mattext d2l_2p0:isdisplayed="no" texttype="text/html" /></material></flow_mat></rubric><assessmentcontrol hintswitch="no" solutionswitch="yes" feedbackswitch="no" /><presentation_material><flow_mat><material label="page header"><mattext d2l_2p0:isdisplayed="no" texttype="text/html" /></material><material label="page footer"><mattext d2l_2p0:isdisplayed="no" texttype="text/html" /></material></flow_mat></presentation_material><assess_procextension><d2l_2p0:intro_message d2l_2p0:isdisplayed="yes" texttype="text/html">&lt;p&gt;Respondus&lt;/p&gt;</d2l_2p0:intro_message><d2l_2p0:disable_right_click>no</d2l_2p0:disable_right_click><d2l_2p0:disable_pager_access>no</d2l_2p0:disable_pager_access><is_active>yes</is_active><d2l_2p0:date_start /><d2l_2p0:date_end /><d2l_2p0:date_due /><d2l_2p0:has_schedule_event>no</d2l_2p0:has_schedule_event><d2l_2p0:is_attempt_Rldb>no</d2l_2p0:is_attempt_Rldb><d2l_2p0:is_subview_Rldb>no</d2l_2p0:is_subview_Rldb><d2l_2p0:time_limit>120</d2l_2p0:time_limit><d2l_2p0:show_clock>yes</d2l_2p0:show_clock><d2l_2p0:enforce_time_limit>yes</d2l_2p0:enforce_time_limit><d2l_2p0:grace_period>5</d2l_2p0:grace_period><d2l_2p0:late_limit>0</d2l_2p0:late_limit><d2l_2p0:attempts_allowed>3</d2l_2p0:attempts_allowed><d2l_2p0:attempt_restrictions /><d2l_2p0:mark_calculation_type>1</d2l_2p0:mark_calculation_type><d2l_2p0:is_forward_only>no</d2l_2p0:is_forward_only></assess_procextension><assessfeedback title=""><rubric><flow_mat><material><mattext texttype="yes">Your quiz has been submitted successfully.</mattext></material></flow_mat></rubric><d2l_2p0:duration>0</d2l_2p0:duration><d2l_2p0:response_display_type_id>1</d2l_2p0:response_display_type_id><d2l_2p0:show_correct_answers>no</d2l_2p0:show_correct_answers><d2l_2p0:submission_restrictip>no</d2l_2p0:submission_restrictip><d2l_2p0:show_class_average>no</d2l_2p0:show_class_average><d2l_2p0:show_score_distribution>no</d2l_2p0:show_score_distribution></assessfeedback><section ident="CONTAINER_SECTION"><item ident="OBJ_1651158" label="QUES_42756965_42761187" d2l_2p0:page="1"><itemmetadata><qtimetadata><qti_metadatafield><fieldlabel>qmd_computerscored</fieldlabel><fieldentry>yes</fieldentry></qti_metadatafield><qti_metadatafield><fieldlabel>qmd_questiontype</fieldlabel><fieldentry>Multiple Choice</fieldentry></qti_metadatafield><qti_metadatafield><fieldlabel>qmd_weighting</fieldlabel><fieldentry>1.000000000</fieldentry></qti_metadatafield><qti_metadatafield><fieldlabel>qmd_globalid</fieldlabel><fieldentry>d7451fe0-08e6-488e-80d2-33c8e29baaa0</fieldentry></qti_metadatafield><qti_metadatafield><fieldlabel>qmd_displayid</fieldlabel><fieldentry>Sample Course-74164</fieldentry></qti_metadatafield></qtimetadata></itemmetadata><itemproc_extension><d2l_2p0:difficulty>3</d2l_2p0:difficulty><d2l_2p0:isbonus>no</d2l_2p0:isbonus><d2l_2p0:ismandatory>yes</d2l_2p0:ismandatory></itemproc_extension><presentation><flow><material><mattext texttype="text/html">&lt;p&gt;&lt;span style="font-family: 'Arial';"&gt;Answer the question based on the video in the link below&lt;br /&gt;&lt;/span&gt;&lt;span style="font-family: 'Arial';"&gt;&lt;iframe src="https://www.youtube.com/embed/YxjL1fWmUvQ?feature=oembed&amp;amp;wmode=opaque&amp;amp;rel=0" width="500" height="375" frameborder="0" allowfullscreen=""&gt;&lt;/iframe&gt;&lt;br /&gt;What will the graph of the cow's height off the ground, as a function of total distance traveled look like? &lt;/span&gt;&lt;/p&gt;</mattext></material><response_extension><d2l_2p0:display_style>2</d2l_2p0:display_style><d2l_2p0:enumeration>6</d2l_2p0:enumeration><d2l_2p0:grading_type>0</d2l_2p0:grading_type></response_extension><response_lid ident="QUES_42756965_42761187_LID" rcardinality="Single"><render_choice shuffle="no"><flow_label class="Block"><response_label ident="QUES_42756965_42761187_A130833848"><flow_mat><material><mattext texttype="text/html">&lt;span style="font-family:'Arial';"&gt;&lt;IMG src="ppg/respondus/Graphing_Constant_Rates_Of_Change_Task_BB_Test/in1.png" alt="image" align="bottom" border=0&gt;&lt;/span&gt;</mattext></material></flow_mat></response_label></flow_label><flow_label class="Block"><response_label ident="QUES_42756965_42761187_A130833849"><flow_mat><material><mattext texttype="text/html">&lt;span style="font-family:'Arial';"&gt;&lt;IMG src="ppg/respondus/Graphing_Constant_Rates_Of_Change_Task_BB_Test/in2.png" alt="image" align="bottom" border=0&gt;&lt;/span&gt;</mattext></material></flow_mat></response_label></flow_label><flow_label class="Block"><response_label ident="QUES_42756965_42761187_A130833850"><flow_mat><material><mattext texttype="text/html">&lt;span style="font-family:'Arial';"&gt;&lt;IMG src="ppg/respondus/Graphing_Constant_Rates_Of_Change_Task_BB_Test/in3.png" alt="image" align="bottom" border=0&gt;&lt;/span&gt;</mattext></material></flow_mat></response_label></flow_label><flow_label class="Block"><response_label ident="QUES_42756965_42761187_A130833851"><flow_mat><material><mattext texttype="text/html">&lt;span style="font-family:'Arial';"&gt;&lt;IMG src="ppg/respondus/Graphing_Constant_Rates_Of_Change_Task_BB_Test/in4.png" alt="image" align="bottom" border=0&gt;&lt;/span&gt;</mattext></material></flow_mat></response_label></flow_label><flow_label class="Block"><response_label ident="QUES_42756965_42761187_A130833852"><flow_mat><material><mattext texttype="text/html">&lt;span style="font-family:'Arial';"&gt;&lt;IMG src="ppg/respondus/Graphing_Constant_Rates_Of_Change_Task_BB_Test/inc.png" alt="image" align="bottom" border=0&gt;&lt;/span&gt;</mattext></material></flow_mat></response_label></flow_label></render_choice></response_lid></flow></presentation><resprocessing><respcondition title="Response Condition 1"><conditionvar><varequal respident="QUES_42756965_42761187_LID">QUES_42756965_42761187_A130833848</varequal></conditionvar><setvar action="Set">0.000000000</setvar><displayfeedback feedbacktype="Response" linkrefid="QUES_42756965_42761187_IF130833848" /></respcondition><respcondition title="Response Condition 2"><conditionvar><varequal respident="QUES_42756965_42761187_LID">QUES_42756965_42761187_A130833849</varequal></conditionvar><setvar action="Set">0.000000000</setvar><displayfeedback feedbacktype="Response" linkrefid="QUES_42756965_42761187_IF130833849" /></respcondition><respcondition title="Response Condition 3"><conditionvar><varequal respident="QUES_42756965_42761187_LID">QUES_42756965_42761187_A130833850</varequal></conditionvar><setvar action="Set">0.000000000</setvar><displayfeedback feedbacktype="Response" linkrefid="QUES_42756965_42761187_IF130833850" /></respcondition><respcondition title="Response Condition 4"><conditionvar><varequal respident="QUES_42756965_42761187_LID">QUES_42756965_42761187_A130833851</varequal></conditionvar><setvar action="Set">0.000000000</setvar><displayfeedback feedbacktype="Response" linkrefid="QUES_42756965_42761187_IF130833851" /></respcondition><respcondition title="Response Condition 5"><conditionvar><varequal respident="QUES_42756965_42761187_LID">QUES_42756965_42761187_A130833852</varequal></conditionvar><setvar action="Set">100.000000000</setvar><displayfeedback feedbacktype="Response" linkrefid="QUES_42756965_42761187_IF130833852" /></respcondition></resprocessing><itemfeedback ident="QUES_42756965_42761187_IF130833848"><material><mattext texttype="text/plain" /></material></itemfeedback><itemfeedback ident="QUES_42756965_42761187_IF130833849"><material><mattext texttype="text/plain" /></material></itemfeedback><itemfeedback ident="QUES_42756965_42761187_IF130833850"><material><mattext texttype="text/plain" /></material></itemfeedback><itemfeedback ident="QUES_42756965_42761187_IF130833851"><material><mattext texttype="text/plain" /></material></itemfeedback><itemfeedback ident="QUES_42756965_42761187_IF130833852"><material><mattext texttype="text/plain" /></material></itemfeedback></item></section></assessment></questestinterop>