﻿<?xml version="1.0" encoding="UTF-8"?><questestinterop xmlns:d2l_2p0="http://desire2learn.com/xsd/d2lcp_v2p0"><assessment d2l_2p0:id="456" title="Riemann Sums Introduction PostVideo Questions" ident="res_quiz_122411" d2l_2p0:resource_code="ef9e56cc46d3486a98963923-136"><rubric><flow_mat><material><mattext d2l_2p0:isdisplayed="no" texttype="text/html" /></material></flow_mat></rubric><assessmentcontrol hintswitch="no" solutionswitch="yes" feedbackswitch="no" /><presentation_material><flow_mat><material label="page header"><mattext d2l_2p0:isdisplayed="no" texttype="text/html" /></material><material label="page footer"><mattext d2l_2p0:isdisplayed="no" texttype="text/html" /></material></flow_mat></presentation_material><assess_procextension><d2l_2p0:intro_message d2l_2p0:isdisplayed="yes" texttype="text/html">Respondus</d2l_2p0:intro_message><d2l_2p0:disable_right_click>no</d2l_2p0:disable_right_click><d2l_2p0:disable_pager_access>no</d2l_2p0:disable_pager_access><is_active>yes</is_active><d2l_2p0:date_start /><d2l_2p0:date_end /><d2l_2p0:date_due /><d2l_2p0:has_schedule_event>no</d2l_2p0:has_schedule_event><d2l_2p0:is_attempt_Rldb>no</d2l_2p0:is_attempt_Rldb><d2l_2p0:is_subview_Rldb>no</d2l_2p0:is_subview_Rldb><d2l_2p0:time_limit>120</d2l_2p0:time_limit><d2l_2p0:show_clock>yes</d2l_2p0:show_clock><d2l_2p0:enforce_time_limit>yes</d2l_2p0:enforce_time_limit><d2l_2p0:grace_period>5</d2l_2p0:grace_period><d2l_2p0:late_limit>0</d2l_2p0:late_limit><d2l_2p0:attempts_allowed>3</d2l_2p0:attempts_allowed><d2l_2p0:attempt_restrictions /><d2l_2p0:mark_calculation_type>1</d2l_2p0:mark_calculation_type><d2l_2p0:is_forward_only>no</d2l_2p0:is_forward_only></assess_procextension><assessfeedback title=""><rubric><flow_mat><material><mattext texttype="yes">Your quiz has been submitted successfully.</mattext></material></flow_mat></rubric><d2l_2p0:duration>0</d2l_2p0:duration><d2l_2p0:response_display_type_id>1</d2l_2p0:response_display_type_id><d2l_2p0:show_correct_answers>no</d2l_2p0:show_correct_answers><d2l_2p0:submission_restrictip>no</d2l_2p0:submission_restrictip><d2l_2p0:show_class_average>no</d2l_2p0:show_class_average><d2l_2p0:show_score_distribution>no</d2l_2p0:show_score_distribution></assessfeedback><section ident="CONTAINER_SECTION"><item ident="OBJ_1651174" label="QUES_42756981_42761062" d2l_2p0:page="1"><itemmetadata><qtimetadata><qti_metadatafield><fieldlabel>qmd_computerscored</fieldlabel><fieldentry>yes</fieldentry></qti_metadatafield><qti_metadatafield><fieldlabel>qmd_questiontype</fieldlabel><fieldentry>Multiple Choice</fieldentry></qti_metadatafield><qti_metadatafield><fieldlabel>qmd_weighting</fieldlabel><fieldentry>1.000000000</fieldentry></qti_metadatafield><qti_metadatafield><fieldlabel>qmd_globalid</fieldlabel><fieldentry>1cd56375-3cd0-49be-813f-f13c8c52afc9</fieldentry></qti_metadatafield><qti_metadatafield><fieldlabel>qmd_displayid</fieldlabel><fieldentry>Sample Course-74180</fieldentry></qti_metadatafield></qtimetadata></itemmetadata><itemproc_extension><d2l_2p0:difficulty>3</d2l_2p0:difficulty><d2l_2p0:isbonus>no</d2l_2p0:isbonus><d2l_2p0:ismandatory>yes</d2l_2p0:ismandatory></itemproc_extension><presentation><flow><material><mattext texttype="text/html">&lt;!--RsQ_001--&gt;&lt;span style="font-family:'Arial';"&gt;Li is out for a bike ride. He starts his ride from a bike shop. The function &lt;/span&gt;&lt;span style="font-family:'Arial'; color:#000000;"&gt;&lt;IMG src="ppg/respondus/Riemann_Sums_Intro_Post_BB_Test/eq_061c81.gif" alt="equation" border=0 align="absmiddle"&gt;&lt;/span&gt;&lt;span style="font-family:'Arial';"&gt; expresses the relationship between Li's velocity (in meters per minute) as he bikes and the number of minutes &lt;/span&gt;&lt;span style="font-family:'Arial'; color:#000000;"&gt;&lt;IMG src="ppg/respondus/Riemann_Sums_Intro_Post_BB_Test/eq_061ca1.gif" alt="equation" border=0 align="absmiddle"&gt;&lt;/span&gt;&lt;span style="font-family:'Arial';"&gt; elapsed since he started biking.&lt;br&gt;What does the product &lt;/span&gt;&lt;span style="font-family:'Arial'; color:#000000;"&gt;&lt;IMG src="ppg/respondus/Riemann_Sums_Intro_Post_BB_Test/eq_061cc0.gif" alt="equation" border=0 align="absmiddle"&gt;&lt;/span&gt;&lt;span style="font-family:'Arial';"&gt; approximate? &lt;/span&gt;</mattext></material><response_extension><d2l_2p0:display_style>2</d2l_2p0:display_style><d2l_2p0:enumeration>6</d2l_2p0:enumeration><d2l_2p0:grading_type>0</d2l_2p0:grading_type></response_extension><response_lid ident="QUES_42756981_42761062_LID" rcardinality="Single"><render_choice shuffle="no"><flow_label class="Block"><response_label ident="QUES_42756981_42761062_A130833152"><flow_mat><material><mattext texttype="text/html">&lt;span style="font-family:'Arial';"&gt;The average rate of change of Li's velocity over a particular &lt;/span&gt;&lt;span style="font-family:'Arial'; color:#000000;"&gt;&lt;IMG src="ppg/respondus/Riemann_Sums_Intro_Post_BB_Test/eq_061cdf.gif" alt="equation" border=0 align="absmiddle"&gt;&lt;/span&gt;&lt;span style="font-family:'Arial';"&gt; interval. &lt;/span&gt;</mattext></material></flow_mat></response_label></flow_label><flow_label class="Block"><response_label ident="QUES_42756981_42761062_A130833153"><flow_mat><material><mattext texttype="text/html">&lt;span style="font-family:'Arial';"&gt;The change in Li's distance away from the bike shop over a particular &lt;/span&gt;&lt;span style="font-family:'Arial'; color:#000000;"&gt;&lt;IMG src="ppg/respondus/Riemann_Sums_Intro_Post_BB_Test/eq_061cf1.gif" alt="equation" border=0 align="absmiddle"&gt;&lt;/span&gt;&lt;span style="font-family:'Arial';"&gt; interval. &lt;/span&gt;</mattext></material></flow_mat></response_label></flow_label><flow_label class="Block"><response_label ident="QUES_42756981_42761062_A130833154"><flow_mat><material><mattext texttype="text/html">&lt;span style="font-family:'Arial';"&gt;Li's instantaneous velocity at a particular moment in time. &lt;/span&gt;</mattext></material></flow_mat></response_label></flow_label><flow_label class="Block"><response_label ident="QUES_42756981_42761062_A130833155"><flow_mat><material><mattext texttype="text/html">&lt;span style="font-family:'Arial';"&gt;Li's acceleration over a particular &lt;/span&gt;&lt;span style="font-family:'Arial'; color:#000000;"&gt;&lt;IMG src="ppg/respondus/Riemann_Sums_Intro_Post_BB_Test/eq_061daa.gif" alt="equation" border=0 align="absmiddle"&gt;&lt;/span&gt;&lt;span style="font-family:'Arial';"&gt; interval.&lt;/span&gt;</mattext></material></flow_mat></response_label></flow_label><flow_label class="Block"><response_label ident="QUES_42756981_42761062_A130833156"><flow_mat><material><mattext texttype="text/html">&lt;span style="font-family:'Arial';"&gt;Li's distance away from the bike shop after having run for &lt;/span&gt;&lt;span style="font-family:'Arial'; color:#000000;"&gt;&lt;IMG src="ppg/respondus/Riemann_Sums_Intro_Post_BB_Test/eq_06235b.gif" alt="equation" border=0 align="absmiddle"&gt;&lt;/span&gt;&lt;span style="font-family:'Arial';"&gt; minutes.&lt;/span&gt;</mattext></material></flow_mat></response_label></flow_label></render_choice></response_lid></flow></presentation><resprocessing><respcondition title="Response Condition 1"><conditionvar><varequal respident="QUES_42756981_42761062_LID">QUES_42756981_42761062_A130833152</varequal></conditionvar><setvar action="Set">0.000000000</setvar><displayfeedback feedbacktype="Response" linkrefid="QUES_42756981_42761062_IF130833152" /></respcondition><respcondition title="Response Condition 2"><conditionvar><varequal respident="QUES_42756981_42761062_LID">QUES_42756981_42761062_A130833153</varequal></conditionvar><setvar action="Set">100.000000000</setvar><displayfeedback feedbacktype="Response" linkrefid="QUES_42756981_42761062_IF130833153" /></respcondition><respcondition title="Response Condition 3"><conditionvar><varequal respident="QUES_42756981_42761062_LID">QUES_42756981_42761062_A130833154</varequal></conditionvar><setvar action="Set">0.000000000</setvar><displayfeedback feedbacktype="Response" linkrefid="QUES_42756981_42761062_IF130833154" /></respcondition><respcondition title="Response Condition 4"><conditionvar><varequal respident="QUES_42756981_42761062_LID">QUES_42756981_42761062_A130833155</varequal></conditionvar><setvar action="Set">0.000000000</setvar><displayfeedback feedbacktype="Response" linkrefid="QUES_42756981_42761062_IF130833155" /></respcondition><respcondition title="Response Condition 5"><conditionvar><varequal respident="QUES_42756981_42761062_LID">QUES_42756981_42761062_A130833156</varequal></conditionvar><setvar action="Set">0.000000000</setvar><displayfeedback feedbacktype="Response" linkrefid="QUES_42756981_42761062_IF130833156" /></respcondition></resprocessing><itemfeedback ident="QUES_42756981_42761062_IF130833152"><material><mattext texttype="text/plain" /></material></itemfeedback><itemfeedback ident="QUES_42756981_42761062_IF130833153"><material><mattext texttype="text/plain" /></material></itemfeedback><itemfeedback ident="QUES_42756981_42761062_IF130833154"><material><mattext texttype="text/plain" /></material></itemfeedback><itemfeedback ident="QUES_42756981_42761062_IF130833155"><material><mattext texttype="text/plain" /></material></itemfeedback><itemfeedback ident="QUES_42756981_42761062_IF130833156"><material><mattext texttype="text/plain" /></material></itemfeedback></item><item ident="OBJ_1651175" label="QUES_42756982_42761063" d2l_2p0:page="1"><itemmetadata><qtimetadata><qti_metadatafield><fieldlabel>qmd_computerscored</fieldlabel><fieldentry>yes</fieldentry></qti_metadatafield><qti_metadatafield><fieldlabel>qmd_questiontype</fieldlabel><fieldentry>Multiple Choice</fieldentry></qti_metadatafield><qti_metadatafield><fieldlabel>qmd_weighting</fieldlabel><fieldentry>1.000000000</fieldentry></qti_metadatafield><qti_metadatafield><fieldlabel>qmd_globalid</fieldlabel><fieldentry>a17f5b35-759a-4bca-b9c8-2fa3b1effa04</fieldentry></qti_metadatafield><qti_metadatafield><fieldlabel>qmd_displayid</fieldlabel><fieldentry>Sample Course-74181</fieldentry></qti_metadatafield></qtimetadata></itemmetadata><itemproc_extension><d2l_2p0:difficulty>3</d2l_2p0:difficulty><d2l_2p0:isbonus>no</d2l_2p0:isbonus><d2l_2p0:ismandatory>yes</d2l_2p0:ismandatory></itemproc_extension><presentation><flow><material><mattext texttype="text/html">&lt;!--RsQ_002--&gt;&lt;span style="font-family:'Arial';"&gt;Li is out for a bike ride. He starts his ride from a bike shop. The function &lt;/span&gt;&lt;span style="font-family:'Arial'; color:#000000;"&gt;&lt;IMG src="ppg/respondus/Riemann_Sums_Intro_Post_BB_Test/eq_061c81aa.gif" alt="equation" border=0 align="absmiddle"&gt;&lt;/span&gt;&lt;span style="font-family:'Arial';"&gt; expresses the relationship between Li's velocity (in meters per minute) as he bikes and the number of minutes &lt;/span&gt;&lt;span style="font-family:'Arial'; color:#000000;"&gt;&lt;IMG src="ppg/respondus/Riemann_Sums_Intro_Post_BB_Test/eq_061ca1aa.gif" alt="equation" border=0 align="absmiddle"&gt;&lt;/span&gt;&lt;span style="font-family:'Arial';"&gt; elapsed since he started biking.&lt;br&gt;What does the sum &lt;/span&gt;&lt;span style="font-family:'Arial'; color:#000000;"&gt;&lt;IMG src="ppg/respondus/Riemann_Sums_Intro_Post_BB_Test/eq_061f08.gif" alt="equation" border=0 align="absmiddle"&gt;&lt;/span&gt;&lt;span style="font-family:'Arial';"&gt; approximate? &lt;/span&gt;</mattext></material><response_extension><d2l_2p0:display_style>2</d2l_2p0:display_style><d2l_2p0:enumeration>6</d2l_2p0:enumeration><d2l_2p0:grading_type>0</d2l_2p0:grading_type></response_extension><response_lid ident="QUES_42756982_42761063_LID" rcardinality="Single"><render_choice shuffle="no"><flow_label class="Block"><response_label ident="QUES_42756982_42761063_A130833157"><flow_mat><material><mattext texttype="text/html">&lt;span style="font-family:'Arial';"&gt;Li's distance away from the bike shop after having biked for 2.5 minutes &lt;/span&gt;</mattext></material></flow_mat></response_label></flow_label><flow_label class="Block"><response_label ident="QUES_42756982_42761063_A130833158"><flow_mat><material><mattext texttype="text/html">&lt;span style="font-family:'Arial';"&gt;The average rate of change of Li's velocity over the interval of time from t=0 to &lt;/span&gt;&lt;span style="font-family:'Arial'; color:#000000;"&gt;&lt;IMG src="ppg/respondus/Riemann_Sums_Intro_Post_BB_Test/eq_061f9b.gif" alt="equation" border=0 align="absmiddle"&gt;&lt;/span&gt;&lt;span style="font-family:'Arial';"&gt;. &lt;/span&gt;</mattext></material></flow_mat></response_label></flow_label><flow_label class="Block"><response_label ident="QUES_42756982_42761063_A130833159"><flow_mat><material><mattext texttype="text/html">&lt;span style="font-family:'Arial';"&gt;The change in Li's distance away from home over the interval of time from t=0 to t=3. &lt;/span&gt;</mattext></material></flow_mat></response_label></flow_label><flow_label class="Block"><response_label ident="QUES_42756982_42761063_A130833160"><flow_mat><material><mattext texttype="text/html">&lt;span style="font-family:'Arial';"&gt;Li's distance away from the bike shop after having biked for 3 minutes&lt;/span&gt;</mattext></material></flow_mat></response_label></flow_label><flow_label class="Block"><response_label ident="QUES_42756982_42761063_A130833161"><flow_mat><material><mattext texttype="text/html">&lt;span style="font-family:'Arial';"&gt;Li's acceleration over the interval of time from t=0 to t=6. &lt;/span&gt;</mattext></material></flow_mat></response_label></flow_label></render_choice></response_lid></flow></presentation><resprocessing><respcondition title="Response Condition 1"><conditionvar><varequal respident="QUES_42756982_42761063_LID">QUES_42756982_42761063_A130833157</varequal></conditionvar><setvar action="Set">0.000000000</setvar><displayfeedback feedbacktype="Response" linkrefid="QUES_42756982_42761063_IF130833157" /></respcondition><respcondition title="Response Condition 2"><conditionvar><varequal respident="QUES_42756982_42761063_LID">QUES_42756982_42761063_A130833158</varequal></conditionvar><setvar action="Set">0.000000000</setvar><displayfeedback feedbacktype="Response" linkrefid="QUES_42756982_42761063_IF130833158" /></respcondition><respcondition title="Response Condition 3"><conditionvar><varequal respident="QUES_42756982_42761063_LID">QUES_42756982_42761063_A130833159</varequal></conditionvar><setvar action="Set">100.000000000</setvar><displayfeedback feedbacktype="Response" linkrefid="QUES_42756982_42761063_IF130833159" /></respcondition><respcondition title="Response Condition 4"><conditionvar><varequal respident="QUES_42756982_42761063_LID">QUES_42756982_42761063_A130833160</varequal></conditionvar><setvar action="Set">0.000000000</setvar><displayfeedback feedbacktype="Response" linkrefid="QUES_42756982_42761063_IF130833160" /></respcondition><respcondition title="Response Condition 5"><conditionvar><varequal respident="QUES_42756982_42761063_LID">QUES_42756982_42761063_A130833161</varequal></conditionvar><setvar action="Set">0.000000000</setvar><displayfeedback feedbacktype="Response" linkrefid="QUES_42756982_42761063_IF130833161" /></respcondition></resprocessing><itemfeedback ident="QUES_42756982_42761063_IF130833157"><material><mattext texttype="text/plain" /></material></itemfeedback><itemfeedback ident="QUES_42756982_42761063_IF130833158"><material><mattext texttype="text/plain" /></material></itemfeedback><itemfeedback ident="QUES_42756982_42761063_IF130833159"><material><mattext texttype="text/plain" /></material></itemfeedback><itemfeedback ident="QUES_42756982_42761063_IF130833160"><material><mattext texttype="text/plain" /></material></itemfeedback><itemfeedback ident="QUES_42756982_42761063_IF130833161"><material><mattext texttype="text/plain" /></material></itemfeedback></item><item ident="OBJ_1651176" label="QUES_42756983_42761064" d2l_2p0:page="1"><itemmetadata><qtimetadata><qti_metadatafield><fieldlabel>qmd_computerscored</fieldlabel><fieldentry>yes</fieldentry></qti_metadatafield><qti_metadatafield><fieldlabel>qmd_questiontype</fieldlabel><fieldentry>Multiple Choice</fieldentry></qti_metadatafield><qti_metadatafield><fieldlabel>qmd_weighting</fieldlabel><fieldentry>1.000000000</fieldentry></qti_metadatafield><qti_metadatafield><fieldlabel>qmd_globalid</fieldlabel><fieldentry>9978a7c7-ddaf-4798-9ea0-e987b12c5433</fieldentry></qti_metadatafield><qti_metadatafield><fieldlabel>qmd_displayid</fieldlabel><fieldentry>Sample Course-74182</fieldentry></qti_metadatafield></qtimetadata></itemmetadata><itemproc_extension><d2l_2p0:difficulty>3</d2l_2p0:difficulty><d2l_2p0:isbonus>no</d2l_2p0:isbonus><d2l_2p0:ismandatory>yes</d2l_2p0:ismandatory></itemproc_extension><presentation><flow><material><mattext texttype="text/html">&lt;!--RsQ_003--&gt;&lt;span style="font-family:'Arial';"&gt;The function &lt;/span&gt;&lt;span style="font-family:'Arial'; color:#000000;"&gt;&lt;IMG src="ppg/respondus/Riemann_Sums_Intro_Post_BB_Test/eq_062424.gif" alt="equation" border=0 align="absmiddle"&gt;&lt;/span&gt;&lt;span style="font-family:'Arial';"&gt; expresses the relationship between the rate at which water drains from a tank (in gallons per minute) and the number of minutes &lt;/span&gt;&lt;span style="font-family:'Arial'; color:#000000;"&gt;&lt;IMG src="ppg/respondus/Riemann_Sums_Intro_Post_BB_Test/eq_062440.gif" alt="equation" border=0 align="absmiddle"&gt;&lt;/span&gt;&lt;span style="font-family:'Arial';"&gt; elapsed since water started draining from the tank. What quantity does the sum of the areas of the blue rectangles on the graph of the function &lt;/span&gt;&lt;span style="font-family:'Arial'; color:#000000;"&gt;&lt;IMG src="ppg/respondus/Riemann_Sums_Intro_Post_BB_Test/eq_062459.gif" alt="equation" border=0 align="absmiddle"&gt;&lt;/span&gt;&lt;span style="font-family:'Arial';"&gt; below approximate?&lt;br&gt;&lt;/span&gt;&lt;span style="font-family:'Arial'; color:#000000;"&gt;&lt;IMG src="ppg/respondus/Riemann_Sums_Intro_Post_BB_Test/graph2.png" alt="image" align="bottom" border=0&gt;&lt;/span&gt;&lt;span style="font-family:'Arial';"&gt; &lt;/span&gt;</mattext></material><response_extension><d2l_2p0:display_style>2</d2l_2p0:display_style><d2l_2p0:enumeration>6</d2l_2p0:enumeration><d2l_2p0:grading_type>0</d2l_2p0:grading_type></response_extension><response_lid ident="QUES_42756983_42761064_LID" rcardinality="Single"><render_choice shuffle="no"><flow_label class="Block"><response_label ident="QUES_42756983_42761064_A130833162"><flow_mat><material><mattext texttype="text/html">&lt;span style="font-family:'Arial';"&gt;The average rate at which water drained from the tank over the interval of time from 2 to 14 minutes after water started draining from the tank.&lt;/span&gt;</mattext></material></flow_mat></response_label></flow_label><flow_label class="Block"><response_label ident="QUES_42756983_42761064_A130833163"><flow_mat><material><mattext texttype="text/html">&lt;span style="font-family:'Arial';"&gt;The total amount of water rained from the tank over the interval of time from 2 to 14 minutes after water water started draining from the tank.&lt;/span&gt;</mattext></material></flow_mat></response_label></flow_label><flow_label class="Block"><response_label ident="QUES_42756983_42761064_A130833164"><flow_mat><material><mattext texttype="text/html">&lt;span style="font-family:'Arial';"&gt;The constant rate at which water would have to drain for the tank to be empty 20 minutes after water started draining.&lt;/span&gt;</mattext></material></flow_mat></response_label></flow_label><flow_label class="Block"><response_label ident="QUES_42756983_42761064_A130833165"><flow_mat><material><mattext texttype="text/html">&lt;span style="font-family:'Arial';"&gt;The instantaneous rate at which water drains from the tank 14 minutes after water started draining.&lt;/span&gt;</mattext></material></flow_mat></response_label></flow_label><flow_label class="Block"><response_label ident="QUES_42756983_42761064_A130833166"><flow_mat><material><mattext texttype="text/html">&lt;span style="font-family:'Arial';"&gt;The initial amount of water in the tank.&lt;/span&gt;</mattext></material></flow_mat></response_label></flow_label></render_choice></response_lid></flow></presentation><resprocessing><respcondition title="Response Condition 1"><conditionvar><varequal respident="QUES_42756983_42761064_LID">QUES_42756983_42761064_A130833162</varequal></conditionvar><setvar action="Set">0.000000000</setvar><displayfeedback feedbacktype="Response" linkrefid="QUES_42756983_42761064_IF130833162" /></respcondition><respcondition title="Response Condition 2"><conditionvar><varequal respident="QUES_42756983_42761064_LID">QUES_42756983_42761064_A130833163</varequal></conditionvar><setvar action="Set">100.000000000</setvar><displayfeedback feedbacktype="Response" linkrefid="QUES_42756983_42761064_IF130833163" /></respcondition><respcondition title="Response Condition 3"><conditionvar><varequal respident="QUES_42756983_42761064_LID">QUES_42756983_42761064_A130833164</varequal></conditionvar><setvar action="Set">0.000000000</setvar><displayfeedback feedbacktype="Response" linkrefid="QUES_42756983_42761064_IF130833164" /></respcondition><respcondition title="Response Condition 4"><conditionvar><varequal respident="QUES_42756983_42761064_LID">QUES_42756983_42761064_A130833165</varequal></conditionvar><setvar action="Set">0.000000000</setvar><displayfeedback feedbacktype="Response" linkrefid="QUES_42756983_42761064_IF130833165" /></respcondition><respcondition title="Response Condition 5"><conditionvar><varequal respident="QUES_42756983_42761064_LID">QUES_42756983_42761064_A130833166</varequal></conditionvar><setvar action="Set">0.000000000</setvar><displayfeedback feedbacktype="Response" linkrefid="QUES_42756983_42761064_IF130833166" /></respcondition></resprocessing><itemfeedback ident="QUES_42756983_42761064_IF130833162"><material><mattext texttype="text/plain" /></material></itemfeedback><itemfeedback ident="QUES_42756983_42761064_IF130833163"><material><mattext texttype="text/plain" /></material></itemfeedback><itemfeedback ident="QUES_42756983_42761064_IF130833164"><material><mattext texttype="text/plain" /></material></itemfeedback><itemfeedback ident="QUES_42756983_42761064_IF130833165"><material><mattext texttype="text/plain" /></material></itemfeedback><itemfeedback ident="QUES_42756983_42761064_IF130833166"><material><mattext texttype="text/plain" /></material></itemfeedback></item><item ident="OBJ_1651177" label="QUES_42756984_42761065" d2l_2p0:page="1"><itemmetadata><qtimetadata><qti_metadatafield><fieldlabel>qmd_computerscored</fieldlabel><fieldentry>yes</fieldentry></qti_metadatafield><qti_metadatafield><fieldlabel>qmd_questiontype</fieldlabel><fieldentry>Multiple Choice</fieldentry></qti_metadatafield><qti_metadatafield><fieldlabel>qmd_weighting</fieldlabel><fieldentry>1.000000000</fieldentry></qti_metadatafield><qti_metadatafield><fieldlabel>qmd_globalid</fieldlabel><fieldentry>a9050efd-0379-4309-a54d-3c4590e74909</fieldentry></qti_metadatafield><qti_metadatafield><fieldlabel>qmd_displayid</fieldlabel><fieldentry>Sample Course-74183</fieldentry></qti_metadatafield></qtimetadata></itemmetadata><itemproc_extension><d2l_2p0:difficulty>3</d2l_2p0:difficulty><d2l_2p0:isbonus>no</d2l_2p0:isbonus><d2l_2p0:ismandatory>yes</d2l_2p0:ismandatory></itemproc_extension><presentation><flow><material><mattext texttype="text/html">&lt;!--RsQ_004--&gt;&lt;span style="font-family:'Arial';"&gt;The function &lt;/span&gt;&lt;span style="font-family:'Arial'; color:#000000;"&gt;&lt;IMG src="ppg/respondus/Riemann_Sums_Intro_Post_BB_Test/eq_062509.gif" alt="equation" border=0 align="absmiddle"&gt;&lt;/span&gt;&lt;span style="font-family:'Arial';"&gt; represents the relationship between the rate of change in the value of investment stocks (in dollars per month) and the number of months &lt;/span&gt;&lt;span style="font-family:'Arial'; color:#000000;"&gt;&lt;IMG src="ppg/respondus/Riemann_Sums_Intro_Post_BB_Test/eq_062528.gif" alt="equation" border=0 align="absmiddle"&gt;&lt;/span&gt;&lt;span style="font-family:'Arial';"&gt; elapsed since the stocks were purchased. Which of the following sums approximates the change in value of the stocks over the interval of time from 4 to 7 months after the stocks were purchased? &lt;/span&gt;</mattext></material><response_extension><d2l_2p0:display_style>2</d2l_2p0:display_style><d2l_2p0:enumeration>6</d2l_2p0:enumeration><d2l_2p0:grading_type>0</d2l_2p0:grading_type></response_extension><response_lid ident="QUES_42756984_42761065_LID" rcardinality="Single"><render_choice shuffle="no"><flow_label class="Block"><response_label ident="QUES_42756984_42761065_A130833167"><flow_mat><material><mattext texttype="text/html">&lt;span style="font-family:'Arial';"&gt;&lt;IMG src="ppg/respondus/Riemann_Sums_Intro_Post_BB_Test/eq_062588.gif" alt="equation" border=0 align="absmiddle"&gt;&lt;/span&gt;</mattext></material></flow_mat></response_label></flow_label><flow_label class="Block"><response_label ident="QUES_42756984_42761065_A130833168"><flow_mat><material><mattext texttype="text/html">&lt;span style="font-family:'Arial';"&gt;&lt;IMG src="ppg/respondus/Riemann_Sums_Intro_Post_BB_Test/eq_0625bc.gif" alt="equation" border=0 align="absmiddle"&gt;&lt;/span&gt;</mattext></material></flow_mat></response_label></flow_label><flow_label class="Block"><response_label ident="QUES_42756984_42761065_A130833169"><flow_mat><material><mattext texttype="text/html">&lt;span style="font-family:'Arial';"&gt;&lt;IMG src="ppg/respondus/Riemann_Sums_Intro_Post_BB_Test/eq_0625cd.gif" alt="equation" border=0 align="absmiddle"&gt;&lt;/span&gt;</mattext></material></flow_mat></response_label></flow_label><flow_label class="Block"><response_label ident="QUES_42756984_42761065_A130833170"><flow_mat><material><mattext texttype="text/html">&lt;span style="font-family:'Arial';"&gt;&lt;IMG src="ppg/respondus/Riemann_Sums_Intro_Post_BB_Test/eq_062641.gif" alt="equation" border=0 align="absmiddle"&gt;&lt;/span&gt;</mattext></material></flow_mat></response_label></flow_label><flow_label class="Block"><response_label ident="QUES_42756984_42761065_A130833171"><flow_mat><material><mattext texttype="text/html">&lt;span style="font-family:'Arial';"&gt;&lt;IMG src="ppg/respondus/Riemann_Sums_Intro_Post_BB_Test/eq_06265a.gif" alt="equation" border=0 align="absmiddle"&gt;&lt;/span&gt;</mattext></material></flow_mat></response_label></flow_label></render_choice></response_lid></flow></presentation><resprocessing><respcondition title="Response Condition 1"><conditionvar><varequal respident="QUES_42756984_42761065_LID">QUES_42756984_42761065_A130833167</varequal></conditionvar><setvar action="Set">0.000000000</setvar><displayfeedback feedbacktype="Response" linkrefid="QUES_42756984_42761065_IF130833167" /></respcondition><respcondition title="Response Condition 2"><conditionvar><varequal respident="QUES_42756984_42761065_LID">QUES_42756984_42761065_A130833168</varequal></conditionvar><setvar action="Set">0.000000000</setvar><displayfeedback feedbacktype="Response" linkrefid="QUES_42756984_42761065_IF130833168" /></respcondition><respcondition title="Response Condition 3"><conditionvar><varequal respident="QUES_42756984_42761065_LID">QUES_42756984_42761065_A130833169</varequal></conditionvar><setvar action="Set">0.000000000</setvar><displayfeedback feedbacktype="Response" linkrefid="QUES_42756984_42761065_IF130833169" /></respcondition><respcondition title="Response Condition 4"><conditionvar><varequal respident="QUES_42756984_42761065_LID">QUES_42756984_42761065_A130833170</varequal></conditionvar><setvar action="Set">0.000000000</setvar><displayfeedback feedbacktype="Response" linkrefid="QUES_42756984_42761065_IF130833170" /></respcondition><respcondition title="Response Condition 5"><conditionvar><varequal respident="QUES_42756984_42761065_LID">QUES_42756984_42761065_A130833171</varequal></conditionvar><setvar action="Set">100.000000000</setvar><displayfeedback feedbacktype="Response" linkrefid="QUES_42756984_42761065_IF130833171" /></respcondition></resprocessing><itemfeedback ident="QUES_42756984_42761065_IF130833167"><material><mattext texttype="text/plain" /></material></itemfeedback><itemfeedback ident="QUES_42756984_42761065_IF130833168"><material><mattext texttype="text/plain" /></material></itemfeedback><itemfeedback ident="QUES_42756984_42761065_IF130833169"><material><mattext texttype="text/plain" /></material></itemfeedback><itemfeedback ident="QUES_42756984_42761065_IF130833170"><material><mattext texttype="text/plain" /></material></itemfeedback><itemfeedback ident="QUES_42756984_42761065_IF130833171"><material><mattext texttype="text/plain" /></material></itemfeedback></item><item ident="OBJ_1651178" label="QUES_42756985_42761066" d2l_2p0:page="1"><itemmetadata><qtimetadata><qti_metadatafield><fieldlabel>qmd_computerscored</fieldlabel><fieldentry>yes</fieldentry></qti_metadatafield><qti_metadatafield><fieldlabel>qmd_questiontype</fieldlabel><fieldentry>Multiple Choice</fieldentry></qti_metadatafield><qti_metadatafield><fieldlabel>qmd_weighting</fieldlabel><fieldentry>1.000000000</fieldentry></qti_metadatafield><qti_metadatafield><fieldlabel>qmd_globalid</fieldlabel><fieldentry>1d543b59-86c6-4d6d-8252-229ac08a976f</fieldentry></qti_metadatafield><qti_metadatafield><fieldlabel>qmd_displayid</fieldlabel><fieldentry>Sample Course-74184</fieldentry></qti_metadatafield></qtimetadata></itemmetadata><itemproc_extension><d2l_2p0:difficulty>3</d2l_2p0:difficulty><d2l_2p0:isbonus>no</d2l_2p0:isbonus><d2l_2p0:ismandatory>yes</d2l_2p0:ismandatory></itemproc_extension><presentation><flow><material><mattext texttype="text/html">&lt;!--RsQ_005--&gt;&lt;span style="font-family:'Arial';"&gt;The table below shows the horizontal velocity &lt;/span&gt;&lt;span style="font-family:'Arial'; color:#000000;"&gt;&lt;IMG src="ppg/respondus/Riemann_Sums_Intro_Post_BB_Test/eq_0626a1.gif" alt="equation" border=0 align="absmiddle"&gt;&lt;/span&gt;&lt;span style="font-family:'Arial';"&gt; of a baseball (in feet per second) for various values of &lt;/span&gt;&lt;span style="font-family:'Arial'; color:#000000;"&gt;&lt;IMG src="ppg/respondus/Riemann_Sums_Intro_Post_BB_Test/eq_0626b5.gif" alt="equation" border=0 align="absmiddle"&gt;&lt;/span&gt;&lt;span style="font-family:'Arial';"&gt;, which is the number of seconds elapsed since the baseball was thrown.&lt;br&gt;&lt;/span&gt;&lt;span style="font-family:'Arial'; color:#000000;"&gt;&lt;IMG src="ppg/respondus/Riemann_Sums_Intro_Post_BB_Test/capture.png" alt="image" align="bottom" border=0&gt;&lt;/span&gt;&lt;span style="font-family:'Arial';"&gt; &lt;br&gt;Approximate the total distance the ball traveled during the first two seconds after it was thrown by computing a left-hand Riemann sum with four terms. &lt;/span&gt;</mattext></material><response_extension><d2l_2p0:display_style>2</d2l_2p0:display_style><d2l_2p0:enumeration>6</d2l_2p0:enumeration><d2l_2p0:grading_type>0</d2l_2p0:grading_type></response_extension><response_lid ident="QUES_42756985_42761066_LID" rcardinality="Single"><render_choice shuffle="no"><flow_label class="Block"><response_label ident="QUES_42756985_42761066_A130833172"><flow_mat><material><mattext texttype="text/html">&lt;span style="font-family:'Arial';"&gt;126.2325&lt;/span&gt;</mattext></material></flow_mat></response_label></flow_label><flow_label class="Block"><response_label ident="QUES_42756985_42761066_A130833173"><flow_mat><material><mattext texttype="text/html">&lt;span style="font-family:'Arial';"&gt;250&lt;/span&gt;</mattext></material></flow_mat></response_label></flow_label><flow_label class="Block"><response_label ident="QUES_42756985_42761066_A130833174"><flow_mat><material><mattext texttype="text/html">&lt;span style="font-family:'Arial';"&gt;250.5775&lt;/span&gt;</mattext></material></flow_mat></response_label></flow_label><flow_label class="Block"><response_label ident="QUES_42756985_42761066_A130833175"><flow_mat><material><mattext texttype="text/html">&lt;span style="font-family:'Arial';"&gt;250.58&lt;/span&gt;</mattext></material></flow_mat></response_label></flow_label><flow_label class="Block"><response_label ident="QUES_42756985_42761066_A130833176"><flow_mat><material><mattext texttype="text/html">&lt;span style="font-family:'Arial';"&gt;250.6&lt;/span&gt;</mattext></material></flow_mat></response_label></flow_label><flow_label class="Block"><response_label ident="QUES_42756985_42761066_A130833177"><flow_mat><material><mattext texttype="text/html">&lt;span style="font-family:'Arial';"&gt;252&lt;/span&gt;</mattext></material></flow_mat></response_label></flow_label><flow_label class="Block"><response_label ident="QUES_42756985_42761066_A130833178"><flow_mat><material><mattext texttype="text/html">&lt;span style="font-family:'Arial';"&gt;252.465&lt;/span&gt;</mattext></material></flow_mat></response_label></flow_label><flow_label class="Block"><response_label ident="QUES_42756985_42761066_A130833179"><flow_mat><material><mattext texttype="text/html">&lt;span style="font-family:'Arial';"&gt;279.8275 &lt;/span&gt;</mattext></material></flow_mat></response_label></flow_label></render_choice></response_lid></flow></presentation><resprocessing><respcondition title="Response Condition 1"><conditionvar><varequal respident="QUES_42756985_42761066_LID">QUES_42756985_42761066_A130833172</varequal></conditionvar><setvar action="Set">0.000000000</setvar><displayfeedback feedbacktype="Response" linkrefid="QUES_42756985_42761066_IF130833172" /></respcondition><respcondition title="Response Condition 2"><conditionvar><varequal respident="QUES_42756985_42761066_LID">QUES_42756985_42761066_A130833173</varequal></conditionvar><setvar action="Set">0.000000000</setvar><displayfeedback feedbacktype="Response" linkrefid="QUES_42756985_42761066_IF130833173" /></respcondition><respcondition title="Response Condition 3"><conditionvar><varequal respident="QUES_42756985_42761066_LID">QUES_42756985_42761066_A130833174</varequal></conditionvar><setvar action="Set">0.000000000</setvar><displayfeedback feedbacktype="Response" linkrefid="QUES_42756985_42761066_IF130833174" /></respcondition><respcondition title="Response Condition 4"><conditionvar><varequal respident="QUES_42756985_42761066_LID">QUES_42756985_42761066_A130833175</varequal></conditionvar><setvar action="Set">0.000000000</setvar><displayfeedback feedbacktype="Response" linkrefid="QUES_42756985_42761066_IF130833175" /></respcondition><respcondition title="Response Condition 5"><conditionvar><varequal respident="QUES_42756985_42761066_LID">QUES_42756985_42761066_A130833176</varequal></conditionvar><setvar action="Set">0.000000000</setvar><displayfeedback feedbacktype="Response" linkrefid="QUES_42756985_42761066_IF130833176" /></respcondition><respcondition title="Response Condition 6"><conditionvar><varequal respident="QUES_42756985_42761066_LID">QUES_42756985_42761066_A130833177</varequal></conditionvar><setvar action="Set">0.000000000</setvar><displayfeedback feedbacktype="Response" linkrefid="QUES_42756985_42761066_IF130833177" /></respcondition><respcondition title="Response Condition 7"><conditionvar><varequal respident="QUES_42756985_42761066_LID">QUES_42756985_42761066_A130833178</varequal></conditionvar><setvar action="Set">100.000000000</setvar><displayfeedback feedbacktype="Response" linkrefid="QUES_42756985_42761066_IF130833178" /></respcondition><respcondition title="Response Condition 8"><conditionvar><varequal respident="QUES_42756985_42761066_LID">QUES_42756985_42761066_A130833179</varequal></conditionvar><setvar action="Set">0.000000000</setvar><displayfeedback feedbacktype="Response" linkrefid="QUES_42756985_42761066_IF130833179" /></respcondition></resprocessing><itemfeedback ident="QUES_42756985_42761066_IF130833172"><material><mattext texttype="text/plain" /></material></itemfeedback><itemfeedback ident="QUES_42756985_42761066_IF130833173"><material><mattext texttype="text/plain" /></material></itemfeedback><itemfeedback ident="QUES_42756985_42761066_IF130833174"><material><mattext texttype="text/plain" /></material></itemfeedback><itemfeedback ident="QUES_42756985_42761066_IF130833175"><material><mattext texttype="text/plain" /></material></itemfeedback><itemfeedback ident="QUES_42756985_42761066_IF130833176"><material><mattext texttype="text/plain" /></material></itemfeedback><itemfeedback ident="QUES_42756985_42761066_IF130833177"><material><mattext texttype="text/plain" /></material></itemfeedback><itemfeedback ident="QUES_42756985_42761066_IF130833178"><material><mattext texttype="text/plain" /></material></itemfeedback><itemfeedback ident="QUES_42756985_42761066_IF130833179"><material><mattext texttype="text/plain" /></material></itemfeedback></item></section></assessment></questestinterop>