﻿<?xml version="1.0" encoding="UTF-8"?><questestinterop xmlns:d2l_2p0="http://desire2learn.com/xsd/d2lcp_v2p0"><assessment d2l_2p0:id="469" title="L'Hopital's Rule PostVideo Questions" ident="res_quiz_122424" d2l_2p0:resource_code="ef9e56cc46d3486a98963923-149"><rubric><flow_mat><material><mattext d2l_2p0:isdisplayed="no" texttype="text/html" /></material></flow_mat></rubric><assessmentcontrol hintswitch="no" solutionswitch="yes" feedbackswitch="no" /><presentation_material><flow_mat><material label="page header"><mattext d2l_2p0:isdisplayed="no" texttype="text/html" /></material><material label="page footer"><mattext d2l_2p0:isdisplayed="no" texttype="text/html" /></material></flow_mat></presentation_material><assess_procextension><d2l_2p0:intro_message d2l_2p0:isdisplayed="yes" texttype="text/html">Respondus</d2l_2p0:intro_message><d2l_2p0:disable_right_click>no</d2l_2p0:disable_right_click><d2l_2p0:disable_pager_access>no</d2l_2p0:disable_pager_access><is_active>yes</is_active><d2l_2p0:date_start /><d2l_2p0:date_end /><d2l_2p0:date_due /><d2l_2p0:has_schedule_event>no</d2l_2p0:has_schedule_event><d2l_2p0:is_attempt_Rldb>no</d2l_2p0:is_attempt_Rldb><d2l_2p0:is_subview_Rldb>no</d2l_2p0:is_subview_Rldb><d2l_2p0:time_limit>120</d2l_2p0:time_limit><d2l_2p0:show_clock>yes</d2l_2p0:show_clock><d2l_2p0:enforce_time_limit>yes</d2l_2p0:enforce_time_limit><d2l_2p0:grace_period>5</d2l_2p0:grace_period><d2l_2p0:late_limit>0</d2l_2p0:late_limit><d2l_2p0:attempts_allowed>3</d2l_2p0:attempts_allowed><d2l_2p0:attempt_restrictions /><d2l_2p0:mark_calculation_type>1</d2l_2p0:mark_calculation_type><d2l_2p0:is_forward_only>no</d2l_2p0:is_forward_only></assess_procextension><assessfeedback title=""><rubric><flow_mat><material><mattext texttype="yes">Your quiz has been submitted successfully.</mattext></material></flow_mat></rubric><d2l_2p0:duration>0</d2l_2p0:duration><d2l_2p0:response_display_type_id>1</d2l_2p0:response_display_type_id><d2l_2p0:show_correct_answers>no</d2l_2p0:show_correct_answers><d2l_2p0:submission_restrictip>no</d2l_2p0:submission_restrictip><d2l_2p0:show_class_average>no</d2l_2p0:show_class_average><d2l_2p0:show_score_distribution>no</d2l_2p0:show_score_distribution></assessfeedback><section ident="CONTAINER_SECTION"><item ident="OBJ_1651219" label="QUES_42757026_42761107" d2l_2p0:page="1"><itemmetadata><qtimetadata><qti_metadatafield><fieldlabel>qmd_computerscored</fieldlabel><fieldentry>yes</fieldentry></qti_metadatafield><qti_metadatafield><fieldlabel>qmd_questiontype</fieldlabel><fieldentry>Multiple Choice</fieldentry></qti_metadatafield><qti_metadatafield><fieldlabel>qmd_weighting</fieldlabel><fieldentry>1.000000000</fieldentry></qti_metadatafield><qti_metadatafield><fieldlabel>qmd_globalid</fieldlabel><fieldentry>741ba5c8-632b-4234-bd96-71a7cb3c5f59</fieldentry></qti_metadatafield><qti_metadatafield><fieldlabel>qmd_displayid</fieldlabel><fieldentry>Sample Course-74225</fieldentry></qti_metadatafield></qtimetadata></itemmetadata><itemproc_extension><d2l_2p0:difficulty>3</d2l_2p0:difficulty><d2l_2p0:isbonus>no</d2l_2p0:isbonus><d2l_2p0:ismandatory>yes</d2l_2p0:ismandatory></itemproc_extension><presentation><flow><material><mattext texttype="text/html">&lt;!--RsQ_001--&gt;&lt;span style="font-family:'Arial';"&gt;Evaluate the limit: &lt;/span&gt;&lt;span style="font-family:'Arial'; color:#000000;"&gt;&lt;IMG src="ppg/respondus/L'Hopital's_Rule_Post_BB_Test/eq_fb72e3.gif" alt="equation" border=0 align="absmiddle"&gt;&lt;/span&gt;&lt;span style="font-family:'Arial';"&gt; &lt;/span&gt;</mattext></material><response_extension><d2l_2p0:display_style>2</d2l_2p0:display_style><d2l_2p0:enumeration>6</d2l_2p0:enumeration><d2l_2p0:grading_type>0</d2l_2p0:grading_type></response_extension><response_lid ident="QUES_42757026_42761107_LID" rcardinality="Single"><render_choice shuffle="no"><flow_label class="Block"><response_label ident="QUES_42757026_42761107_A130833422"><flow_mat><material><mattext texttype="text/html">&lt;span style="font-family:'Arial';"&gt;0&lt;/span&gt;</mattext></material></flow_mat></response_label></flow_label><flow_label class="Block"><response_label ident="QUES_42757026_42761107_A130833423"><flow_mat><material><mattext texttype="text/html">&lt;span style="font-family:'Arial';"&gt;1&lt;/span&gt;</mattext></material></flow_mat></response_label></flow_label><flow_label class="Block"><response_label ident="QUES_42757026_42761107_A130833424"><flow_mat><material><mattext texttype="text/html">&lt;span style="font-family:'Arial';"&gt;2&lt;/span&gt;</mattext></material></flow_mat></response_label></flow_label><flow_label class="Block"><response_label ident="QUES_42757026_42761107_A130833425"><flow_mat><material><mattext texttype="text/html">&lt;span style="font-family:'Arial';"&gt;3&lt;/span&gt;</mattext></material></flow_mat></response_label></flow_label><flow_label class="Block"><response_label ident="QUES_42757026_42761107_A130833426"><flow_mat><material><mattext texttype="text/html">&lt;span style="font-family:'Arial';"&gt;&lt;IMG src="ppg/respondus/L'Hopital's_Rule_Post_BB_Test/eq_fb7309.gif" alt="equation" border=0 align="absmiddle"&gt;&lt;/span&gt;</mattext></material></flow_mat></response_label></flow_label><flow_label class="Block"><response_label ident="QUES_42757026_42761107_A130833427"><flow_mat><material><mattext texttype="text/html">&lt;span style="font-family:'Arial';"&gt;DNE (not including an infinite limit)&lt;/span&gt;</mattext></material></flow_mat></response_label></flow_label></render_choice></response_lid></flow></presentation><resprocessing><respcondition title="Response Condition 1"><conditionvar><varequal respident="QUES_42757026_42761107_LID">QUES_42757026_42761107_A130833422</varequal></conditionvar><setvar action="Set">0.000000000</setvar><displayfeedback feedbacktype="Response" linkrefid="QUES_42757026_42761107_IF130833422" /></respcondition><respcondition title="Response Condition 2"><conditionvar><varequal respident="QUES_42757026_42761107_LID">QUES_42757026_42761107_A130833423</varequal></conditionvar><setvar action="Set">100.000000000</setvar><displayfeedback feedbacktype="Response" linkrefid="QUES_42757026_42761107_IF130833423" /></respcondition><respcondition title="Response Condition 3"><conditionvar><varequal respident="QUES_42757026_42761107_LID">QUES_42757026_42761107_A130833424</varequal></conditionvar><setvar action="Set">0.000000000</setvar><displayfeedback feedbacktype="Response" linkrefid="QUES_42757026_42761107_IF130833424" /></respcondition><respcondition title="Response Condition 4"><conditionvar><varequal respident="QUES_42757026_42761107_LID">QUES_42757026_42761107_A130833425</varequal></conditionvar><setvar action="Set">0.000000000</setvar><displayfeedback feedbacktype="Response" linkrefid="QUES_42757026_42761107_IF130833425" /></respcondition><respcondition title="Response Condition 5"><conditionvar><varequal respident="QUES_42757026_42761107_LID">QUES_42757026_42761107_A130833426</varequal></conditionvar><setvar action="Set">0.000000000</setvar><displayfeedback feedbacktype="Response" linkrefid="QUES_42757026_42761107_IF130833426" /></respcondition><respcondition title="Response Condition 6"><conditionvar><varequal respident="QUES_42757026_42761107_LID">QUES_42757026_42761107_A130833427</varequal></conditionvar><setvar action="Set">0.000000000</setvar><displayfeedback feedbacktype="Response" linkrefid="QUES_42757026_42761107_IF130833427" /></respcondition></resprocessing><itemfeedback ident="QUES_42757026_42761107_IF130833422"><material><mattext texttype="text/plain" /></material></itemfeedback><itemfeedback ident="QUES_42757026_42761107_IF130833423"><material><mattext texttype="text/plain" /></material></itemfeedback><itemfeedback ident="QUES_42757026_42761107_IF130833424"><material><mattext texttype="text/plain" /></material></itemfeedback><itemfeedback ident="QUES_42757026_42761107_IF130833425"><material><mattext texttype="text/plain" /></material></itemfeedback><itemfeedback ident="QUES_42757026_42761107_IF130833426"><material><mattext texttype="text/plain" /></material></itemfeedback><itemfeedback ident="QUES_42757026_42761107_IF130833427"><material><mattext texttype="text/plain" /></material></itemfeedback></item><item ident="OBJ_1651220" label="QUES_42757027_42761108" d2l_2p0:page="1"><itemmetadata><qtimetadata><qti_metadatafield><fieldlabel>qmd_computerscored</fieldlabel><fieldentry>yes</fieldentry></qti_metadatafield><qti_metadatafield><fieldlabel>qmd_questiontype</fieldlabel><fieldentry>Multiple Choice</fieldentry></qti_metadatafield><qti_metadatafield><fieldlabel>qmd_weighting</fieldlabel><fieldentry>1.000000000</fieldentry></qti_metadatafield><qti_metadatafield><fieldlabel>qmd_globalid</fieldlabel><fieldentry>af40b2e6-3be6-4c68-869a-92292e733542</fieldentry></qti_metadatafield><qti_metadatafield><fieldlabel>qmd_displayid</fieldlabel><fieldentry>Sample Course-74226</fieldentry></qti_metadatafield></qtimetadata></itemmetadata><itemproc_extension><d2l_2p0:difficulty>3</d2l_2p0:difficulty><d2l_2p0:isbonus>no</d2l_2p0:isbonus><d2l_2p0:ismandatory>yes</d2l_2p0:ismandatory></itemproc_extension><presentation><flow><material><mattext texttype="text/html">&lt;!--RsQ_002--&gt;&lt;span style="font-family:'Arial';"&gt;Evaluate the limit: &lt;/span&gt;&lt;span style="font-family:'Arial'; color:#000000;"&gt;&lt;IMG src="ppg/respondus/L'Hopital's_Rule_Post_BB_Test/eq_fb733b.gif" alt="equation" border=0 align="absmiddle"&gt;&lt;/span&gt;&lt;span style="font-family:'Arial';"&gt; &lt;/span&gt;</mattext></material><response_extension><d2l_2p0:display_style>2</d2l_2p0:display_style><d2l_2p0:enumeration>6</d2l_2p0:enumeration><d2l_2p0:grading_type>0</d2l_2p0:grading_type></response_extension><response_lid ident="QUES_42757027_42761108_LID" rcardinality="Single"><render_choice shuffle="no"><flow_label class="Block"><response_label ident="QUES_42757027_42761108_A130833428"><flow_mat><material><mattext texttype="text/html">&lt;span style="font-family:'Arial';"&gt;0&lt;/span&gt;</mattext></material></flow_mat></response_label></flow_label><flow_label class="Block"><response_label ident="QUES_42757027_42761108_A130833429"><flow_mat><material><mattext texttype="text/html">&lt;span style="font-family:'Arial';"&gt;2&lt;/span&gt;</mattext></material></flow_mat></response_label></flow_label><flow_label class="Block"><response_label ident="QUES_42757027_42761108_A130833430"><flow_mat><material><mattext texttype="text/html">&lt;span style="font-family:'Arial';"&gt;&lt;IMG src="ppg/respondus/L'Hopital's_Rule_Post_BB_Test/eq_fb739d.gif" alt="equation" border=0 align="absmiddle"&gt;&lt;/span&gt;</mattext></material></flow_mat></response_label></flow_label><flow_label class="Block"><response_label ident="QUES_42757027_42761108_A130833431"><flow_mat><material><mattext texttype="text/html">&lt;span style="font-family:'Arial';"&gt;&lt;IMG src="ppg/respondus/L'Hopital's_Rule_Post_BB_Test/eq_fb73a5.gif" alt="equation" border=0 align="absmiddle"&gt;&lt;/span&gt;</mattext></material></flow_mat></response_label></flow_label><flow_label class="Block"><response_label ident="QUES_42757027_42761108_A130833432"><flow_mat><material><mattext texttype="text/html">&lt;span style="font-family:'Arial';"&gt;&lt;IMG src="ppg/respondus/L'Hopital's_Rule_Post_BB_Test/eq_fb73ae.gif" alt="equation" border=0 align="absmiddle"&gt;&lt;/span&gt;</mattext></material></flow_mat></response_label></flow_label><flow_label class="Block"><response_label ident="QUES_42757027_42761108_A130833433"><flow_mat><material><mattext texttype="text/html">&lt;span style="font-family:'Arial';"&gt;DNE (not including an infinite limit)&lt;/span&gt;</mattext></material></flow_mat></response_label></flow_label></render_choice></response_lid></flow></presentation><resprocessing><respcondition title="Response Condition 1"><conditionvar><varequal respident="QUES_42757027_42761108_LID">QUES_42757027_42761108_A130833428</varequal></conditionvar><setvar action="Set">0.000000000</setvar><displayfeedback feedbacktype="Response" linkrefid="QUES_42757027_42761108_IF130833428" /></respcondition><respcondition title="Response Condition 2"><conditionvar><varequal respident="QUES_42757027_42761108_LID">QUES_42757027_42761108_A130833429</varequal></conditionvar><setvar action="Set">0.000000000</setvar><displayfeedback feedbacktype="Response" linkrefid="QUES_42757027_42761108_IF130833429" /></respcondition><respcondition title="Response Condition 3"><conditionvar><varequal respident="QUES_42757027_42761108_LID">QUES_42757027_42761108_A130833430</varequal></conditionvar><setvar action="Set">0.000000000</setvar><displayfeedback feedbacktype="Response" linkrefid="QUES_42757027_42761108_IF130833430" /></respcondition><respcondition title="Response Condition 4"><conditionvar><varequal respident="QUES_42757027_42761108_LID">QUES_42757027_42761108_A130833431</varequal></conditionvar><setvar action="Set">0.000000000</setvar><displayfeedback feedbacktype="Response" linkrefid="QUES_42757027_42761108_IF130833431" /></respcondition><respcondition title="Response Condition 5"><conditionvar><varequal respident="QUES_42757027_42761108_LID">QUES_42757027_42761108_A130833432</varequal></conditionvar><setvar action="Set">100.000000000</setvar><displayfeedback feedbacktype="Response" linkrefid="QUES_42757027_42761108_IF130833432" /></respcondition><respcondition title="Response Condition 6"><conditionvar><varequal respident="QUES_42757027_42761108_LID">QUES_42757027_42761108_A130833433</varequal></conditionvar><setvar action="Set">0.000000000</setvar><displayfeedback feedbacktype="Response" linkrefid="QUES_42757027_42761108_IF130833433" /></respcondition></resprocessing><itemfeedback ident="QUES_42757027_42761108_IF130833428"><material><mattext texttype="text/plain" /></material></itemfeedback><itemfeedback ident="QUES_42757027_42761108_IF130833429"><material><mattext texttype="text/plain" /></material></itemfeedback><itemfeedback ident="QUES_42757027_42761108_IF130833430"><material><mattext texttype="text/plain" /></material></itemfeedback><itemfeedback ident="QUES_42757027_42761108_IF130833431"><material><mattext texttype="text/plain" /></material></itemfeedback><itemfeedback ident="QUES_42757027_42761108_IF130833432"><material><mattext texttype="text/plain" /></material></itemfeedback><itemfeedback ident="QUES_42757027_42761108_IF130833433"><material><mattext texttype="text/plain" /></material></itemfeedback></item><item ident="OBJ_1651221" label="QUES_42757028_42761109" d2l_2p0:page="1"><itemmetadata><qtimetadata><qti_metadatafield><fieldlabel>qmd_computerscored</fieldlabel><fieldentry>yes</fieldentry></qti_metadatafield><qti_metadatafield><fieldlabel>qmd_questiontype</fieldlabel><fieldentry>Multiple Choice</fieldentry></qti_metadatafield><qti_metadatafield><fieldlabel>qmd_weighting</fieldlabel><fieldentry>1.000000000</fieldentry></qti_metadatafield><qti_metadatafield><fieldlabel>qmd_globalid</fieldlabel><fieldentry>86c42e31-dd76-4445-b98d-46e42b889b5d</fieldentry></qti_metadatafield><qti_metadatafield><fieldlabel>qmd_displayid</fieldlabel><fieldentry>Sample Course-74227</fieldentry></qti_metadatafield></qtimetadata></itemmetadata><itemproc_extension><d2l_2p0:difficulty>3</d2l_2p0:difficulty><d2l_2p0:isbonus>no</d2l_2p0:isbonus><d2l_2p0:ismandatory>yes</d2l_2p0:ismandatory></itemproc_extension><presentation><flow><material><mattext texttype="text/html">&lt;!--RsQ_003--&gt;&lt;span style="font-family:'Arial';"&gt;The graphs of &lt;/span&gt;&lt;span style="font-family:'Arial'; color:#000000;"&gt;&lt;IMG src="ppg/respondus/L'Hopital's_Rule_Post_BB_Test/eq_fb73ea.gif" alt="equation" border=0 align="absmiddle"&gt;&lt;/span&gt;&lt;span style="font-family:'Arial';"&gt; and &lt;/span&gt;&lt;span style="font-family:'Arial'; color:#000000;"&gt;&lt;IMG src="ppg/respondus/L'Hopital's_Rule_Post_BB_Test/eq_fb73ef.gif" alt="equation" border=0 align="absmiddle"&gt;&lt;/span&gt;&lt;span style="font-family:'Arial';"&gt; and the equations of their tangent lines (dashed lines) at the point (4,0) are given below. Note: &lt;/span&gt;&lt;span style="font-family:'Arial'; color:#000000;"&gt;&lt;IMG src="ppg/respondus/L'Hopital's_Rule_Post_BB_Test/eq_fb7405.gif" alt="equation" border=0 align="absmiddle"&gt;&lt;/span&gt;&lt;span style="font-family:'Arial';"&gt; and &lt;/span&gt;&lt;span style="font-family:'Arial'; color:#000000;"&gt;&lt;IMG src="ppg/respondus/L'Hopital's_Rule_Post_BB_Test/eq_fb7411.gif" alt="equation" border=0 align="absmiddle"&gt;&lt;/span&gt;&lt;span style="font-family:'Arial';"&gt;.&lt;br&gt;&lt;/span&gt;&lt;span style="font-family:'Arial'; color:#000000;"&gt;&lt;IMG src="ppg/respondus/L'Hopital's_Rule_Post_BB_Test/post_q3.png" alt="image" align="bottom" border=0&gt;&lt;/span&gt;&lt;span style="font-family:'Arial';"&gt; &lt;br&gt;Use the graphs of &lt;/span&gt;&lt;span style="font-family:'Arial'; color:#000000;"&gt;&lt;IMG src="ppg/respondus/L'Hopital's_Rule_Post_BB_Test/eq_fb748d.gif" alt="equation" border=0 align="absmiddle"&gt;&lt;/span&gt;&lt;span style="font-family:'Arial';"&gt; and &lt;/span&gt;&lt;span style="font-family:'Arial'; color:#000000;"&gt;&lt;IMG src="ppg/respondus/L'Hopital's_Rule_Post_BB_Test/eq_fb7492.gif" alt="equation" border=0 align="absmiddle"&gt;&lt;/span&gt;&lt;span style="font-family:'Arial';"&gt; and the equations of their tangent lines at (4,0) to evaluate &lt;/span&gt;&lt;span style="font-family:'Arial'; color:#000000;"&gt;&lt;IMG src="ppg/respondus/L'Hopital's_Rule_Post_BB_Test/eq_fb74a9.gif" alt="equation" border=0 align="absmiddle"&gt;&lt;/span&gt;&lt;span style="font-family:'Arial';"&gt;. &lt;/span&gt;</mattext></material><response_extension><d2l_2p0:display_style>2</d2l_2p0:display_style><d2l_2p0:enumeration>6</d2l_2p0:enumeration><d2l_2p0:grading_type>0</d2l_2p0:grading_type></response_extension><response_lid ident="QUES_42757028_42761109_LID" rcardinality="Single"><render_choice shuffle="no"><flow_label class="Block"><response_label ident="QUES_42757028_42761109_A130833434"><flow_mat><material><mattext texttype="text/html">&lt;span style="font-family:'Arial';"&gt;-1&lt;/span&gt;</mattext></material></flow_mat></response_label></flow_label><flow_label class="Block"><response_label ident="QUES_42757028_42761109_A130833435"><flow_mat><material><mattext texttype="text/html">&lt;span style="font-family:'Arial';"&gt;-0.69&lt;/span&gt;</mattext></material></flow_mat></response_label></flow_label><flow_label class="Block"><response_label ident="QUES_42757028_42761109_A130833436"><flow_mat><material><mattext texttype="text/html">&lt;span style="font-family:'Arial';"&gt;&lt;IMG src="ppg/respondus/L'Hopital's_Rule_Post_BB_Test/eq_fb7437.gif" alt="equation" border=0 align="absmiddle"&gt;&lt;/span&gt;</mattext></material></flow_mat></response_label></flow_label><flow_label class="Block"><response_label ident="QUES_42757028_42761109_A130833437"><flow_mat><material><mattext texttype="text/html">&lt;span style="font-family:'Arial';"&gt;0&lt;/span&gt;</mattext></material></flow_mat></response_label></flow_label><flow_label class="Block"><response_label ident="QUES_42757028_42761109_A130833438"><flow_mat><material><mattext texttype="text/html">&lt;span style="font-family:'Arial';"&gt;2.19&lt;/span&gt;</mattext></material></flow_mat></response_label></flow_label><flow_label class="Block"><response_label ident="QUES_42757028_42761109_A130833439"><flow_mat><material><mattext texttype="text/html">&lt;span style="font-family:'Arial';"&gt;&lt;IMG src="ppg/respondus/L'Hopital's_Rule_Post_BB_Test/eq_fb7453.gif" alt="equation" border=0 align="absmiddle"&gt;&lt;/span&gt;</mattext></material></flow_mat></response_label></flow_label><flow_label class="Block"><response_label ident="QUES_42757028_42761109_A130833440"><flow_mat><material><mattext texttype="text/html">&lt;span style="font-family:'Arial';"&gt;&lt;IMG src="ppg/respondus/L'Hopital's_Rule_Post_BB_Test/eq_fb7460.gif" alt="equation" border=0 align="absmiddle"&gt;&lt;/span&gt;</mattext></material></flow_mat></response_label></flow_label></render_choice></response_lid></flow></presentation><resprocessing><respcondition title="Response Condition 1"><conditionvar><varequal respident="QUES_42757028_42761109_LID">QUES_42757028_42761109_A130833434</varequal></conditionvar><setvar action="Set">0.000000000</setvar><displayfeedback feedbacktype="Response" linkrefid="QUES_42757028_42761109_IF130833434" /></respcondition><respcondition title="Response Condition 2"><conditionvar><varequal respident="QUES_42757028_42761109_LID">QUES_42757028_42761109_A130833435</varequal></conditionvar><setvar action="Set">0.000000000</setvar><displayfeedback feedbacktype="Response" linkrefid="QUES_42757028_42761109_IF130833435" /></respcondition><respcondition title="Response Condition 3"><conditionvar><varequal respident="QUES_42757028_42761109_LID">QUES_42757028_42761109_A130833436</varequal></conditionvar><setvar action="Set">100.000000000</setvar><displayfeedback feedbacktype="Response" linkrefid="QUES_42757028_42761109_IF130833436" /></respcondition><respcondition title="Response Condition 4"><conditionvar><varequal respident="QUES_42757028_42761109_LID">QUES_42757028_42761109_A130833437</varequal></conditionvar><setvar action="Set">0.000000000</setvar><displayfeedback feedbacktype="Response" linkrefid="QUES_42757028_42761109_IF130833437" /></respcondition><respcondition title="Response Condition 5"><conditionvar><varequal respident="QUES_42757028_42761109_LID">QUES_42757028_42761109_A130833438</varequal></conditionvar><setvar action="Set">0.000000000</setvar><displayfeedback feedbacktype="Response" linkrefid="QUES_42757028_42761109_IF130833438" /></respcondition><respcondition title="Response Condition 6"><conditionvar><varequal respident="QUES_42757028_42761109_LID">QUES_42757028_42761109_A130833439</varequal></conditionvar><setvar action="Set">0.000000000</setvar><displayfeedback feedbacktype="Response" linkrefid="QUES_42757028_42761109_IF130833439" /></respcondition><respcondition title="Response Condition 7"><conditionvar><varequal respident="QUES_42757028_42761109_LID">QUES_42757028_42761109_A130833440</varequal></conditionvar><setvar action="Set">0.000000000</setvar><displayfeedback feedbacktype="Response" linkrefid="QUES_42757028_42761109_IF130833440" /></respcondition></resprocessing><itemfeedback ident="QUES_42757028_42761109_IF130833434"><material><mattext texttype="text/plain" /></material></itemfeedback><itemfeedback ident="QUES_42757028_42761109_IF130833435"><material><mattext texttype="text/plain" /></material></itemfeedback><itemfeedback ident="QUES_42757028_42761109_IF130833436"><material><mattext texttype="text/plain" /></material></itemfeedback><itemfeedback ident="QUES_42757028_42761109_IF130833437"><material><mattext texttype="text/plain" /></material></itemfeedback><itemfeedback ident="QUES_42757028_42761109_IF130833438"><material><mattext texttype="text/plain" /></material></itemfeedback><itemfeedback ident="QUES_42757028_42761109_IF130833439"><material><mattext texttype="text/plain" /></material></itemfeedback><itemfeedback ident="QUES_42757028_42761109_IF130833440"><material><mattext texttype="text/plain" /></material></itemfeedback></item></section></assessment></questestinterop>