﻿<?xml version="1.0" encoding="UTF-8"?><questestinterop xmlns:d2l_2p0="http://desire2learn.com/xsd/d2lcp_v2p0"><assessment d2l_2p0:id="414" title="Secant Lines and Tangent Lines PostVideo Questions" ident="res_quiz_122369" d2l_2p0:resource_code="ef9e56cc46d3486a98963923-94"><rubric><flow_mat><material><mattext d2l_2p0:isdisplayed="no" texttype="text/html" /></material></flow_mat></rubric><assessmentcontrol hintswitch="no" solutionswitch="yes" feedbackswitch="no" /><presentation_material><flow_mat><material label="page header"><mattext d2l_2p0:isdisplayed="no" texttype="text/html" /></material><material label="page footer"><mattext d2l_2p0:isdisplayed="no" texttype="text/html" /></material></flow_mat></presentation_material><assess_procextension><d2l_2p0:intro_message d2l_2p0:isdisplayed="yes" texttype="text/html">Respondus</d2l_2p0:intro_message><d2l_2p0:disable_right_click>no</d2l_2p0:disable_right_click><d2l_2p0:disable_pager_access>no</d2l_2p0:disable_pager_access><is_active>yes</is_active><d2l_2p0:date_start /><d2l_2p0:date_end /><d2l_2p0:date_due /><d2l_2p0:has_schedule_event>no</d2l_2p0:has_schedule_event><d2l_2p0:is_attempt_Rldb>no</d2l_2p0:is_attempt_Rldb><d2l_2p0:is_subview_Rldb>no</d2l_2p0:is_subview_Rldb><d2l_2p0:time_limit>120</d2l_2p0:time_limit><d2l_2p0:show_clock>yes</d2l_2p0:show_clock><d2l_2p0:enforce_time_limit>yes</d2l_2p0:enforce_time_limit><d2l_2p0:grace_period>5</d2l_2p0:grace_period><d2l_2p0:late_limit>0</d2l_2p0:late_limit><d2l_2p0:attempts_allowed>3</d2l_2p0:attempts_allowed><d2l_2p0:attempt_restrictions /><d2l_2p0:mark_calculation_type>1</d2l_2p0:mark_calculation_type><d2l_2p0:is_forward_only>no</d2l_2p0:is_forward_only></assess_procextension><assessfeedback title=""><rubric><flow_mat><material><mattext texttype="yes">Your quiz has been submitted successfully.</mattext></material></flow_mat></rubric><d2l_2p0:duration>0</d2l_2p0:duration><d2l_2p0:response_display_type_id>1</d2l_2p0:response_display_type_id><d2l_2p0:show_correct_answers>no</d2l_2p0:show_correct_answers><d2l_2p0:submission_restrictip>no</d2l_2p0:submission_restrictip><d2l_2p0:show_class_average>no</d2l_2p0:show_class_average><d2l_2p0:show_score_distribution>no</d2l_2p0:show_score_distribution></assessfeedback><section ident="CONTAINER_SECTION"><item ident="OBJ_1651077" label="QUES_42756884_42760965" d2l_2p0:page="1"><itemmetadata><qtimetadata><qti_metadatafield><fieldlabel>qmd_computerscored</fieldlabel><fieldentry>yes</fieldentry></qti_metadatafield><qti_metadatafield><fieldlabel>qmd_questiontype</fieldlabel><fieldentry>Multiple Choice</fieldentry></qti_metadatafield><qti_metadatafield><fieldlabel>qmd_weighting</fieldlabel><fieldentry>1.000000000</fieldentry></qti_metadatafield><qti_metadatafield><fieldlabel>qmd_globalid</fieldlabel><fieldentry>0728b5d2-1b95-42cd-9884-9f6c07845d8e</fieldentry></qti_metadatafield><qti_metadatafield><fieldlabel>qmd_displayid</fieldlabel><fieldentry>Sample Course-74083</fieldentry></qti_metadatafield></qtimetadata></itemmetadata><itemproc_extension><d2l_2p0:difficulty>3</d2l_2p0:difficulty><d2l_2p0:isbonus>no</d2l_2p0:isbonus><d2l_2p0:ismandatory>yes</d2l_2p0:ismandatory></itemproc_extension><presentation><flow><material><mattext texttype="text/html">&lt;!--RsQ_001--&gt;&lt;span style="font-family:'Arial';"&gt;The slope of the line tangent to the graph of &lt;/span&gt;&lt;span style="font-family:'Arial';"&gt;&lt;i&gt;y=f(x)&lt;/i&gt;&lt;/span&gt;&lt;span style="font-family:'Arial';"&gt; at the input value &lt;/span&gt;&lt;span style="font-family:'Arial';"&gt;&lt;i&gt;x=5&lt;/i&gt;&lt;/span&gt;&lt;span style="font-family:'Arial';"&gt; is shown in the graph below. The slope of this tangent line is 0.712. &lt;/span&gt;&lt;span style="font-family:'Arial'; color:#000000;"&gt;&lt;IMG src="ppg/respondus/Secant_Lines_and_Tangent_Lines_Post_BB_Test/post1.png" alt="image" align="bottom" border=0&gt;&lt;/span&gt;&lt;span style="font-family:'Arial';"&gt; &lt;/span&gt;</mattext></material><response_extension><d2l_2p0:display_style>2</d2l_2p0:display_style><d2l_2p0:enumeration>6</d2l_2p0:enumeration><d2l_2p0:grading_type>0</d2l_2p0:grading_type></response_extension><response_lid ident="QUES_42756884_42760965_LID" rcardinality="Single"><render_choice shuffle="no"><flow_label class="Block"><response_label ident="QUES_42756884_42760965_A130832607"><flow_mat><material><mattext texttype="text/html">&lt;span style="font-family:'Arial';"&gt;The value of &lt;/span&gt;&lt;span style="font-family:'Arial';"&gt;&lt;i&gt;f(x)&lt;/i&gt;&lt;/span&gt;&lt;span style="font-family:'Arial';"&gt; changes by 0.172&lt;/span&gt;</mattext></material></flow_mat></response_label></flow_label><flow_label class="Block"><response_label ident="QUES_42756884_42760965_A130832608"><flow_mat><material><mattext texttype="text/html">&lt;span style="font-family:'Arial';"&gt;The value of &lt;/span&gt;&lt;span style="font-family:'Arial';"&gt;&lt;i&gt;f(x)&lt;/i&gt;&lt;/span&gt;&lt;span style="font-family:'Arial';"&gt; changes by 0.172 times 5&lt;/span&gt;</mattext></material></flow_mat></response_label></flow_label><flow_label class="Block"><response_label ident="QUES_42756884_42760965_A130832609"><flow_mat><material><mattext texttype="text/html">&lt;span style="font-family:'Arial';"&gt;The value of &lt;/span&gt;&lt;span style="font-family:'Arial';"&gt;&lt;i&gt;f(x)&lt;/i&gt;&lt;/span&gt;&lt;span style="font-family:'Arial';"&gt; changes by 0.172 divided by 5&lt;/span&gt;</mattext></material></flow_mat></response_label></flow_label><flow_label class="Block"><response_label ident="QUES_42756884_42760965_A130832610"><flow_mat><material><mattext texttype="text/html">&lt;span style="font-family:'Arial';"&gt;The value of &lt;/span&gt;&lt;span style="font-family:'Arial';"&gt;&lt;i&gt;f(x)&lt;/i&gt;&lt;/span&gt;&lt;span style="font-family:'Arial';"&gt; changes by 0.172 times &lt;/span&gt;&lt;span style="font-family:'Arial';"&gt;&lt;i&gt;dx&lt;/i&gt;&lt;/span&gt;</mattext></material></flow_mat></response_label></flow_label><flow_label class="Block"><response_label ident="QUES_42756884_42760965_A130832611"><flow_mat><material><mattext texttype="text/html">&lt;span style="font-family:'Arial';"&gt;The value of &lt;/span&gt;&lt;span style="font-family:'Arial';"&gt;&lt;i&gt;f(x)&lt;/i&gt;&lt;/span&gt;&lt;span style="font-family:'Arial';"&gt; changes by 0.172 divided by &lt;/span&gt;&lt;span style="font-family:'Arial';"&gt;&lt;i&gt;dx&lt;/i&gt;&lt;/span&gt;</mattext></material></flow_mat></response_label></flow_label></render_choice></response_lid></flow></presentation><resprocessing><respcondition title="Response Condition 1"><conditionvar><varequal respident="QUES_42756884_42760965_LID">QUES_42756884_42760965_A130832607</varequal></conditionvar><setvar action="Set">0.000000000</setvar><displayfeedback feedbacktype="Response" linkrefid="QUES_42756884_42760965_IF130832607" /></respcondition><respcondition title="Response Condition 2"><conditionvar><varequal respident="QUES_42756884_42760965_LID">QUES_42756884_42760965_A130832608</varequal></conditionvar><setvar action="Set">0.000000000</setvar><displayfeedback feedbacktype="Response" linkrefid="QUES_42756884_42760965_IF130832608" /></respcondition><respcondition title="Response Condition 3"><conditionvar><varequal respident="QUES_42756884_42760965_LID">QUES_42756884_42760965_A130832609</varequal></conditionvar><setvar action="Set">0.000000000</setvar><displayfeedback feedbacktype="Response" linkrefid="QUES_42756884_42760965_IF130832609" /></respcondition><respcondition title="Response Condition 4"><conditionvar><varequal respident="QUES_42756884_42760965_LID">QUES_42756884_42760965_A130832610</varequal></conditionvar><setvar action="Set">100.000000000</setvar><displayfeedback feedbacktype="Response" linkrefid="QUES_42756884_42760965_IF130832610" /></respcondition><respcondition title="Response Condition 5"><conditionvar><varequal respident="QUES_42756884_42760965_LID">QUES_42756884_42760965_A130832611</varequal></conditionvar><setvar action="Set">0.000000000</setvar><displayfeedback feedbacktype="Response" linkrefid="QUES_42756884_42760965_IF130832611" /></respcondition></resprocessing><itemfeedback ident="QUES_42756884_42760965_IF130832607"><material><mattext texttype="text/plain" /></material></itemfeedback><itemfeedback ident="QUES_42756884_42760965_IF130832608"><material><mattext texttype="text/plain" /></material></itemfeedback><itemfeedback ident="QUES_42756884_42760965_IF130832609"><material><mattext texttype="text/plain" /></material></itemfeedback><itemfeedback ident="QUES_42756884_42760965_IF130832610"><material><mattext texttype="text/plain" /></material></itemfeedback><itemfeedback ident="QUES_42756884_42760965_IF130832611"><material><mattext texttype="text/plain" /></material></itemfeedback></item><item ident="OBJ_1651078" label="QUES_42756885_42760966" d2l_2p0:page="1"><itemmetadata><qtimetadata><qti_metadatafield><fieldlabel>qmd_computerscored</fieldlabel><fieldentry>yes</fieldentry></qti_metadatafield><qti_metadatafield><fieldlabel>qmd_questiontype</fieldlabel><fieldentry>Multiple Choice</fieldentry></qti_metadatafield><qti_metadatafield><fieldlabel>qmd_weighting</fieldlabel><fieldentry>1.000000000</fieldentry></qti_metadatafield><qti_metadatafield><fieldlabel>qmd_globalid</fieldlabel><fieldentry>b0555dc8-5aa7-4f04-b18a-e0c83e07d33a</fieldentry></qti_metadatafield><qti_metadatafield><fieldlabel>qmd_displayid</fieldlabel><fieldentry>Sample Course-74084</fieldentry></qti_metadatafield></qtimetadata></itemmetadata><itemproc_extension><d2l_2p0:difficulty>3</d2l_2p0:difficulty><d2l_2p0:isbonus>no</d2l_2p0:isbonus><d2l_2p0:ismandatory>yes</d2l_2p0:ismandatory></itemproc_extension><presentation><flow><material><mattext texttype="text/html">&lt;!--RsQ_002--&gt;&lt;span style="font-family:'Arial';"&gt;Suppose &lt;/span&gt;&lt;span style="font-family:'Arial';"&gt;&lt;i&gt;f'(a)&lt;/i&gt;&lt;/span&gt;&lt;span style="font-family:'Arial';"&gt; &amp;lt; &lt;/span&gt;&lt;span style="font-family:'Arial'; color:#000000;"&gt;&lt;IMG src="ppg/respondus/Secant_Lines_and_Tangent_Lines_Post_BB_Test/eq_f3e6bf.gif" alt="equation" border=0 align="absmiddle"&gt;&lt;/span&gt;&lt;span style="font-family:'Arial';"&gt; for &lt;/span&gt;&lt;span style="font-family:'Arial'; color:#000000;"&gt;&lt;IMG src="ppg/respondus/Secant_Lines_and_Tangent_Lines_Post_BB_Test/eq_f3e6f0.gif" alt="equation" border=0 align="absmiddle"&gt;&lt;/span&gt;&lt;span style="font-family:'Arial';"&gt;&amp;gt;0. Which of the following could be the graph of &lt;/span&gt;&lt;span style="font-family:'Arial';"&gt;&lt;i&gt;f&lt;/i&gt;&lt;/span&gt;&lt;span style="font-family:'Arial';"&gt;?&lt;br&gt;&lt;/span&gt;&lt;span style="font-family:'Arial'; color:#000000;"&gt;&lt;IMG src="ppg/respondus/Secant_Lines_and_Tangent_Lines_Post_BB_Test/prob2_.png" alt="image" align="bottom" border=0&gt;&lt;/span&gt;&lt;span style="font-family:'Arial';"&gt; &lt;/span&gt;</mattext></material><response_extension><d2l_2p0:display_style>2</d2l_2p0:display_style><d2l_2p0:enumeration>6</d2l_2p0:enumeration><d2l_2p0:grading_type>0</d2l_2p0:grading_type></response_extension><response_lid ident="QUES_42756885_42760966_LID" rcardinality="Single"><render_choice shuffle="no"><flow_label class="Block"><response_label ident="QUES_42756885_42760966_A130832612"><flow_mat><material><mattext texttype="text/html">&lt;span style="font-family:'Arial';"&gt;I only&lt;/span&gt;</mattext></material></flow_mat></response_label></flow_label><flow_label class="Block"><response_label ident="QUES_42756885_42760966_A130832613"><flow_mat><material><mattext texttype="text/html">&lt;span style="font-family:'Arial';"&gt;II only&lt;/span&gt;</mattext></material></flow_mat></response_label></flow_label><flow_label class="Block"><response_label ident="QUES_42756885_42760966_A130832614"><flow_mat><material><mattext texttype="text/html">&lt;span style="font-family:'Arial';"&gt;II and III only&lt;/span&gt;</mattext></material></flow_mat></response_label></flow_label><flow_label class="Block"><response_label ident="QUES_42756885_42760966_A130832615"><flow_mat><material><mattext texttype="text/html">&lt;span style="font-family:'Arial';"&gt;I and IV only &lt;/span&gt;</mattext></material></flow_mat></response_label></flow_label><flow_label class="Block"><response_label ident="QUES_42756885_42760966_A130832616"><flow_mat><material><mattext texttype="text/html">&lt;span style="font-family:'Arial';"&gt;III and IV only&lt;/span&gt;</mattext></material></flow_mat></response_label></flow_label></render_choice></response_lid></flow></presentation><resprocessing><respcondition title="Response Condition 1"><conditionvar><varequal respident="QUES_42756885_42760966_LID">QUES_42756885_42760966_A130832612</varequal></conditionvar><setvar action="Set">0.000000000</setvar><displayfeedback feedbacktype="Response" linkrefid="QUES_42756885_42760966_IF130832612" /></respcondition><respcondition title="Response Condition 2"><conditionvar><varequal respident="QUES_42756885_42760966_LID">QUES_42756885_42760966_A130832613</varequal></conditionvar><setvar action="Set">0.000000000</setvar><displayfeedback feedbacktype="Response" linkrefid="QUES_42756885_42760966_IF130832613" /></respcondition><respcondition title="Response Condition 3"><conditionvar><varequal respident="QUES_42756885_42760966_LID">QUES_42756885_42760966_A130832614</varequal></conditionvar><setvar action="Set">100.000000000</setvar><displayfeedback feedbacktype="Response" linkrefid="QUES_42756885_42760966_IF130832614" /></respcondition><respcondition title="Response Condition 4"><conditionvar><varequal respident="QUES_42756885_42760966_LID">QUES_42756885_42760966_A130832615</varequal></conditionvar><setvar action="Set">0.000000000</setvar><displayfeedback feedbacktype="Response" linkrefid="QUES_42756885_42760966_IF130832615" /></respcondition><respcondition title="Response Condition 5"><conditionvar><varequal respident="QUES_42756885_42760966_LID">QUES_42756885_42760966_A130832616</varequal></conditionvar><setvar action="Set">0.000000000</setvar><displayfeedback feedbacktype="Response" linkrefid="QUES_42756885_42760966_IF130832616" /></respcondition></resprocessing><itemfeedback ident="QUES_42756885_42760966_IF130832612"><material><mattext texttype="text/plain" /></material></itemfeedback><itemfeedback ident="QUES_42756885_42760966_IF130832613"><material><mattext texttype="text/plain" /></material></itemfeedback><itemfeedback ident="QUES_42756885_42760966_IF130832614"><material><mattext texttype="text/plain" /></material></itemfeedback><itemfeedback ident="QUES_42756885_42760966_IF130832615"><material><mattext texttype="text/plain" /></material></itemfeedback><itemfeedback ident="QUES_42756885_42760966_IF130832616"><material><mattext texttype="text/plain" /></material></itemfeedback></item></section></assessment></questestinterop>