﻿<?xml version="1.0" encoding="UTF-8"?><questestinterop xmlns:d2l_2p0="http://desire2learn.com/xsd/d2lcp_v2p0"><assessment d2l_2p0:id="413" title="Quotient Rule PreVideo Questions" ident="res_quiz_122368" d2l_2p0:resource_code="ef9e56cc46d3486a98963923-93"><rubric><flow_mat><material><mattext d2l_2p0:isdisplayed="no" texttype="text/html" /></material></flow_mat></rubric><assessmentcontrol hintswitch="no" solutionswitch="yes" feedbackswitch="no" /><presentation_material><flow_mat><material label="page header"><mattext d2l_2p0:isdisplayed="no" texttype="text/html" /></material><material label="page footer"><mattext d2l_2p0:isdisplayed="no" texttype="text/html" /></material></flow_mat></presentation_material><assess_procextension><d2l_2p0:intro_message d2l_2p0:isdisplayed="yes" texttype="text/html">Respondus</d2l_2p0:intro_message><d2l_2p0:disable_right_click>no</d2l_2p0:disable_right_click><d2l_2p0:disable_pager_access>no</d2l_2p0:disable_pager_access><is_active>yes</is_active><d2l_2p0:date_start /><d2l_2p0:date_end /><d2l_2p0:date_due /><d2l_2p0:has_schedule_event>no</d2l_2p0:has_schedule_event><d2l_2p0:is_attempt_Rldb>no</d2l_2p0:is_attempt_Rldb><d2l_2p0:is_subview_Rldb>no</d2l_2p0:is_subview_Rldb><d2l_2p0:time_limit>120</d2l_2p0:time_limit><d2l_2p0:show_clock>yes</d2l_2p0:show_clock><d2l_2p0:enforce_time_limit>yes</d2l_2p0:enforce_time_limit><d2l_2p0:grace_period>5</d2l_2p0:grace_period><d2l_2p0:late_limit>0</d2l_2p0:late_limit><d2l_2p0:attempts_allowed>3</d2l_2p0:attempts_allowed><d2l_2p0:attempt_restrictions /><d2l_2p0:mark_calculation_type>1</d2l_2p0:mark_calculation_type><d2l_2p0:is_forward_only>no</d2l_2p0:is_forward_only></assess_procextension><assessfeedback title=""><rubric><flow_mat><material><mattext texttype="yes">Your quiz has been submitted successfully.</mattext></material></flow_mat></rubric><d2l_2p0:duration>0</d2l_2p0:duration><d2l_2p0:response_display_type_id>1</d2l_2p0:response_display_type_id><d2l_2p0:show_correct_answers>no</d2l_2p0:show_correct_answers><d2l_2p0:submission_restrictip>no</d2l_2p0:submission_restrictip><d2l_2p0:show_class_average>no</d2l_2p0:show_class_average><d2l_2p0:show_score_distribution>no</d2l_2p0:show_score_distribution></assessfeedback><section ident="CONTAINER_SECTION"><item ident="OBJ_1651074" label="QUES_42756881_42760962" d2l_2p0:page="1"><itemmetadata><qtimetadata><qti_metadatafield><fieldlabel>qmd_computerscored</fieldlabel><fieldentry>yes</fieldentry></qti_metadatafield><qti_metadatafield><fieldlabel>qmd_questiontype</fieldlabel><fieldentry>Multiple Choice</fieldentry></qti_metadatafield><qti_metadatafield><fieldlabel>qmd_weighting</fieldlabel><fieldentry>1.000000000</fieldentry></qti_metadatafield><qti_metadatafield><fieldlabel>qmd_globalid</fieldlabel><fieldentry>6a11c63c-10dc-4ccd-a18f-6189ae06864b</fieldentry></qti_metadatafield><qti_metadatafield><fieldlabel>qmd_displayid</fieldlabel><fieldentry>Sample Course-74080</fieldentry></qti_metadatafield></qtimetadata></itemmetadata><itemproc_extension><d2l_2p0:difficulty>3</d2l_2p0:difficulty><d2l_2p0:isbonus>no</d2l_2p0:isbonus><d2l_2p0:ismandatory>yes</d2l_2p0:ismandatory></itemproc_extension><presentation><flow><material><mattext texttype="text/html">&lt;!--RsQ_001--&gt;&lt;span style="font-family:'Arial';"&gt;If &lt;/span&gt;&lt;span style="font-family:'Arial';"&gt;&lt;i&gt;f(x)&lt;/i&gt;&lt;/span&gt;&lt;span style="font-family:'Arial';"&gt; = &lt;/span&gt;&lt;span style="font-family:'Arial'; color:#000000;"&gt;&lt;IMG src="ppg/respondus/Quotient_Rule_Pre_BB_Test/eq_f53d48.gif" alt="equation" border=0 align="absmiddle"&gt;&lt;/span&gt;&lt;span style="font-family:'Arial';"&gt; , then &lt;/span&gt;&lt;span style="font-family:'Arial';"&gt;&lt;i&gt;f'(x)&lt;/i&gt;&lt;/span&gt;&lt;span style="font-family:'Arial';"&gt; = &lt;/span&gt;</mattext></material><response_extension><d2l_2p0:display_style>2</d2l_2p0:display_style><d2l_2p0:enumeration>6</d2l_2p0:enumeration><d2l_2p0:grading_type>0</d2l_2p0:grading_type></response_extension><response_lid ident="QUES_42756881_42760962_LID" rcardinality="Single"><render_choice shuffle="no"><flow_label class="Block"><response_label ident="QUES_42756881_42760962_A130832592"><flow_mat><material><mattext texttype="text/html">&lt;span style="font-family:'Arial';"&gt;&lt;IMG src="ppg/respondus/Quotient_Rule_Pre_BB_Test/eq_f53d82.gif" alt="equation" border=0 align="absmiddle"&gt;&lt;/span&gt;</mattext></material></flow_mat></response_label></flow_label><flow_label class="Block"><response_label ident="QUES_42756881_42760962_A130832593"><flow_mat><material><mattext texttype="text/html">&lt;span style="font-family:'Arial';"&gt;&lt;IMG src="ppg/respondus/Quotient_Rule_Pre_BB_Test/eq_f53d97.gif" alt="equation" border=0 align="absmiddle"&gt;&lt;/span&gt;</mattext></material></flow_mat></response_label></flow_label><flow_label class="Block"><response_label ident="QUES_42756881_42760962_A130832594"><flow_mat><material><mattext texttype="text/html">&lt;span style="font-family:'Arial';"&gt;&lt;IMG src="ppg/respondus/Quotient_Rule_Pre_BB_Test/eq_f53e0a.gif" alt="equation" border=0 align="absmiddle"&gt;&lt;/span&gt;</mattext></material></flow_mat></response_label></flow_label><flow_label class="Block"><response_label ident="QUES_42756881_42760962_A130832595"><flow_mat><material><mattext texttype="text/html">&lt;span style="font-family:'Arial';"&gt;&lt;IMG src="ppg/respondus/Quotient_Rule_Pre_BB_Test/eq_f53e37.gif" alt="equation" border=0 align="absmiddle"&gt;&lt;/span&gt;</mattext></material></flow_mat></response_label></flow_label><flow_label class="Block"><response_label ident="QUES_42756881_42760962_A130832596"><flow_mat><material><mattext texttype="text/html">&lt;span style="font-family:'Arial';"&gt;&lt;IMG src="ppg/respondus/Quotient_Rule_Pre_BB_Test/eq_f53e6a.gif" alt="equation" border=0 align="absmiddle"&gt;&lt;/span&gt;</mattext></material></flow_mat></response_label></flow_label></render_choice></response_lid></flow></presentation><resprocessing><respcondition title="Response Condition 1"><conditionvar><varequal respident="QUES_42756881_42760962_LID">QUES_42756881_42760962_A130832592</varequal></conditionvar><setvar action="Set">0.000000000</setvar><displayfeedback feedbacktype="Response" linkrefid="QUES_42756881_42760962_IF130832592" /></respcondition><respcondition title="Response Condition 2"><conditionvar><varequal respident="QUES_42756881_42760962_LID">QUES_42756881_42760962_A130832593</varequal></conditionvar><setvar action="Set">0.000000000</setvar><displayfeedback feedbacktype="Response" linkrefid="QUES_42756881_42760962_IF130832593" /></respcondition><respcondition title="Response Condition 3"><conditionvar><varequal respident="QUES_42756881_42760962_LID">QUES_42756881_42760962_A130832594</varequal></conditionvar><setvar action="Set">0.000000000</setvar><displayfeedback feedbacktype="Response" linkrefid="QUES_42756881_42760962_IF130832594" /></respcondition><respcondition title="Response Condition 4"><conditionvar><varequal respident="QUES_42756881_42760962_LID">QUES_42756881_42760962_A130832595</varequal></conditionvar><setvar action="Set">100.000000000</setvar><displayfeedback feedbacktype="Response" linkrefid="QUES_42756881_42760962_IF130832595" /></respcondition><respcondition title="Response Condition 5"><conditionvar><varequal respident="QUES_42756881_42760962_LID">QUES_42756881_42760962_A130832596</varequal></conditionvar><setvar action="Set">0.000000000</setvar><displayfeedback feedbacktype="Response" linkrefid="QUES_42756881_42760962_IF130832596" /></respcondition></resprocessing><itemfeedback ident="QUES_42756881_42760962_IF130832592"><material><mattext texttype="text/plain" /></material></itemfeedback><itemfeedback ident="QUES_42756881_42760962_IF130832593"><material><mattext texttype="text/plain" /></material></itemfeedback><itemfeedback ident="QUES_42756881_42760962_IF130832594"><material><mattext texttype="text/plain" /></material></itemfeedback><itemfeedback ident="QUES_42756881_42760962_IF130832595"><material><mattext texttype="text/plain" /></material></itemfeedback><itemfeedback ident="QUES_42756881_42760962_IF130832596"><material><mattext texttype="text/plain" /></material></itemfeedback></item><item ident="OBJ_1651075" label="QUES_42756882_42760963" d2l_2p0:page="1"><itemmetadata><qtimetadata><qti_metadatafield><fieldlabel>qmd_computerscored</fieldlabel><fieldentry>yes</fieldentry></qti_metadatafield><qti_metadatafield><fieldlabel>qmd_questiontype</fieldlabel><fieldentry>Multiple Choice</fieldentry></qti_metadatafield><qti_metadatafield><fieldlabel>qmd_weighting</fieldlabel><fieldentry>1.000000000</fieldentry></qti_metadatafield><qti_metadatafield><fieldlabel>qmd_globalid</fieldlabel><fieldentry>e8b53016-4eac-49fd-a57b-94dabd2b5e8f</fieldentry></qti_metadatafield><qti_metadatafield><fieldlabel>qmd_displayid</fieldlabel><fieldentry>Sample Course-74081</fieldentry></qti_metadatafield></qtimetadata></itemmetadata><itemproc_extension><d2l_2p0:difficulty>3</d2l_2p0:difficulty><d2l_2p0:isbonus>no</d2l_2p0:isbonus><d2l_2p0:ismandatory>yes</d2l_2p0:ismandatory></itemproc_extension><presentation><flow><material><mattext texttype="text/html">&lt;!--RsQ_002--&gt;&lt;span style="font-family:'Arial';"&gt;If &lt;/span&gt;&lt;span style="font-family:'Arial';"&gt;&lt;i&gt;f(x)&lt;/i&gt;&lt;/span&gt;&lt;span style="font-family:'Arial';"&gt; = &lt;/span&gt;&lt;span style="font-family:'Arial'; color:#000000;"&gt;&lt;IMG src="ppg/respondus/Quotient_Rule_Pre_BB_Test/eq_f53ee0.gif" alt="equation" border=0 align="absmiddle"&gt;&lt;/span&gt;&lt;span style="font-family:'Arial';"&gt;, then &lt;/span&gt;&lt;span style="font-family:'Arial';"&gt;&lt;i&gt;f'(x)&lt;/i&gt;&lt;/span&gt;&lt;span style="font-family:'Arial';"&gt; = &lt;/span&gt;</mattext></material><response_extension><d2l_2p0:display_style>2</d2l_2p0:display_style><d2l_2p0:enumeration>6</d2l_2p0:enumeration><d2l_2p0:grading_type>0</d2l_2p0:grading_type></response_extension><response_lid ident="QUES_42756882_42760963_LID" rcardinality="Single"><render_choice shuffle="no"><flow_label class="Block"><response_label ident="QUES_42756882_42760963_A130832597"><flow_mat><material><mattext texttype="text/html">&lt;span style="font-family:'Arial'; color:#000000;"&gt;&lt;IMG src="ppg/respondus/Quotient_Rule_Pre_BB_Test/eq_f53f03.gif" alt="equation" border=0 align="absmiddle"&gt;&lt;/span&gt;&lt;span style="font-family:'Arial';"&gt; &lt;/span&gt;</mattext></material></flow_mat></response_label></flow_label><flow_label class="Block"><response_label ident="QUES_42756882_42760963_A130832598"><flow_mat><material><mattext texttype="text/html">&lt;span style="font-family:'Arial';"&gt;&lt;IMG src="ppg/respondus/Quotient_Rule_Pre_BB_Test/eq_f53f50.gif" alt="equation" border=0 align="absmiddle"&gt;&lt;/span&gt;</mattext></material></flow_mat></response_label></flow_label><flow_label class="Block"><response_label ident="QUES_42756882_42760963_A130832599"><flow_mat><material><mattext texttype="text/html">&lt;span style="font-family:'Arial';"&gt;&lt;IMG src="ppg/respondus/Quotient_Rule_Pre_BB_Test/eq_f53f87.gif" alt="equation" border=0 align="absmiddle"&gt;&lt;/span&gt;</mattext></material></flow_mat></response_label></flow_label><flow_label class="Block"><response_label ident="QUES_42756882_42760963_A130832600"><flow_mat><material><mattext texttype="text/html">&lt;span style="font-family:'Arial'; color:#000000;"&gt;&lt;IMG src="ppg/respondus/Quotient_Rule_Pre_BB_Test/eq_f53fa6.gif" alt="equation" border=0 align="absmiddle"&gt;&lt;/span&gt;&lt;span style="font-family:'Arial';"&gt; &lt;/span&gt;</mattext></material></flow_mat></response_label></flow_label><flow_label class="Block"><response_label ident="QUES_42756882_42760963_A130832601"><flow_mat><material><mattext texttype="text/html">&lt;span style="font-family:'Arial';"&gt;&lt;IMG src="ppg/respondus/Quotient_Rule_Pre_BB_Test/eq_f53fc8.gif" alt="equation" border=0 align="absmiddle"&gt;&lt;/span&gt;</mattext></material></flow_mat></response_label></flow_label></render_choice></response_lid></flow></presentation><resprocessing><respcondition title="Response Condition 1"><conditionvar><varequal respident="QUES_42756882_42760963_LID">QUES_42756882_42760963_A130832597</varequal></conditionvar><setvar action="Set">0.000000000</setvar><displayfeedback feedbacktype="Response" linkrefid="QUES_42756882_42760963_IF130832597" /></respcondition><respcondition title="Response Condition 2"><conditionvar><varequal respident="QUES_42756882_42760963_LID">QUES_42756882_42760963_A130832598</varequal></conditionvar><setvar action="Set">0.000000000</setvar><displayfeedback feedbacktype="Response" linkrefid="QUES_42756882_42760963_IF130832598" /></respcondition><respcondition title="Response Condition 3"><conditionvar><varequal respident="QUES_42756882_42760963_LID">QUES_42756882_42760963_A130832599</varequal></conditionvar><setvar action="Set">0.000000000</setvar><displayfeedback feedbacktype="Response" linkrefid="QUES_42756882_42760963_IF130832599" /></respcondition><respcondition title="Response Condition 4"><conditionvar><varequal respident="QUES_42756882_42760963_LID">QUES_42756882_42760963_A130832600</varequal></conditionvar><setvar action="Set">100.000000000</setvar><displayfeedback feedbacktype="Response" linkrefid="QUES_42756882_42760963_IF130832600" /></respcondition><respcondition title="Response Condition 5"><conditionvar><varequal respident="QUES_42756882_42760963_LID">QUES_42756882_42760963_A130832601</varequal></conditionvar><setvar action="Set">0.000000000</setvar><displayfeedback feedbacktype="Response" linkrefid="QUES_42756882_42760963_IF130832601" /></respcondition></resprocessing><itemfeedback ident="QUES_42756882_42760963_IF130832597"><material><mattext texttype="text/plain" /></material></itemfeedback><itemfeedback ident="QUES_42756882_42760963_IF130832598"><material><mattext texttype="text/plain" /></material></itemfeedback><itemfeedback ident="QUES_42756882_42760963_IF130832599"><material><mattext texttype="text/plain" /></material></itemfeedback><itemfeedback ident="QUES_42756882_42760963_IF130832600"><material><mattext texttype="text/plain" /></material></itemfeedback><itemfeedback ident="QUES_42756882_42760963_IF130832601"><material><mattext texttype="text/plain" /></material></itemfeedback></item><item ident="OBJ_1651076" label="QUES_42756883_42760964" d2l_2p0:page="1"><itemmetadata><qtimetadata><qti_metadatafield><fieldlabel>qmd_computerscored</fieldlabel><fieldentry>yes</fieldentry></qti_metadatafield><qti_metadatafield><fieldlabel>qmd_questiontype</fieldlabel><fieldentry>Multiple Choice</fieldentry></qti_metadatafield><qti_metadatafield><fieldlabel>qmd_weighting</fieldlabel><fieldentry>1.000000000</fieldentry></qti_metadatafield><qti_metadatafield><fieldlabel>qmd_globalid</fieldlabel><fieldentry>6a3c961e-8493-40a2-951a-96dbc56e5247</fieldentry></qti_metadatafield><qti_metadatafield><fieldlabel>qmd_displayid</fieldlabel><fieldentry>Sample Course-74082</fieldentry></qti_metadatafield></qtimetadata></itemmetadata><itemproc_extension><d2l_2p0:difficulty>3</d2l_2p0:difficulty><d2l_2p0:isbonus>no</d2l_2p0:isbonus><d2l_2p0:ismandatory>yes</d2l_2p0:ismandatory></itemproc_extension><presentation><flow><material><mattext texttype="text/html">&lt;!--RsQ_003--&gt;&lt;span style="font-family:'Arial';"&gt;if &lt;/span&gt;&lt;span style="font-family:'Arial';"&gt;&lt;i&gt;f(x)&lt;/i&gt;&lt;/span&gt;&lt;span style="font-family:'Arial';"&gt; = &lt;/span&gt;&lt;span style="font-family:'Arial'; color:#000000;"&gt;&lt;IMG src="ppg/respondus/Quotient_Rule_Pre_BB_Test/eq_f53ff3.gif" alt="equation" border=0 align="absmiddle"&gt;&lt;/span&gt;&lt;span style="font-family:'Arial';"&gt;, then &lt;/span&gt;&lt;span style="font-family:'Arial';"&gt;&lt;i&gt;f'(x)&lt;/i&gt;&lt;/span&gt;&lt;span style="font-family:'Arial';"&gt; = &lt;/span&gt;</mattext></material><response_extension><d2l_2p0:display_style>2</d2l_2p0:display_style><d2l_2p0:enumeration>6</d2l_2p0:enumeration><d2l_2p0:grading_type>0</d2l_2p0:grading_type></response_extension><response_lid ident="QUES_42756883_42760964_LID" rcardinality="Single"><render_choice shuffle="no"><flow_label class="Block"><response_label ident="QUES_42756883_42760964_A130832602"><flow_mat><material><mattext texttype="text/html">&lt;span style="font-family:'Arial';"&gt;&lt;IMG src="ppg/respondus/Quotient_Rule_Pre_BB_Test/eq_f54032.gif" alt="equation" border=0 align="absmiddle"&gt;&lt;/span&gt;</mattext></material></flow_mat></response_label></flow_label><flow_label class="Block"><response_label ident="QUES_42756883_42760964_A130832603"><flow_mat><material><mattext texttype="text/html">&lt;span style="font-family:'Arial';"&gt;&lt;IMG src="ppg/respondus/Quotient_Rule_Pre_BB_Test/eq_f5405b.gif" alt="equation" border=0 align="absmiddle"&gt;&lt;/span&gt;</mattext></material></flow_mat></response_label></flow_label><flow_label class="Block"><response_label ident="QUES_42756883_42760964_A130832604"><flow_mat><material><mattext texttype="text/html">&lt;span style="font-family:'Arial';"&gt;&lt;IMG src="ppg/respondus/Quotient_Rule_Pre_BB_Test/eq_f54063.gif" alt="equation" border=0 align="absmiddle"&gt;&lt;/span&gt;</mattext></material></flow_mat></response_label></flow_label><flow_label class="Block"><response_label ident="QUES_42756883_42760964_A130832605"><flow_mat><material><mattext texttype="text/html">&lt;span style="font-family:'Arial';"&gt;&lt;IMG src="ppg/respondus/Quotient_Rule_Pre_BB_Test/eq_f5408c.gif" alt="equation" border=0 align="absmiddle"&gt;&lt;/span&gt;</mattext></material></flow_mat></response_label></flow_label><flow_label class="Block"><response_label ident="QUES_42756883_42760964_A130832606"><flow_mat><material><mattext texttype="text/html">&lt;span style="font-family:'Arial';"&gt;&lt;IMG src="ppg/respondus/Quotient_Rule_Pre_BB_Test/eq_f540ac.gif" alt="equation" border=0 align="absmiddle"&gt;&lt;/span&gt;</mattext></material></flow_mat></response_label></flow_label></render_choice></response_lid></flow></presentation><resprocessing><respcondition title="Response Condition 1"><conditionvar><varequal respident="QUES_42756883_42760964_LID">QUES_42756883_42760964_A130832602</varequal></conditionvar><setvar action="Set">0.000000000</setvar><displayfeedback feedbacktype="Response" linkrefid="QUES_42756883_42760964_IF130832602" /></respcondition><respcondition title="Response Condition 2"><conditionvar><varequal respident="QUES_42756883_42760964_LID">QUES_42756883_42760964_A130832603</varequal></conditionvar><setvar action="Set">0.000000000</setvar><displayfeedback feedbacktype="Response" linkrefid="QUES_42756883_42760964_IF130832603" /></respcondition><respcondition title="Response Condition 3"><conditionvar><varequal respident="QUES_42756883_42760964_LID">QUES_42756883_42760964_A130832604</varequal></conditionvar><setvar action="Set">100.000000000</setvar><displayfeedback feedbacktype="Response" linkrefid="QUES_42756883_42760964_IF130832604" /></respcondition><respcondition title="Response Condition 4"><conditionvar><varequal respident="QUES_42756883_42760964_LID">QUES_42756883_42760964_A130832605</varequal></conditionvar><setvar action="Set">0.000000000</setvar><displayfeedback feedbacktype="Response" linkrefid="QUES_42756883_42760964_IF130832605" /></respcondition><respcondition title="Response Condition 5"><conditionvar><varequal respident="QUES_42756883_42760964_LID">QUES_42756883_42760964_A130832606</varequal></conditionvar><setvar action="Set">0.000000000</setvar><displayfeedback feedbacktype="Response" linkrefid="QUES_42756883_42760964_IF130832606" /></respcondition></resprocessing><itemfeedback ident="QUES_42756883_42760964_IF130832602"><material><mattext texttype="text/plain" /></material></itemfeedback><itemfeedback ident="QUES_42756883_42760964_IF130832603"><material><mattext texttype="text/plain" /></material></itemfeedback><itemfeedback ident="QUES_42756883_42760964_IF130832604"><material><mattext texttype="text/plain" /></material></itemfeedback><itemfeedback ident="QUES_42756883_42760964_IF130832605"><material><mattext texttype="text/plain" /></material></itemfeedback><itemfeedback ident="QUES_42756883_42760964_IF130832606"><material><mattext texttype="text/plain" /></material></itemfeedback></item></section></assessment></questestinterop>