﻿<?xml version="1.0" encoding="UTF-8"?><questestinterop xmlns:d2l_2p0="http://desire2learn.com/xsd/d2lcp_v2p0"><assessment d2l_2p0:id="439" title="Definite Integrals PostVideo Questions" ident="res_quiz_122394" d2l_2p0:resource_code="ef9e56cc46d3486a98963923-119"><rubric><flow_mat><material><mattext d2l_2p0:isdisplayed="no" texttype="text/html" /></material></flow_mat></rubric><assessmentcontrol hintswitch="no" solutionswitch="yes" feedbackswitch="no" /><presentation_material><flow_mat><material label="page header"><mattext d2l_2p0:isdisplayed="no" texttype="text/html" /></material><material label="page footer"><mattext d2l_2p0:isdisplayed="no" texttype="text/html" /></material></flow_mat></presentation_material><assess_procextension><d2l_2p0:intro_message d2l_2p0:isdisplayed="yes" texttype="text/html">Respondus</d2l_2p0:intro_message><d2l_2p0:disable_right_click>no</d2l_2p0:disable_right_click><d2l_2p0:disable_pager_access>no</d2l_2p0:disable_pager_access><is_active>yes</is_active><d2l_2p0:date_start /><d2l_2p0:date_end /><d2l_2p0:date_due /><d2l_2p0:has_schedule_event>no</d2l_2p0:has_schedule_event><d2l_2p0:is_attempt_Rldb>no</d2l_2p0:is_attempt_Rldb><d2l_2p0:is_subview_Rldb>no</d2l_2p0:is_subview_Rldb><d2l_2p0:time_limit>120</d2l_2p0:time_limit><d2l_2p0:show_clock>yes</d2l_2p0:show_clock><d2l_2p0:enforce_time_limit>yes</d2l_2p0:enforce_time_limit><d2l_2p0:grace_period>5</d2l_2p0:grace_period><d2l_2p0:late_limit>0</d2l_2p0:late_limit><d2l_2p0:attempts_allowed>3</d2l_2p0:attempts_allowed><d2l_2p0:attempt_restrictions /><d2l_2p0:mark_calculation_type>1</d2l_2p0:mark_calculation_type><d2l_2p0:is_forward_only>no</d2l_2p0:is_forward_only></assess_procextension><assessfeedback title=""><rubric><flow_mat><material><mattext texttype="yes">Your quiz has been submitted successfully.</mattext></material></flow_mat></rubric><d2l_2p0:duration>0</d2l_2p0:duration><d2l_2p0:response_display_type_id>1</d2l_2p0:response_display_type_id><d2l_2p0:show_correct_answers>no</d2l_2p0:show_correct_answers><d2l_2p0:submission_restrictip>no</d2l_2p0:submission_restrictip><d2l_2p0:show_class_average>no</d2l_2p0:show_class_average><d2l_2p0:show_score_distribution>no</d2l_2p0:show_score_distribution></assessfeedback><section ident="CONTAINER_SECTION"><item ident="OBJ_1651137" label="QUES_42756944_42761025" d2l_2p0:page="1"><itemmetadata><qtimetadata><qti_metadatafield><fieldlabel>qmd_computerscored</fieldlabel><fieldentry>yes</fieldentry></qti_metadatafield><qti_metadatafield><fieldlabel>qmd_questiontype</fieldlabel><fieldentry>Multiple Choice</fieldentry></qti_metadatafield><qti_metadatafield><fieldlabel>qmd_weighting</fieldlabel><fieldentry>1.000000000</fieldentry></qti_metadatafield><qti_metadatafield><fieldlabel>qmd_globalid</fieldlabel><fieldentry>ac815b3a-fd28-4a58-b4f2-1c6bd5a9a152</fieldentry></qti_metadatafield><qti_metadatafield><fieldlabel>qmd_displayid</fieldlabel><fieldentry>Sample Course-74143</fieldentry></qti_metadatafield></qtimetadata></itemmetadata><itemproc_extension><d2l_2p0:difficulty>3</d2l_2p0:difficulty><d2l_2p0:isbonus>no</d2l_2p0:isbonus><d2l_2p0:ismandatory>yes</d2l_2p0:ismandatory></itemproc_extension><presentation><flow><material><mattext texttype="text/html">&lt;!--RsQ_001--&gt;&lt;span style="font-family:'Arial';"&gt;The velocity of a runner at different moments in time since starting a race is given by the following table.&lt;br&gt;&lt;/span&gt;&lt;span style="font-family:'Arial'; color:#000000;"&gt;&lt;IMG src="ppg/respondus/Definite_Integrals_Post_BB_Test/capture2.png" alt="image" align="bottom" border=0&gt;&lt;/span&gt;&lt;span style="font-family:'Arial';"&gt; &lt;br&gt;Which of the following is an approximation to &lt;/span&gt;&lt;span style="font-family:'Arial'; color:#000000;"&gt;&lt;IMG src="ppg/respondus/Definite_Integrals_Post_BB_Test/eq_08a88c.gif" alt="equation" border=0 align="absmiddle"&gt;&lt;/span&gt;&lt;span style="font-family:'Arial';"&gt;? &lt;/span&gt;</mattext></material><response_extension><d2l_2p0:display_style>2</d2l_2p0:display_style><d2l_2p0:enumeration>6</d2l_2p0:enumeration><d2l_2p0:grading_type>0</d2l_2p0:grading_type></response_extension><response_lid ident="QUES_42756944_42761025_LID" rcardinality="Single"><render_choice shuffle="no"><flow_label class="Block"><response_label ident="QUES_42756944_42761025_A130832932"><flow_mat><material><mattext texttype="text/html">&lt;span style="font-family:'Arial';"&gt;93 meters &lt;/span&gt;</mattext></material></flow_mat></response_label></flow_label><flow_label class="Block"><response_label ident="QUES_42756944_42761025_A130832933"><flow_mat><material><mattext texttype="text/html">&lt;span style="font-family:'Arial';"&gt;60 meters &lt;/span&gt;</mattext></material></flow_mat></response_label></flow_label><flow_label class="Block"><response_label ident="QUES_42756944_42761025_A130832934"><flow_mat><material><mattext texttype="text/html">&lt;span style="font-family:'Arial';"&gt;36 meters &lt;/span&gt;</mattext></material></flow_mat></response_label></flow_label><flow_label class="Block"><response_label ident="QUES_42756944_42761025_A130832935"><flow_mat><material><mattext texttype="text/html">&lt;span style="font-family:'Arial';"&gt;31 meters &lt;/span&gt;</mattext></material></flow_mat></response_label></flow_label><flow_label class="Block"><response_label ident="QUES_42756944_42761025_A130832936"><flow_mat><material><mattext texttype="text/html">&lt;span style="font-family:'Arial';"&gt;12 meters &lt;/span&gt;</mattext></material></flow_mat></response_label></flow_label><flow_label class="Block"><response_label ident="QUES_42756944_42761025_A130832937"><flow_mat><material><mattext texttype="text/html">&lt;span style="font-family:'Arial';"&gt;None of the above&lt;/span&gt;</mattext></material></flow_mat></response_label></flow_label></render_choice></response_lid></flow></presentation><resprocessing><respcondition title="Response Condition 1"><conditionvar><varequal respident="QUES_42756944_42761025_LID">QUES_42756944_42761025_A130832932</varequal></conditionvar><setvar action="Set">0.000000000</setvar><displayfeedback feedbacktype="Response" linkrefid="QUES_42756944_42761025_IF130832932" /></respcondition><respcondition title="Response Condition 2"><conditionvar><varequal respident="QUES_42756944_42761025_LID">QUES_42756944_42761025_A130832933</varequal></conditionvar><setvar action="Set">0.000000000</setvar><displayfeedback feedbacktype="Response" linkrefid="QUES_42756944_42761025_IF130832933" /></respcondition><respcondition title="Response Condition 3"><conditionvar><varequal respident="QUES_42756944_42761025_LID">QUES_42756944_42761025_A130832934</varequal></conditionvar><setvar action="Set">100.000000000</setvar><displayfeedback feedbacktype="Response" linkrefid="QUES_42756944_42761025_IF130832934" /></respcondition><respcondition title="Response Condition 4"><conditionvar><varequal respident="QUES_42756944_42761025_LID">QUES_42756944_42761025_A130832935</varequal></conditionvar><setvar action="Set">0.000000000</setvar><displayfeedback feedbacktype="Response" linkrefid="QUES_42756944_42761025_IF130832935" /></respcondition><respcondition title="Response Condition 5"><conditionvar><varequal respident="QUES_42756944_42761025_LID">QUES_42756944_42761025_A130832936</varequal></conditionvar><setvar action="Set">0.000000000</setvar><displayfeedback feedbacktype="Response" linkrefid="QUES_42756944_42761025_IF130832936" /></respcondition><respcondition title="Response Condition 6"><conditionvar><varequal respident="QUES_42756944_42761025_LID">QUES_42756944_42761025_A130832937</varequal></conditionvar><setvar action="Set">0.000000000</setvar><displayfeedback feedbacktype="Response" linkrefid="QUES_42756944_42761025_IF130832937" /></respcondition></resprocessing><itemfeedback ident="QUES_42756944_42761025_IF130832932"><material><mattext texttype="text/plain" /></material></itemfeedback><itemfeedback ident="QUES_42756944_42761025_IF130832933"><material><mattext texttype="text/plain" /></material></itemfeedback><itemfeedback ident="QUES_42756944_42761025_IF130832934"><material><mattext texttype="text/plain" /></material></itemfeedback><itemfeedback ident="QUES_42756944_42761025_IF130832935"><material><mattext texttype="text/plain" /></material></itemfeedback><itemfeedback ident="QUES_42756944_42761025_IF130832936"><material><mattext texttype="text/plain" /></material></itemfeedback><itemfeedback ident="QUES_42756944_42761025_IF130832937"><material><mattext texttype="text/plain" /></material></itemfeedback></item><item ident="OBJ_1651138" label="QUES_42756945_42761026" d2l_2p0:page="1"><itemmetadata><qtimetadata><qti_metadatafield><fieldlabel>qmd_computerscored</fieldlabel><fieldentry>yes</fieldentry></qti_metadatafield><qti_metadatafield><fieldlabel>qmd_questiontype</fieldlabel><fieldentry>Multiple Choice</fieldentry></qti_metadatafield><qti_metadatafield><fieldlabel>qmd_weighting</fieldlabel><fieldentry>1.000000000</fieldentry></qti_metadatafield><qti_metadatafield><fieldlabel>qmd_globalid</fieldlabel><fieldentry>2b4caa5d-24a2-41e0-b160-05dbb78ea3b1</fieldentry></qti_metadatafield><qti_metadatafield><fieldlabel>qmd_displayid</fieldlabel><fieldentry>Sample Course-74144</fieldentry></qti_metadatafield></qtimetadata></itemmetadata><itemproc_extension><d2l_2p0:difficulty>3</d2l_2p0:difficulty><d2l_2p0:isbonus>no</d2l_2p0:isbonus><d2l_2p0:ismandatory>yes</d2l_2p0:ismandatory></itemproc_extension><presentation><flow><material><mattext texttype="text/html">&lt;!--RsQ_002--&gt;&lt;span style="font-family:'Arial';"&gt;Use the graph of the rate, &lt;/span&gt;&lt;span style="font-family:'Arial'; color:#000000;"&gt;&lt;IMG src="ppg/respondus/Definite_Integrals_Post_BB_Test/eq_08aa0f.gif" alt="equation" border=0 align="absmiddle"&gt;&lt;/span&gt;&lt;span style="font-family:'Arial';"&gt;, to answer the following question:&lt;br&gt;&lt;/span&gt;&lt;span style="font-family:'Arial'; color:#000000;"&gt;&lt;IMG src="ppg/respondus/Definite_Integrals_Post_BB_Test/graph3.png" alt="image" align="bottom" border=0&gt;&lt;/span&gt;&lt;span style="font-family:'Arial';"&gt;&lt;br&gt;Which value is greatest? &lt;/span&gt;</mattext></material><response_extension><d2l_2p0:display_style>2</d2l_2p0:display_style><d2l_2p0:enumeration>6</d2l_2p0:enumeration><d2l_2p0:grading_type>0</d2l_2p0:grading_type></response_extension><response_lid ident="QUES_42756945_42761026_LID" rcardinality="Single"><render_choice shuffle="no"><flow_label class="Block"><response_label ident="QUES_42756945_42761026_A130832938"><flow_mat><material><mattext texttype="text/html">&lt;span style="font-family:'Arial'; color:#000000;"&gt;&lt;IMG src="ppg/respondus/Definite_Integrals_Post_BB_Test/eq_08aa52.gif" alt="equation" border=0 align="absmiddle"&gt;&lt;/span&gt;&lt;span style="font-family:'Arial';"&gt; &lt;/span&gt;</mattext></material></flow_mat></response_label></flow_label><flow_label class="Block"><response_label ident="QUES_42756945_42761026_A130832939"><flow_mat><material><mattext texttype="text/html">&lt;span style="font-family:'Arial'; color:#000000;"&gt;&lt;IMG src="ppg/respondus/Definite_Integrals_Post_BB_Test/eq_08aa64.gif" alt="equation" border=0 align="absmiddle"&gt;&lt;/span&gt;&lt;span style="font-family:'Arial';"&gt; &lt;/span&gt;</mattext></material></flow_mat></response_label></flow_label><flow_label class="Block"><response_label ident="QUES_42756945_42761026_A130832940"><flow_mat><material><mattext texttype="text/html">&lt;span style="font-family:'Arial'; color:#000000;"&gt;&lt;IMG src="ppg/respondus/Definite_Integrals_Post_BB_Test/eq_08aa6d.gif" alt="equation" border=0 align="absmiddle"&gt;&lt;/span&gt;&lt;span style="font-family:'Arial';"&gt; where &lt;/span&gt;&lt;span style="font-family:'Arial'; color:#000000;"&gt;&lt;IMG src="ppg/respondus/Definite_Integrals_Post_BB_Test/eq_08aa91.gif" alt="equation" border=0 align="absmiddle"&gt;&lt;/span&gt;&lt;span style="font-family:'Arial';"&gt; &lt;/span&gt;</mattext></material></flow_mat></response_label></flow_label><flow_label class="Block"><response_label ident="QUES_42756945_42761026_A130832941"><flow_mat><material><mattext texttype="text/html">&lt;span style="font-family:'Arial'; color:#000000;"&gt;&lt;IMG src="ppg/respondus/Definite_Integrals_Post_BB_Test/eq_08aaa1.gif" alt="equation" border=0 align="absmiddle"&gt;&lt;/span&gt;&lt;span style="font-family:'Arial';"&gt; where &lt;/span&gt;&lt;span style="font-family:'Arial';"&gt;&lt;IMG src="ppg/respondus/Definite_Integrals_Post_BB_Test/eq_08aaaf.gif" alt="equation" border=0 align="absmiddle"&gt;&lt;/span&gt;</mattext></material></flow_mat></response_label></flow_label><flow_label class="Block"><response_label ident="QUES_42756945_42761026_A130832942"><flow_mat><material><mattext texttype="text/html">&lt;span style="font-family:'Arial';"&gt;None of the above&lt;/span&gt;</mattext></material></flow_mat></response_label></flow_label><flow_label class="Block"><response_label ident="QUES_42756945_42761026_A130832943"><flow_mat><material><mattext texttype="text/html">&lt;span style="font-family:'Arial';"&gt;More information is needed&lt;/span&gt;</mattext></material></flow_mat></response_label></flow_label></render_choice></response_lid></flow></presentation><resprocessing><respcondition title="Response Condition 1"><conditionvar><varequal respident="QUES_42756945_42761026_LID">QUES_42756945_42761026_A130832938</varequal></conditionvar><setvar action="Set">0.000000000</setvar><displayfeedback feedbacktype="Response" linkrefid="QUES_42756945_42761026_IF130832938" /></respcondition><respcondition title="Response Condition 2"><conditionvar><varequal respident="QUES_42756945_42761026_LID">QUES_42756945_42761026_A130832939</varequal></conditionvar><setvar action="Set">100.000000000</setvar><displayfeedback feedbacktype="Response" linkrefid="QUES_42756945_42761026_IF130832939" /></respcondition><respcondition title="Response Condition 3"><conditionvar><varequal respident="QUES_42756945_42761026_LID">QUES_42756945_42761026_A130832940</varequal></conditionvar><setvar action="Set">0.000000000</setvar><displayfeedback feedbacktype="Response" linkrefid="QUES_42756945_42761026_IF130832940" /></respcondition><respcondition title="Response Condition 4"><conditionvar><varequal respident="QUES_42756945_42761026_LID">QUES_42756945_42761026_A130832941</varequal></conditionvar><setvar action="Set">0.000000000</setvar><displayfeedback feedbacktype="Response" linkrefid="QUES_42756945_42761026_IF130832941" /></respcondition><respcondition title="Response Condition 5"><conditionvar><varequal respident="QUES_42756945_42761026_LID">QUES_42756945_42761026_A130832942</varequal></conditionvar><setvar action="Set">0.000000000</setvar><displayfeedback feedbacktype="Response" linkrefid="QUES_42756945_42761026_IF130832942" /></respcondition><respcondition title="Response Condition 6"><conditionvar><varequal respident="QUES_42756945_42761026_LID">QUES_42756945_42761026_A130832943</varequal></conditionvar><setvar action="Set">0.000000000</setvar><displayfeedback feedbacktype="Response" linkrefid="QUES_42756945_42761026_IF130832943" /></respcondition></resprocessing><itemfeedback ident="QUES_42756945_42761026_IF130832938"><material><mattext texttype="text/plain" /></material></itemfeedback><itemfeedback ident="QUES_42756945_42761026_IF130832939"><material><mattext texttype="text/plain" /></material></itemfeedback><itemfeedback ident="QUES_42756945_42761026_IF130832940"><material><mattext texttype="text/plain" /></material></itemfeedback><itemfeedback ident="QUES_42756945_42761026_IF130832941"><material><mattext texttype="text/plain" /></material></itemfeedback><itemfeedback ident="QUES_42756945_42761026_IF130832942"><material><mattext texttype="text/plain" /></material></itemfeedback><itemfeedback ident="QUES_42756945_42761026_IF130832943"><material><mattext texttype="text/plain" /></material></itemfeedback></item><item ident="OBJ_1651139" label="QUES_42756946_42761027" d2l_2p0:page="1"><itemmetadata><qtimetadata><qti_metadatafield><fieldlabel>qmd_computerscored</fieldlabel><fieldentry>yes</fieldentry></qti_metadatafield><qti_metadatafield><fieldlabel>qmd_questiontype</fieldlabel><fieldentry>Multiple Choice</fieldentry></qti_metadatafield><qti_metadatafield><fieldlabel>qmd_weighting</fieldlabel><fieldentry>1.000000000</fieldentry></qti_metadatafield><qti_metadatafield><fieldlabel>qmd_globalid</fieldlabel><fieldentry>a2ed925d-3707-486c-ba62-9c8e60ebd0bd</fieldentry></qti_metadatafield><qti_metadatafield><fieldlabel>qmd_displayid</fieldlabel><fieldentry>Sample Course-74145</fieldentry></qti_metadatafield></qtimetadata></itemmetadata><itemproc_extension><d2l_2p0:difficulty>3</d2l_2p0:difficulty><d2l_2p0:isbonus>no</d2l_2p0:isbonus><d2l_2p0:ismandatory>yes</d2l_2p0:ismandatory></itemproc_extension><presentation><flow><material><mattext texttype="text/html">&lt;!--RsQ_003--&gt;&lt;span style="font-family:'Arial';"&gt;The following picture illustrates a Riemann sum.&lt;br&gt;&lt;/span&gt;&lt;span style="font-family:'Arial'; color:#000000;"&gt;&lt;IMG src="ppg/respondus/Definite_Integrals_Post_BB_Test/definite_integral_post.png" alt="image" align="bottom" border=0&gt;&lt;/span&gt;&lt;span style="font-family:'Arial';"&gt;&lt;br&gt;Which expression from the Riemann Sum definition of the definite integral represents the green shaded region? &lt;/span&gt;</mattext></material><response_extension><d2l_2p0:display_style>2</d2l_2p0:display_style><d2l_2p0:enumeration>6</d2l_2p0:enumeration><d2l_2p0:grading_type>0</d2l_2p0:grading_type></response_extension><response_lid ident="QUES_42756946_42761027_LID" rcardinality="Single"><render_choice shuffle="no"><flow_label class="Block"><response_label ident="QUES_42756946_42761027_A130832944"><flow_mat><material><mattext texttype="text/html">&lt;span style="font-family:'Arial'; color:#000000;"&gt;&lt;IMG src="ppg/respondus/Definite_Integrals_Post_BB_Test/eq_08ab27.gif" alt="equation" border=0 align="absmiddle"&gt;&lt;/span&gt;&lt;span style="font-family:'Arial';"&gt; &lt;/span&gt;</mattext></material></flow_mat></response_label></flow_label><flow_label class="Block"><response_label ident="QUES_42756946_42761027_A130832945"><flow_mat><material><mattext texttype="text/html">&lt;span style="font-family:'Arial'; color:#000000;"&gt;&lt;IMG src="ppg/respondus/Definite_Integrals_Post_BB_Test/eq_08ab6b.gif" alt="equation" border=0 align="absmiddle"&gt;&lt;/span&gt;&lt;span style="font-family:'Arial';"&gt; &lt;/span&gt;</mattext></material></flow_mat></response_label></flow_label><flow_label class="Block"><response_label ident="QUES_42756946_42761027_A130832946"><flow_mat><material><mattext texttype="text/html">&lt;span style="font-family:'Arial';"&gt;&lt;IMG src="ppg/respondus/Definite_Integrals_Post_BB_Test/eq_08ab7d.gif" alt="equation" border=0 align="absmiddle"&gt;&lt;/span&gt;</mattext></material></flow_mat></response_label></flow_label><flow_label class="Block"><response_label ident="QUES_42756946_42761027_A130832947"><flow_mat><material><mattext texttype="text/html">&lt;span style="font-family:'Arial'; color:#000000;"&gt;&lt;IMG src="ppg/respondus/Definite_Integrals_Post_BB_Test/eq_08ab86.gif" alt="equation" border=0 align="absmiddle"&gt;&lt;/span&gt;&lt;span style="font-family:'Arial';"&gt; &lt;/span&gt;</mattext></material></flow_mat></response_label></flow_label><flow_label class="Block"><response_label ident="QUES_42756946_42761027_A130832948"><flow_mat><material><mattext texttype="text/html">&lt;span style="font-family:'Arial';"&gt;&lt;IMG src="ppg/respondus/Definite_Integrals_Post_BB_Test/eq_08ab8e.gif" alt="equation" border=0 align="absmiddle"&gt;&lt;/span&gt;</mattext></material></flow_mat></response_label></flow_label><flow_label class="Block"><response_label ident="QUES_42756946_42761027_A130832949"><flow_mat><material><mattext texttype="text/html">&lt;span style="font-family:'Arial';"&gt;&lt;IMG src="ppg/respondus/Definite_Integrals_Post_BB_Test/eq_08ab9b.gif" alt="equation" border=0 align="absmiddle"&gt;&lt;/span&gt;</mattext></material></flow_mat></response_label></flow_label></render_choice></response_lid></flow></presentation><resprocessing><respcondition title="Response Condition 1"><conditionvar><varequal respident="QUES_42756946_42761027_LID">QUES_42756946_42761027_A130832944</varequal></conditionvar><setvar action="Set">0.000000000</setvar><displayfeedback feedbacktype="Response" linkrefid="QUES_42756946_42761027_IF130832944" /></respcondition><respcondition title="Response Condition 2"><conditionvar><varequal respident="QUES_42756946_42761027_LID">QUES_42756946_42761027_A130832945</varequal></conditionvar><setvar action="Set">0.000000000</setvar><displayfeedback feedbacktype="Response" linkrefid="QUES_42756946_42761027_IF130832945" /></respcondition><respcondition title="Response Condition 3"><conditionvar><varequal respident="QUES_42756946_42761027_LID">QUES_42756946_42761027_A130832946</varequal></conditionvar><setvar action="Set">0.000000000</setvar><displayfeedback feedbacktype="Response" linkrefid="QUES_42756946_42761027_IF130832946" /></respcondition><respcondition title="Response Condition 4"><conditionvar><varequal respident="QUES_42756946_42761027_LID">QUES_42756946_42761027_A130832947</varequal></conditionvar><setvar action="Set">100.000000000</setvar><displayfeedback feedbacktype="Response" linkrefid="QUES_42756946_42761027_IF130832947" /></respcondition><respcondition title="Response Condition 5"><conditionvar><varequal respident="QUES_42756946_42761027_LID">QUES_42756946_42761027_A130832948</varequal></conditionvar><setvar action="Set">0.000000000</setvar><displayfeedback feedbacktype="Response" linkrefid="QUES_42756946_42761027_IF130832948" /></respcondition><respcondition title="Response Condition 6"><conditionvar><varequal respident="QUES_42756946_42761027_LID">QUES_42756946_42761027_A130832949</varequal></conditionvar><setvar action="Set">0.000000000</setvar><displayfeedback feedbacktype="Response" linkrefid="QUES_42756946_42761027_IF130832949" /></respcondition></resprocessing><itemfeedback ident="QUES_42756946_42761027_IF130832944"><material><mattext texttype="text/plain" /></material></itemfeedback><itemfeedback ident="QUES_42756946_42761027_IF130832945"><material><mattext texttype="text/plain" /></material></itemfeedback><itemfeedback ident="QUES_42756946_42761027_IF130832946"><material><mattext texttype="text/plain" /></material></itemfeedback><itemfeedback ident="QUES_42756946_42761027_IF130832947"><material><mattext texttype="text/plain" /></material></itemfeedback><itemfeedback ident="QUES_42756946_42761027_IF130832948"><material><mattext texttype="text/plain" /></material></itemfeedback><itemfeedback ident="QUES_42756946_42761027_IF130832949"><material><mattext texttype="text/plain" /></material></itemfeedback></item></section></assessment></questestinterop>