﻿<?xml version="1.0" encoding="UTF-8"?><questestinterop xmlns:d2l_2p0="http://desire2learn.com/xsd/d2lcp_v2p0"><assessment d2l_2p0:id="474" title="Continuity PreVideo Questions" ident="res_quiz_122429" d2l_2p0:resource_code="ef9e56cc46d3486a98963923-154"><rubric><flow_mat><material><mattext d2l_2p0:isdisplayed="no" texttype="text/html" /></material></flow_mat></rubric><assessmentcontrol hintswitch="no" solutionswitch="yes" feedbackswitch="no" /><presentation_material><flow_mat><material label="page header"><mattext d2l_2p0:isdisplayed="no" texttype="text/html" /></material><material label="page footer"><mattext d2l_2p0:isdisplayed="no" texttype="text/html" /></material></flow_mat></presentation_material><assess_procextension><d2l_2p0:intro_message d2l_2p0:isdisplayed="yes" texttype="text/html">Respondus</d2l_2p0:intro_message><d2l_2p0:disable_right_click>no</d2l_2p0:disable_right_click><d2l_2p0:disable_pager_access>no</d2l_2p0:disable_pager_access><is_active>yes</is_active><d2l_2p0:date_start /><d2l_2p0:date_end /><d2l_2p0:date_due /><d2l_2p0:has_schedule_event>no</d2l_2p0:has_schedule_event><d2l_2p0:is_attempt_Rldb>no</d2l_2p0:is_attempt_Rldb><d2l_2p0:is_subview_Rldb>no</d2l_2p0:is_subview_Rldb><d2l_2p0:time_limit>120</d2l_2p0:time_limit><d2l_2p0:show_clock>yes</d2l_2p0:show_clock><d2l_2p0:enforce_time_limit>yes</d2l_2p0:enforce_time_limit><d2l_2p0:grace_period>5</d2l_2p0:grace_period><d2l_2p0:late_limit>0</d2l_2p0:late_limit><d2l_2p0:attempts_allowed>3</d2l_2p0:attempts_allowed><d2l_2p0:attempt_restrictions /><d2l_2p0:mark_calculation_type>1</d2l_2p0:mark_calculation_type><d2l_2p0:is_forward_only>no</d2l_2p0:is_forward_only></assess_procextension><assessfeedback title=""><rubric><flow_mat><material><mattext texttype="yes">Your quiz has been submitted successfully.</mattext></material></flow_mat></rubric><d2l_2p0:duration>0</d2l_2p0:duration><d2l_2p0:response_display_type_id>1</d2l_2p0:response_display_type_id><d2l_2p0:show_correct_answers>no</d2l_2p0:show_correct_answers><d2l_2p0:submission_restrictip>no</d2l_2p0:submission_restrictip><d2l_2p0:show_class_average>no</d2l_2p0:show_class_average><d2l_2p0:show_score_distribution>no</d2l_2p0:show_score_distribution></assessfeedback><section ident="CONTAINER_SECTION"><item ident="OBJ_1651233" label="QUES_42757040_42761121" d2l_2p0:page="1"><itemmetadata><qtimetadata><qti_metadatafield><fieldlabel>qmd_computerscored</fieldlabel><fieldentry>yes</fieldentry></qti_metadatafield><qti_metadatafield><fieldlabel>qmd_questiontype</fieldlabel><fieldentry>Multiple Choice</fieldentry></qti_metadatafield><qti_metadatafield><fieldlabel>qmd_weighting</fieldlabel><fieldentry>1.000000000</fieldentry></qti_metadatafield><qti_metadatafield><fieldlabel>qmd_globalid</fieldlabel><fieldentry>3c635bce-105e-4ffc-9740-a45514fc165f</fieldentry></qti_metadatafield><qti_metadatafield><fieldlabel>qmd_displayid</fieldlabel><fieldentry>Sample Course-74239</fieldentry></qti_metadatafield></qtimetadata></itemmetadata><itemproc_extension><d2l_2p0:difficulty>3</d2l_2p0:difficulty><d2l_2p0:isbonus>no</d2l_2p0:isbonus><d2l_2p0:ismandatory>yes</d2l_2p0:ismandatory></itemproc_extension><presentation><flow><material><mattext texttype="text/html">&lt;!--RsQ_001--&gt;&lt;span style="font-family:'Arial';"&gt;Below is the graph of &lt;/span&gt;&lt;span style="font-family:'Arial'; color:#000000;"&gt;&lt;IMG src="ppg/respondus/Continuity_Pre_BB_Test/eq_207561.gif" alt="equation" border=0 align="absmiddle"&gt;&lt;/span&gt;&lt;span style="font-family:'Arial';"&gt;&lt;br&gt;&lt;/span&gt;&lt;span style="font-family:'Arial'; color:#000000;"&gt;&lt;IMG src="ppg/respondus/Continuity_Pre_BB_Test/prepost_question_1.png" alt="image" align="bottom" border=0&gt;&lt;/span&gt;&lt;span style="font-family:'Arial';"&gt; &lt;/span&gt;</mattext></material><response_extension><d2l_2p0:display_style>2</d2l_2p0:display_style><d2l_2p0:enumeration>6</d2l_2p0:enumeration><d2l_2p0:grading_type>0</d2l_2p0:grading_type></response_extension><response_lid ident="QUES_42757040_42761121_LID" rcardinality="Single"><render_choice shuffle="no"><flow_label class="Block"><response_label ident="QUES_42757040_42761121_A130833510"><flow_mat><material><mattext texttype="text/html">&lt;span style="font-family:'Arial'; color:#000000;"&gt;&lt;IMG src="ppg/respondus/Continuity_Pre_BB_Test/eq_20757e.gif" alt="equation" border=0 align="absmiddle"&gt;&lt;/span&gt;&lt;span style="font-family:'Arial';"&gt; is defined&lt;/span&gt;</mattext></material></flow_mat></response_label></flow_label><flow_label class="Block"><response_label ident="QUES_42757040_42761121_A130833511"><flow_mat><material><mattext texttype="text/html">&lt;span style="font-family:'Arial'; color:#000000;"&gt;&lt;IMG src="ppg/respondus/Continuity_Pre_BB_Test/eq_207585.gif" alt="equation" border=0 align="absmiddle"&gt;&lt;/span&gt;&lt;span style="font-family:'Arial';"&gt; exists&lt;/span&gt;</mattext></material></flow_mat></response_label></flow_label><flow_label class="Block"><response_label ident="QUES_42757040_42761121_A130833512"><flow_mat><material><mattext texttype="text/html">&lt;span style="font-family:'Arial';"&gt;&lt;IMG src="ppg/respondus/Continuity_Pre_BB_Test/eq_2075a2.gif" alt="equation" border=0 align="absmiddle"&gt;&lt;/span&gt;</mattext></material></flow_mat></response_label></flow_label><flow_label class="Block"><response_label ident="QUES_42757040_42761121_A130833513"><flow_mat><material><mattext texttype="text/html">&lt;span style="font-family:'Arial';"&gt;both (a) and (b) are true.&lt;/span&gt;</mattext></material></flow_mat></response_label></flow_label><flow_label class="Block"><response_label ident="QUES_42757040_42761121_A130833514"><flow_mat><material><mattext texttype="text/html">&lt;span style="font-family:'Arial';"&gt;(a), (b), and (c) are true&lt;/span&gt;</mattext></material></flow_mat></response_label></flow_label></render_choice></response_lid></flow></presentation><resprocessing><respcondition title="Response Condition 1"><conditionvar><varequal respident="QUES_42757040_42761121_LID">QUES_42757040_42761121_A130833510</varequal></conditionvar><setvar action="Set">100.000000000</setvar><displayfeedback feedbacktype="Response" linkrefid="QUES_42757040_42761121_IF130833510" /></respcondition><respcondition title="Response Condition 2"><conditionvar><varequal respident="QUES_42757040_42761121_LID">QUES_42757040_42761121_A130833511</varequal></conditionvar><setvar action="Set">0.000000000</setvar><displayfeedback feedbacktype="Response" linkrefid="QUES_42757040_42761121_IF130833511" /></respcondition><respcondition title="Response Condition 3"><conditionvar><varequal respident="QUES_42757040_42761121_LID">QUES_42757040_42761121_A130833512</varequal></conditionvar><setvar action="Set">0.000000000</setvar><displayfeedback feedbacktype="Response" linkrefid="QUES_42757040_42761121_IF130833512" /></respcondition><respcondition title="Response Condition 4"><conditionvar><varequal respident="QUES_42757040_42761121_LID">QUES_42757040_42761121_A130833513</varequal></conditionvar><setvar action="Set">0.000000000</setvar><displayfeedback feedbacktype="Response" linkrefid="QUES_42757040_42761121_IF130833513" /></respcondition><respcondition title="Response Condition 5"><conditionvar><varequal respident="QUES_42757040_42761121_LID">QUES_42757040_42761121_A130833514</varequal></conditionvar><setvar action="Set">0.000000000</setvar><displayfeedback feedbacktype="Response" linkrefid="QUES_42757040_42761121_IF130833514" /></respcondition></resprocessing><itemfeedback ident="QUES_42757040_42761121_IF130833510"><material><mattext texttype="text/plain" /></material></itemfeedback><itemfeedback ident="QUES_42757040_42761121_IF130833511"><material><mattext texttype="text/plain" /></material></itemfeedback><itemfeedback ident="QUES_42757040_42761121_IF130833512"><material><mattext texttype="text/plain" /></material></itemfeedback><itemfeedback ident="QUES_42757040_42761121_IF130833513"><material><mattext texttype="text/plain" /></material></itemfeedback><itemfeedback ident="QUES_42757040_42761121_IF130833514"><material><mattext texttype="text/plain" /></material></itemfeedback></item><item ident="OBJ_1651234" label="QUES_42757041_42761122" d2l_2p0:page="1"><itemmetadata><qtimetadata><qti_metadatafield><fieldlabel>qmd_computerscored</fieldlabel><fieldentry>yes</fieldentry></qti_metadatafield><qti_metadatafield><fieldlabel>qmd_questiontype</fieldlabel><fieldentry>Multiple Choice</fieldentry></qti_metadatafield><qti_metadatafield><fieldlabel>qmd_weighting</fieldlabel><fieldentry>1.000000000</fieldentry></qti_metadatafield><qti_metadatafield><fieldlabel>qmd_globalid</fieldlabel><fieldentry>238c517c-fd00-44ba-ba6b-422671f5100b</fieldentry></qti_metadatafield><qti_metadatafield><fieldlabel>qmd_displayid</fieldlabel><fieldentry>Sample Course-74240</fieldentry></qti_metadatafield></qtimetadata></itemmetadata><itemproc_extension><d2l_2p0:difficulty>3</d2l_2p0:difficulty><d2l_2p0:isbonus>no</d2l_2p0:isbonus><d2l_2p0:ismandatory>yes</d2l_2p0:ismandatory></itemproc_extension><presentation><flow><material><mattext texttype="text/html">&lt;!--RsQ_002--&gt;&lt;span style="font-family:'Arial';"&gt;Consider the piecewise function defined by &lt;/span&gt;&lt;span style="font-family:'Arial'; color:#000000;"&gt;&lt;IMG src="ppg/respondus/Continuity_Pre_BB_Test/capture.png" alt="image" align="bottom" border=0&gt;&lt;/span&gt;&lt;span style="font-family:'Arial';"&gt; which value for &lt;/span&gt;&lt;span style="font-family:'Arial'; color:#000000;"&gt;&lt;IMG src="ppg/respondus/Continuity_Pre_BB_Test/eq_208043.gif" alt="equation" border=0 align="absmiddle"&gt;&lt;/span&gt;&lt;span style="font-family:'Arial';"&gt; makes the function &lt;/span&gt;&lt;span style="font-family:'Arial'; color:#000000;"&gt;&lt;IMG src="ppg/respondus/Continuity_Pre_BB_Test/eq_20804a.gif" alt="equation" border=0 align="absmiddle"&gt;&lt;/span&gt;&lt;span style="font-family:'Arial';"&gt; continuous? &lt;/span&gt;</mattext></material><response_extension><d2l_2p0:display_style>2</d2l_2p0:display_style><d2l_2p0:enumeration>6</d2l_2p0:enumeration><d2l_2p0:grading_type>0</d2l_2p0:grading_type></response_extension><response_lid ident="QUES_42757041_42761122_LID" rcardinality="Single"><render_choice shuffle="no"><flow_label class="Block"><response_label ident="QUES_42757041_42761122_A130833515"><flow_mat><material><mattext texttype="text/html">&lt;span style="font-family:'Arial';"&gt;-2&lt;/span&gt;</mattext></material></flow_mat></response_label></flow_label><flow_label class="Block"><response_label ident="QUES_42757041_42761122_A130833516"><flow_mat><material><mattext texttype="text/html">&lt;span style="font-family:'Arial';"&gt;5&lt;/span&gt;</mattext></material></flow_mat></response_label></flow_label><flow_label class="Block"><response_label ident="QUES_42757041_42761122_A130833517"><flow_mat><material><mattext texttype="text/html">&lt;span style="font-family:'Arial';"&gt;8&lt;/span&gt;</mattext></material></flow_mat></response_label></flow_label><flow_label class="Block"><response_label ident="QUES_42757041_42761122_A130833518"><flow_mat><material><mattext texttype="text/html">&lt;span style="font-family:'Arial';"&gt;17&lt;/span&gt;</mattext></material></flow_mat></response_label></flow_label><flow_label class="Block"><response_label ident="QUES_42757041_42761122_A130833519"><flow_mat><material><mattext texttype="text/html">&lt;span style="font-family:'Arial';"&gt;25&lt;/span&gt;</mattext></material></flow_mat></response_label></flow_label></render_choice></response_lid></flow></presentation><resprocessing><respcondition title="Response Condition 1"><conditionvar><varequal respident="QUES_42757041_42761122_LID">QUES_42757041_42761122_A130833515</varequal></conditionvar><setvar action="Set">0.000000000</setvar><displayfeedback feedbacktype="Response" linkrefid="QUES_42757041_42761122_IF130833515" /></respcondition><respcondition title="Response Condition 2"><conditionvar><varequal respident="QUES_42757041_42761122_LID">QUES_42757041_42761122_A130833516</varequal></conditionvar><setvar action="Set">0.000000000</setvar><displayfeedback feedbacktype="Response" linkrefid="QUES_42757041_42761122_IF130833516" /></respcondition><respcondition title="Response Condition 3"><conditionvar><varequal respident="QUES_42757041_42761122_LID">QUES_42757041_42761122_A130833517</varequal></conditionvar><setvar action="Set">100.000000000</setvar><displayfeedback feedbacktype="Response" linkrefid="QUES_42757041_42761122_IF130833517" /></respcondition><respcondition title="Response Condition 4"><conditionvar><varequal respident="QUES_42757041_42761122_LID">QUES_42757041_42761122_A130833518</varequal></conditionvar><setvar action="Set">0.000000000</setvar><displayfeedback feedbacktype="Response" linkrefid="QUES_42757041_42761122_IF130833518" /></respcondition><respcondition title="Response Condition 5"><conditionvar><varequal respident="QUES_42757041_42761122_LID">QUES_42757041_42761122_A130833519</varequal></conditionvar><setvar action="Set">0.000000000</setvar><displayfeedback feedbacktype="Response" linkrefid="QUES_42757041_42761122_IF130833519" /></respcondition></resprocessing><itemfeedback ident="QUES_42757041_42761122_IF130833515"><material><mattext texttype="text/plain" /></material></itemfeedback><itemfeedback ident="QUES_42757041_42761122_IF130833516"><material><mattext texttype="text/plain" /></material></itemfeedback><itemfeedback ident="QUES_42757041_42761122_IF130833517"><material><mattext texttype="text/plain" /></material></itemfeedback><itemfeedback ident="QUES_42757041_42761122_IF130833518"><material><mattext texttype="text/plain" /></material></itemfeedback><itemfeedback ident="QUES_42757041_42761122_IF130833519"><material><mattext texttype="text/plain" /></material></itemfeedback></item><item ident="OBJ_1651235" label="QUES_42757042_42761123" d2l_2p0:page="1"><itemmetadata><qtimetadata><qti_metadatafield><fieldlabel>qmd_computerscored</fieldlabel><fieldentry>yes</fieldentry></qti_metadatafield><qti_metadatafield><fieldlabel>qmd_questiontype</fieldlabel><fieldentry>Multiple Choice</fieldentry></qti_metadatafield><qti_metadatafield><fieldlabel>qmd_weighting</fieldlabel><fieldentry>1.000000000</fieldentry></qti_metadatafield><qti_metadatafield><fieldlabel>qmd_globalid</fieldlabel><fieldentry>3167c560-7bbe-417a-bccb-a6aa81fccc71</fieldentry></qti_metadatafield><qti_metadatafield><fieldlabel>qmd_displayid</fieldlabel><fieldentry>Sample Course-74241</fieldentry></qti_metadatafield></qtimetadata></itemmetadata><itemproc_extension><d2l_2p0:difficulty>3</d2l_2p0:difficulty><d2l_2p0:isbonus>no</d2l_2p0:isbonus><d2l_2p0:ismandatory>yes</d2l_2p0:ismandatory></itemproc_extension><presentation><flow><material><mattext texttype="text/html">&lt;!--RsQ_003--&gt;&lt;span style="font-family:'Arial';"&gt;Below is the graph of &lt;/span&gt;&lt;span style="font-family:'Arial'; color:#000000;"&gt;&lt;IMG src="ppg/respondus/Continuity_Pre_BB_Test/eq_208074.gif" alt="equation" border=0 align="absmiddle"&gt;&lt;/span&gt;&lt;span style="font-family:'Arial';"&gt;.&lt;br&gt;&lt;/span&gt;&lt;span style="font-family:'Arial'; color:#000000;"&gt;&lt;IMG src="ppg/respondus/Continuity_Pre_BB_Test/pre_question_3.png" alt="image" align="bottom" border=0&gt;&lt;/span&gt;&lt;span style="font-family:'Arial';"&gt;&lt;br&gt;Which statement about this function is true? &lt;/span&gt;</mattext></material><response_extension><d2l_2p0:display_style>2</d2l_2p0:display_style><d2l_2p0:enumeration>6</d2l_2p0:enumeration><d2l_2p0:grading_type>0</d2l_2p0:grading_type></response_extension><response_lid ident="QUES_42757042_42761123_LID" rcardinality="Single"><render_choice shuffle="no"><flow_label class="Block"><response_label ident="QUES_42757042_42761123_A130833520"><flow_mat><material><mattext texttype="text/html">&lt;span style="font-family:'Arial'; color:#000000;"&gt;&lt;IMG src="ppg/respondus/Continuity_Pre_BB_Test/eq_2080ac.gif" alt="equation" border=0 align="absmiddle"&gt;&lt;/span&gt;&lt;span style="font-family:'Arial';"&gt; is defined&lt;/span&gt;</mattext></material></flow_mat></response_label></flow_label><flow_label class="Block"><response_label ident="QUES_42757042_42761123_A130833521"><flow_mat><material><mattext texttype="text/html">&lt;span style="font-family:'Arial'; color:#000000;"&gt;&lt;IMG src="ppg/respondus/Continuity_Pre_BB_Test/eq_2080b4.gif" alt="equation" border=0 align="absmiddle"&gt;&lt;/span&gt;&lt;span style="font-family:'Arial';"&gt; exists&lt;/span&gt;</mattext></material></flow_mat></response_label></flow_label><flow_label class="Block"><response_label ident="QUES_42757042_42761123_A130833522"><flow_mat><material><mattext texttype="text/html">&lt;span style="font-family:'Arial';"&gt;&lt;IMG src="ppg/respondus/Continuity_Pre_BB_Test/eq_2080c9.gif" alt="equation" border=0 align="absmiddle"&gt;&lt;/span&gt;</mattext></material></flow_mat></response_label></flow_label><flow_label class="Block"><response_label ident="QUES_42757042_42761123_A130833523"><flow_mat><material><mattext texttype="text/html">&lt;span style="font-family:'Arial';"&gt;Both (a) and (b) are true.&lt;/span&gt;</mattext></material></flow_mat></response_label></flow_label><flow_label class="Block"><response_label ident="QUES_42757042_42761123_A130833524"><flow_mat><material><mattext texttype="text/html">&lt;span style="font-family:'Arial';"&gt;(a), (b), and (c) are true&lt;/span&gt;</mattext></material></flow_mat></response_label></flow_label></render_choice></response_lid></flow></presentation><resprocessing><respcondition title="Response Condition 1"><conditionvar><varequal respident="QUES_42757042_42761123_LID">QUES_42757042_42761123_A130833520</varequal></conditionvar><setvar action="Set">0.000000000</setvar><displayfeedback feedbacktype="Response" linkrefid="QUES_42757042_42761123_IF130833520" /></respcondition><respcondition title="Response Condition 2"><conditionvar><varequal respident="QUES_42757042_42761123_LID">QUES_42757042_42761123_A130833521</varequal></conditionvar><setvar action="Set">100.000000000</setvar><displayfeedback feedbacktype="Response" linkrefid="QUES_42757042_42761123_IF130833521" /></respcondition><respcondition title="Response Condition 3"><conditionvar><varequal respident="QUES_42757042_42761123_LID">QUES_42757042_42761123_A130833522</varequal></conditionvar><setvar action="Set">0.000000000</setvar><displayfeedback feedbacktype="Response" linkrefid="QUES_42757042_42761123_IF130833522" /></respcondition><respcondition title="Response Condition 4"><conditionvar><varequal respident="QUES_42757042_42761123_LID">QUES_42757042_42761123_A130833523</varequal></conditionvar><setvar action="Set">0.000000000</setvar><displayfeedback feedbacktype="Response" linkrefid="QUES_42757042_42761123_IF130833523" /></respcondition><respcondition title="Response Condition 5"><conditionvar><varequal respident="QUES_42757042_42761123_LID">QUES_42757042_42761123_A130833524</varequal></conditionvar><setvar action="Set">0.000000000</setvar><displayfeedback feedbacktype="Response" linkrefid="QUES_42757042_42761123_IF130833524" /></respcondition></resprocessing><itemfeedback ident="QUES_42757042_42761123_IF130833520"><material><mattext texttype="text/plain" /></material></itemfeedback><itemfeedback ident="QUES_42757042_42761123_IF130833521"><material><mattext texttype="text/plain" /></material></itemfeedback><itemfeedback ident="QUES_42757042_42761123_IF130833522"><material><mattext texttype="text/plain" /></material></itemfeedback><itemfeedback ident="QUES_42757042_42761123_IF130833523"><material><mattext texttype="text/plain" /></material></itemfeedback><itemfeedback ident="QUES_42757042_42761123_IF130833524"><material><mattext texttype="text/plain" /></material></itemfeedback></item><item ident="OBJ_1651236" label="QUES_42757043_42761124" d2l_2p0:page="1"><itemmetadata><qtimetadata><qti_metadatafield><fieldlabel>qmd_computerscored</fieldlabel><fieldentry>yes</fieldentry></qti_metadatafield><qti_metadatafield><fieldlabel>qmd_questiontype</fieldlabel><fieldentry>Multiple Choice</fieldentry></qti_metadatafield><qti_metadatafield><fieldlabel>qmd_weighting</fieldlabel><fieldentry>1.000000000</fieldentry></qti_metadatafield><qti_metadatafield><fieldlabel>qmd_globalid</fieldlabel><fieldentry>f639c6c2-47fb-47fc-bbad-72dc697952a0</fieldentry></qti_metadatafield><qti_metadatafield><fieldlabel>qmd_displayid</fieldlabel><fieldentry>Sample Course-74242</fieldentry></qti_metadatafield></qtimetadata></itemmetadata><itemproc_extension><d2l_2p0:difficulty>3</d2l_2p0:difficulty><d2l_2p0:isbonus>no</d2l_2p0:isbonus><d2l_2p0:ismandatory>yes</d2l_2p0:ismandatory></itemproc_extension><presentation><flow><material><mattext texttype="text/html">&lt;!--RsQ_004--&gt;&lt;span style="font-family:'Arial';"&gt;Below is the graph of &lt;/span&gt;&lt;span style="font-family:'Arial'; color:#000000;"&gt;&lt;IMG src="ppg/respondus/Continuity_Pre_BB_Test/eq_2080fb.gif" alt="equation" border=0 align="absmiddle"&gt;&lt;/span&gt;&lt;span style="font-family:'Arial';"&gt;.&lt;br&gt;&lt;/span&gt;&lt;span style="font-family:'Arial'; color:#000000;"&gt;&lt;IMG src="ppg/respondus/Continuity_Pre_BB_Test/pre_question_4.png" alt="image" align="bottom" border=0&gt;&lt;/span&gt;&lt;span style="font-family:'Arial';"&gt;&lt;br&gt;is &lt;/span&gt;&lt;span style="font-family:'Arial'; color:#000000;"&gt;&lt;IMG src="ppg/respondus/Continuity_Pre_BB_Test/eq_20812a.gif" alt="equation" border=0 align="absmiddle"&gt;&lt;/span&gt;&lt;span style="font-family:'Arial';"&gt; continuous for all values of x? &lt;/span&gt;</mattext></material><response_extension><d2l_2p0:display_style>2</d2l_2p0:display_style><d2l_2p0:enumeration>6</d2l_2p0:enumeration><d2l_2p0:grading_type>0</d2l_2p0:grading_type></response_extension><response_lid ident="QUES_42757043_42761124_LID" rcardinality="Single"><render_choice shuffle="no"><flow_label class="Block"><response_label ident="QUES_42757043_42761124_A130833525"><flow_mat><material><mattext texttype="text/html">&lt;span style="font-family:'Arial';"&gt;Yes&lt;/span&gt;</mattext></material></flow_mat></response_label></flow_label><flow_label class="Block"><response_label ident="QUES_42757043_42761124_A130833526"><flow_mat><material><mattext texttype="text/html">&lt;span style="font-family:'Arial';"&gt;No&lt;/span&gt;</mattext></material></flow_mat></response_label></flow_label><flow_label class="Block"><response_label ident="QUES_42757043_42761124_A130833527"><flow_mat><material><mattext texttype="text/html">&lt;span style="font-family:'Arial';"&gt;I need more information to answer this question&lt;/span&gt;</mattext></material></flow_mat></response_label></flow_label></render_choice></response_lid></flow></presentation><resprocessing><respcondition title="Response Condition 1"><conditionvar><varequal respident="QUES_42757043_42761124_LID">QUES_42757043_42761124_A130833525</varequal></conditionvar><setvar action="Set">0.000000000</setvar><displayfeedback feedbacktype="Response" linkrefid="QUES_42757043_42761124_IF130833525" /></respcondition><respcondition title="Response Condition 2"><conditionvar><varequal respident="QUES_42757043_42761124_LID">QUES_42757043_42761124_A130833526</varequal></conditionvar><setvar action="Set">100.000000000</setvar><displayfeedback feedbacktype="Response" linkrefid="QUES_42757043_42761124_IF130833526" /></respcondition><respcondition title="Response Condition 3"><conditionvar><varequal respident="QUES_42757043_42761124_LID">QUES_42757043_42761124_A130833527</varequal></conditionvar><setvar action="Set">0.000000000</setvar><displayfeedback feedbacktype="Response" linkrefid="QUES_42757043_42761124_IF130833527" /></respcondition></resprocessing><itemfeedback ident="QUES_42757043_42761124_IF130833525"><material><mattext texttype="text/plain" /></material></itemfeedback><itemfeedback ident="QUES_42757043_42761124_IF130833526"><material><mattext texttype="text/plain" /></material></itemfeedback><itemfeedback ident="QUES_42757043_42761124_IF130833527"><material><mattext texttype="text/plain" /></material></itemfeedback></item></section></assessment></questestinterop>