﻿<?xml version="1.0" encoding="UTF-8"?><questestinterop xmlns:d2l_2p0="http://desire2learn.com/xsd/d2lcp_v2p0"><assessment d2l_2p0:id="405" title="Graphing Constant Rates of Change Post-Video Questions" ident="res_quiz_122242" d2l_2p0:resource_code="0ecb414213da4e698e17806e-68"><rubric><flow_mat><material><mattext d2l_2p0:isdisplayed="yes" texttype="text/html" /></material></flow_mat></rubric><assessmentcontrol hintswitch="yes" solutionswitch="yes" feedbackswitch="no" /><presentation_material><flow_mat><material label="page header"><mattext d2l_2p0:isdisplayed="no" texttype="text/html" /></material><material label="page footer"><mattext d2l_2p0:isdisplayed="no" texttype="text/html" /></material></flow_mat></presentation_material><assess_procextension><d2l_2p0:intro_message d2l_2p0:isdisplayed="no" texttype="text/html" /><d2l_2p0:disable_right_click>no</d2l_2p0:disable_right_click><d2l_2p0:disable_pager_access>no</d2l_2p0:disable_pager_access><is_active>yes</is_active><d2l_2p0:date_start /><d2l_2p0:date_end /><d2l_2p0:date_due /><d2l_2p0:has_schedule_event>no</d2l_2p0:has_schedule_event><d2l_2p0:is_attempt_Rldb>no</d2l_2p0:is_attempt_Rldb><d2l_2p0:is_subview_Rldb>no</d2l_2p0:is_subview_Rldb><d2l_2p0:time_limit>120</d2l_2p0:time_limit><d2l_2p0:show_clock>yes</d2l_2p0:show_clock><d2l_2p0:enforce_time_limit>no</d2l_2p0:enforce_time_limit><d2l_2p0:grace_period>5</d2l_2p0:grace_period><d2l_2p0:late_limit>0</d2l_2p0:late_limit><d2l_2p0:attempts_allowed>1</d2l_2p0:attempts_allowed><d2l_2p0:attempt_restrictions /><d2l_2p0:mark_calculation_type>1</d2l_2p0:mark_calculation_type><d2l_2p0:is_forward_only>no</d2l_2p0:is_forward_only></assess_procextension><assessfeedback title=""><rubric><flow_mat><material><mattext texttype="yes">Your quiz has been submitted successfully.</mattext></material></flow_mat></rubric><d2l_2p0:duration>0</d2l_2p0:duration><d2l_2p0:response_display_type_id>1</d2l_2p0:response_display_type_id><d2l_2p0:show_correct_answers>no</d2l_2p0:show_correct_answers><d2l_2p0:submission_restrictip>no</d2l_2p0:submission_restrictip><d2l_2p0:show_class_average>no</d2l_2p0:show_class_average><d2l_2p0:show_score_distribution>no</d2l_2p0:show_score_distribution></assessfeedback><section ident="CONTAINER_SECTION"><item ident="OBJ_1650588" label="QUES_42756426_42760507" d2l_2p0:page="1" title="1.1"><itemmetadata><qtimetadata><qti_metadatafield><fieldlabel>qmd_computerscored</fieldlabel><fieldentry>yes</fieldentry></qti_metadatafield><qti_metadatafield><fieldlabel>qmd_questiontype</fieldlabel><fieldentry>Multiple Choice</fieldentry></qti_metadatafield><qti_metadatafield><fieldlabel>qmd_weighting</fieldlabel><fieldentry>1.000000000</fieldentry></qti_metadatafield><qti_metadatafield><fieldlabel>qmd_globalid</fieldlabel><fieldentry>baae9673-1e0c-4e30-95ad-2d98e364f1f3</fieldentry></qti_metadatafield><qti_metadatafield><fieldlabel>qmd_displayid</fieldlabel><fieldentry>Sample Course-73625</fieldentry></qti_metadatafield></qtimetadata></itemmetadata><itemproc_extension><d2l_2p0:difficulty>3</d2l_2p0:difficulty><d2l_2p0:isbonus>no</d2l_2p0:isbonus><d2l_2p0:ismandatory>no</d2l_2p0:ismandatory></itemproc_extension><presentation><flow><material><mattext texttype="text/html">&lt;p&gt;&lt;span style="font-size: 14pt; font-family: 'Avenir Next', sans-serif; color: #292b2c; background-image: initial; background-position: initial; background-size: initial; background-repeat: initial; background-attachment: initial; background-origin: initial; background-clip: initial;"&gt;Suppose&amp;nbsp;&lt;/span&gt;&lt;span style="font-size: 14.0pt; font-family: 'Avenir Next',sans-serif; color: #292b2c; border: none windowtext 1.0pt; padding: 0in;"&gt;y&lt;/span&gt;&lt;span style="font-size: 14pt; font-family: 'Avenir Next', sans-serif; color: #292b2c; background-image: initial; background-position: initial; background-size: initial; background-repeat: initial; background-attachment: initial; background-origin: initial; background-clip: initial;"&gt;&amp;nbsp;is a linear function of&amp;nbsp;&lt;/span&gt;&lt;i&gt;&lt;span style="font-size: 14.0pt; font-family: 'Avenir Next',sans-serif; color: #292b2c; border: none windowtext 1.0pt; padding: 0in;"&gt;x&lt;/span&gt;&lt;/i&gt;&lt;span style="font-size: 14pt; font-family: 'Avenir Next', sans-serif; color: #292b2c; background-image: initial; background-position: initial; background-size: initial; background-repeat: initial; background-attachment: initial; background-origin: initial; background-clip: initial;"&gt;. Let&amp;nbsp;&lt;/span&gt;&lt;span style="font-size: 14.0pt; font-family: 'Avenir Next',sans-serif; color: #292b2c; border: none windowtext 1.0pt; padding: 0in;"&gt;&amp;#916;&lt;i&gt;y&lt;/i&gt;&lt;/span&gt;&lt;span style="font-size: 14pt; font-family: 'Avenir Next', sans-serif; color: #292b2c; background-image: initial; background-position: initial; background-size: initial; background-repeat: initial; background-attachment: initial; background-origin: initial; background-clip: initial;"&gt;&amp;nbsp;represent the change in the value of&amp;nbsp;&lt;/span&gt;&lt;i&gt;&lt;span style="font-size: 14.0pt; font-family: 'Avenir Next',sans-serif; color: #292b2c; border: none windowtext 1.0pt; padding: 0in;"&gt;y&lt;/span&gt;&lt;/i&gt;&lt;span style="font-size: 14pt; font-family: 'Avenir Next', sans-serif; color: #292b2c; background-image: initial; background-position: initial; background-size: initial; background-repeat: initial; background-attachment: initial; background-origin: initial; background-clip: initial;"&gt;&amp;nbsp;and let&amp;nbsp;&lt;/span&gt;&lt;span style="font-size: 14.0pt; font-family: 'Avenir Next',sans-serif; color: #292b2c; border: none windowtext 1.0pt; padding: 0in;"&gt;&amp;#916;&lt;i&gt;x&lt;/i&gt;&lt;/span&gt;&lt;span style="font-size: 14pt; font-family: 'Avenir Next', sans-serif; color: #292b2c; background-image: initial; background-position: initial; background-size: initial; background-repeat: initial; background-attachment: initial; background-origin: initial; background-clip: initial;"&gt;&amp;nbsp;represent the change in the value of&amp;nbsp;&lt;/span&gt;&lt;i&gt;&lt;span style="font-size: 14.0pt; font-family: 'Avenir Next',sans-serif; color: #292b2c; border: none windowtext 1.0pt; padding: 0in;"&gt;x&lt;/span&gt;&lt;/i&gt;&lt;span style="font-size: 14pt; font-family: 'Avenir Next', sans-serif; color: #292b2c; background-image: initial; background-position: initial; background-size: initial; background-repeat: initial; background-attachment: initial; background-origin: initial; background-clip: initial;"&gt;. Which of the following graphs could represent the relationship between&amp;nbsp;&lt;/span&gt;&lt;i&gt;&lt;span style="font-size: 14.0pt; font-family: 'Avenir Next',sans-serif; color: #292b2c; border: none windowtext 1.0pt; padding: 0in;"&gt;x&lt;/span&gt;&lt;/i&gt;&lt;span style="font-size: 14pt; font-family: 'Avenir Next', sans-serif; color: #292b2c; background-image: initial; background-position: initial; background-size: initial; background-repeat: initial; background-attachment: initial; background-origin: initial; background-clip: initial;"&gt;&amp;nbsp;and&amp;nbsp;&lt;/span&gt;&lt;i&gt;&lt;span style="font-size: 14.0pt; font-family: 'Avenir Next',sans-serif; color: #292b2c; border: none windowtext 1.0pt; padding: 0in;"&gt;y&lt;/span&gt;&lt;/i&gt;&lt;span style="font-size: 14pt; font-family: 'Avenir Next', sans-serif; color: #292b2c; background-image: initial; background-position: initial; background-size: initial; background-repeat: initial; background-attachment: initial; background-origin: initial; background-clip: initial;"&gt;&amp;nbsp;provided&amp;nbsp;&lt;/span&gt;&lt;span style="font-size: 14.0pt; font-family: 'Avenir Next',sans-serif; color: #292b2c; border: none windowtext 1.0pt; padding: 0in;"&gt;&amp;#916;&lt;i&gt;y&lt;/i&gt;=&lt;img alt="" src="https://sakai.ithaca.edu/access/content/attachment/758446f8-e5ae-46a8-8c96-e013a3418fc5/Tests _ Quizzes/79358e22-dea4-4917-b325-3476c5e3320e/6ed5690c12914fc3dc58fec47e72c652__xid-14753909_1.png"&gt;&lt;/img&gt;

&amp;#916;&lt;i&gt;x&lt;/i&gt;&lt;/span&gt;&lt;span style="font-size: 14pt; font-family: 'Avenir Next', sans-serif; color: #292b2c; background-image: initial; background-position: initial; background-size: initial; background-repeat: initial; background-attachment: initial; background-origin: initial; background-clip: initial;"&gt;.&lt;/span&gt;&lt;/p&gt;  &lt;p&gt;&lt;span style="font-size: 14pt; font-family: 'Avenir Next', sans-serif; color: #292b2c; background-image: initial; background-position: initial; background-size: initial; background-repeat: initial; background-attachment: initial; background-origin: initial; background-clip: initial;"&gt;Graph A&lt;/span&gt;&lt;/p&gt;  &lt;p&gt;&lt;span style="font-size: 14pt; font-family: 'Avenir Next', sans-serif; color: #292b2c; background-image: initial; background-position: initial; background-size: initial; background-repeat: initial; background-attachment: initial; background-origin: initial; background-clip: initial;"&gt;&lt;img alt="" src="https://sakai.ithaca.edu/access/content/attachment/758446f8-e5ae-46a8-8c96-e013a3418fc5/Tests _ Quizzes/d93279e2-0716-43a3-a400-aaf680c5c7bf/screen shot 2020-05-06 at 4.42.10 pm__xid-14753911_1.png"&gt;&lt;/img&gt;

&lt;/span&gt;&lt;/p&gt;  &lt;p&gt;&lt;br&gt;&lt;/p&gt;  &lt;p&gt;&lt;span style="font-size: 14pt; font-family: 'Avenir Next', sans-serif; color: #292b2c; background-image: initial; background-position: initial; background-size: initial; background-repeat: initial; background-attachment: initial; background-origin: initial; background-clip: initial;"&gt;Graph B&lt;/span&gt;&lt;/p&gt;  &lt;p&gt;&lt;span style="font-size: 14pt; font-family: 'Avenir Next', sans-serif; color: #292b2c; background-image: initial; background-position: initial; background-size: initial; background-repeat: initial; background-attachment: initial; background-origin: initial; background-clip: initial;"&gt;&lt;img alt="" src="https://sakai.ithaca.edu/access/content/attachment/758446f8-e5ae-46a8-8c96-e013a3418fc5/Tests _ Quizzes/f94c3746-66c9-4b64-8599-16653d385679/screen shot 2020-05-06 at 4.42.23 pm__xid-14753916_1.png"&gt;&lt;/img&gt;

&lt;/span&gt;&lt;/p&gt;  &lt;p&gt;&lt;br&gt;&lt;/p&gt;  &lt;p&gt;&lt;span style="font-size: 14pt; font-family: 'Avenir Next', sans-serif; color: #292b2c; background-image: initial; background-position: initial; background-size: initial; background-repeat: initial; background-attachment: initial; background-origin: initial; background-clip: initial;"&gt;Graph C&lt;/span&gt;&lt;/p&gt;  &lt;p&gt;&lt;span style="font-size: 14pt; font-family: 'Avenir Next', sans-serif; color: #292b2c; background-image: initial; background-position: initial; background-size: initial; background-repeat: initial; background-attachment: initial; background-origin: initial; background-clip: initial;"&gt;&lt;img alt="" src="https://sakai.ithaca.edu/access/content/attachment/758446f8-e5ae-46a8-8c96-e013a3418fc5/Tests _ Quizzes/f436dee9-9a9a-41fc-912b-558652bd79c4/screen shot 2020-05-06 at 4.42.33 pm__xid-14753913_1.png"&gt;&lt;/img&gt;

&lt;/span&gt;&lt;/p&gt;  &lt;p&gt;&lt;br&gt;&lt;/p&gt;  &lt;p&gt;&lt;span style="font-size: 14pt; font-family: 'Avenir Next', sans-serif; color: #292b2c; background-image: initial; background-position: initial; background-size: initial; background-repeat: initial; background-attachment: initial; background-origin: initial; background-clip: initial;"&gt;Graph D&lt;/span&gt;&lt;/p&gt;  &lt;p&gt;&lt;span style="font-size: 14pt; font-family: 'Avenir Next', sans-serif; color: #292b2c; background-image: initial; background-position: initial; background-size: initial; background-repeat: initial; background-attachment: initial; background-origin: initial; background-clip: initial;"&gt;&lt;img alt="" src="https://sakai.ithaca.edu/access/content/attachment/758446f8-e5ae-46a8-8c96-e013a3418fc5/Tests _ Quizzes/66e40edb-6264-4b16-9cdd-0205a990c7b4/screen shot 2020-05-06 at 4.42.41 pm__xid-14753907_1.png"&gt;&lt;/img&gt;

&lt;/span&gt;&lt;/p&gt;</mattext></material><response_extension><d2l_2p0:display_style>2</d2l_2p0:display_style><d2l_2p0:enumeration>6</d2l_2p0:enumeration><d2l_2p0:grading_type>0</d2l_2p0:grading_type></response_extension><response_lid ident="QUES_42756426_42760507_LID" rcardinality="Single"><render_choice shuffle="no"><flow_label class="Block"><response_label ident="QUES_42756426_42760507_A130830338"><flow_mat><material><mattext texttype="text/html">&lt;p&gt;&lt;span style="font-size: medium;"&gt;Graph A&lt;/span&gt;&lt;/p&gt;</mattext></material></flow_mat></response_label></flow_label><flow_label class="Block"><response_label ident="QUES_42756426_42760507_A130830339"><flow_mat><material><mattext texttype="text/html">&lt;p&gt;&lt;span style="font-size: medium;"&gt;Graph B&lt;/span&gt;&lt;/p&gt;</mattext></material></flow_mat></response_label></flow_label><flow_label class="Block"><response_label ident="QUES_42756426_42760507_A130830340"><flow_mat><material><mattext texttype="text/html">&lt;p&gt;&lt;span style="font-size: medium;"&gt;Graph C&lt;/span&gt;&lt;/p&gt;</mattext></material></flow_mat></response_label></flow_label><flow_label class="Block"><response_label ident="QUES_42756426_42760507_A130830341"><flow_mat><material><mattext texttype="text/html">&lt;p&gt;&lt;span style="font-size: medium;"&gt;Graph D&lt;/span&gt;&lt;/p&gt;</mattext></material></flow_mat></response_label></flow_label></render_choice></response_lid></flow></presentation><resprocessing><respcondition title="Response Condition 1"><conditionvar><varequal respident="QUES_42756426_42760507_LID">QUES_42756426_42760507_A130830338</varequal></conditionvar><setvar action="Set">0.000000000</setvar><displayfeedback feedbacktype="Response" linkrefid="QUES_42756426_42760507_IF130830338" /></respcondition><respcondition title="Response Condition 2"><conditionvar><varequal respident="QUES_42756426_42760507_LID">QUES_42756426_42760507_A130830339</varequal></conditionvar><setvar action="Set">0.000000000</setvar><displayfeedback feedbacktype="Response" linkrefid="QUES_42756426_42760507_IF130830339" /></respcondition><respcondition title="Response Condition 3"><conditionvar><varequal respident="QUES_42756426_42760507_LID">QUES_42756426_42760507_A130830340</varequal></conditionvar><setvar action="Set">100.000000000</setvar><displayfeedback feedbacktype="Response" linkrefid="QUES_42756426_42760507_IF130830340" /></respcondition><respcondition title="Response Condition 4"><conditionvar><varequal respident="QUES_42756426_42760507_LID">QUES_42756426_42760507_A130830341</varequal></conditionvar><setvar action="Set">0.000000000</setvar><displayfeedback feedbacktype="Response" linkrefid="QUES_42756426_42760507_IF130830341" /></respcondition></resprocessing><itemfeedback ident="QUES_42756426_42760507_IF130830338"><material><mattext texttype="text/plain" /></material></itemfeedback><itemfeedback ident="QUES_42756426_42760507_IF130830339"><material><mattext texttype="text/plain" /></material></itemfeedback><itemfeedback ident="QUES_42756426_42760507_IF130830340"><material><mattext texttype="text/plain" /></material></itemfeedback><itemfeedback ident="QUES_42756426_42760507_IF130830341"><material><mattext texttype="text/plain" /></material></itemfeedback></item><item ident="OBJ_1650589" label="QUES_42756427_42760508" d2l_2p0:page="1" title="1.2"><itemmetadata><qtimetadata><qti_metadatafield><fieldlabel>qmd_computerscored</fieldlabel><fieldentry>yes</fieldentry></qti_metadatafield><qti_metadatafield><fieldlabel>qmd_questiontype</fieldlabel><fieldentry>Multiple Choice</fieldentry></qti_metadatafield><qti_metadatafield><fieldlabel>qmd_weighting</fieldlabel><fieldentry>1.000000000</fieldentry></qti_metadatafield><qti_metadatafield><fieldlabel>qmd_globalid</fieldlabel><fieldentry>c50206cf-4fdd-4711-8dcd-01d301125217</fieldentry></qti_metadatafield><qti_metadatafield><fieldlabel>qmd_displayid</fieldlabel><fieldentry>Sample Course-73626</fieldentry></qti_metadatafield></qtimetadata></itemmetadata><itemproc_extension><d2l_2p0:difficulty>3</d2l_2p0:difficulty><d2l_2p0:isbonus>no</d2l_2p0:isbonus><d2l_2p0:ismandatory>no</d2l_2p0:ismandatory></itemproc_extension><presentation><flow><material><mattext texttype="text/html">&lt;p&gt;&lt;span style="font-size: 14pt; font-family: 'Avenir Next', sans-serif; color: #292b2c; background-image: initial; background-position: initial; background-size: initial; background-repeat: initial; background-attachment: initial; background-origin: initial; background-clip: initial;"&gt;Sophia is going to compete in two legs, running and biking, of a local mini triathlon. The running begins at the shoreline of the ocean and heads due north on Ocean Avenue. After she runs 5k she transitions to her bicycle and continues due north on Ocean Avenue for another 20k. She bikes faster than she runs. Assuming that Sophia was always heading due north, which of the following graphs more accurately represents the relationship between Sophia&amp;#8217;s distance from transition and the total distance Sophia has traveled.&lt;/span&gt;&lt;/p&gt;  &lt;p&gt;&lt;span style="font-size: 14pt; font-family: 'Avenir Next', sans-serif; color: #292b2c; background-image: initial; background-position: initial; background-size: initial; background-repeat: initial; background-attachment: initial; background-origin: initial; background-clip: initial;"&gt;Graph A&lt;/span&gt;&lt;/p&gt;  &lt;p&gt;&lt;span style="font-size: 14pt; font-family: 'Avenir Next', sans-serif; color: #292b2c; background-image: initial; background-position: initial; background-size: initial; background-repeat: initial; background-attachment: initial; background-origin: initial; background-clip: initial;"&gt;&lt;img alt="" src="https://sakai.ithaca.edu/access/content/attachment/758446f8-e5ae-46a8-8c96-e013a3418fc5/Tests _ Quizzes/d5663f89-f665-48b1-b637-4c49898ba830/screen shot 2020-05-06 at 4.41.36 pm__xid-14753914_1.png"&gt;&lt;/img&gt;

&lt;/span&gt;&lt;/p&gt;  &lt;p&gt;&lt;br&gt;&lt;/p&gt;  &lt;p&gt;&lt;span style="font-size: 14pt; font-family: 'Avenir Next', sans-serif; color: #292b2c; background-image: initial; background-position: initial; background-size: initial; background-repeat: initial; background-attachment: initial; background-origin: initial; background-clip: initial;"&gt;Graph B&lt;/span&gt;&lt;/p&gt;  &lt;p&gt;&lt;span style="font-size: 14pt; font-family: 'Avenir Next', sans-serif; color: #292b2c; background-image: initial; background-position: initial; background-size: initial; background-repeat: initial; background-attachment: initial; background-origin: initial; background-clip: initial;"&gt;&lt;img alt="" src="https://sakai.ithaca.edu/access/content/attachment/758446f8-e5ae-46a8-8c96-e013a3418fc5/Tests _ Quizzes/bbdeba94-6647-4253-a4c2-784189c8beea/screen shot 2020-05-06 at 4.41.45 pm__xid-14753912_1.png"&gt;&lt;/img&gt;

&lt;/span&gt;&lt;/p&gt;  &lt;p&gt;&lt;br&gt;&lt;/p&gt;  &lt;p&gt;&lt;span style="font-size: 14pt; font-family: 'Avenir Next', sans-serif; color: #292b2c; background-image: initial; background-position: initial; background-size: initial; background-repeat: initial; background-attachment: initial; background-origin: initial; background-clip: initial;"&gt;Graph C&lt;/span&gt;&lt;/p&gt;  &lt;p&gt;&lt;span style="font-size: 14pt; font-family: 'Avenir Next', sans-serif; color: #292b2c; background-image: initial; background-position: initial; background-size: initial; background-repeat: initial; background-attachment: initial; background-origin: initial; background-clip: initial;"&gt;&lt;img alt="" src="https://sakai.ithaca.edu/access/content/attachment/758446f8-e5ae-46a8-8c96-e013a3418fc5/Tests _ Quizzes/1e08b097-a3ec-46eb-9c73-89e78f194bfe/screen shot 2020-05-06 at 4.41.55 pm__xid-14753915_1.png"&gt;&lt;/img&gt;

&lt;/span&gt;&lt;/p&gt;</mattext></material><response_extension><d2l_2p0:display_style>2</d2l_2p0:display_style><d2l_2p0:enumeration>6</d2l_2p0:enumeration><d2l_2p0:grading_type>0</d2l_2p0:grading_type></response_extension><response_lid ident="QUES_42756427_42760508_LID" rcardinality="Single"><render_choice shuffle="no"><flow_label class="Block"><response_label ident="QUES_42756427_42760508_A130830342"><flow_mat><material><mattext texttype="text/html">&lt;p&gt;&lt;span style="font-size: medium;"&gt;Graph A&lt;/span&gt;&lt;/p&gt;</mattext></material></flow_mat></response_label></flow_label><flow_label class="Block"><response_label ident="QUES_42756427_42760508_A130830343"><flow_mat><material><mattext texttype="text/html">&lt;p&gt;&lt;span style="font-size: medium;"&gt;Graph B&lt;/span&gt;&lt;/p&gt;</mattext></material></flow_mat></response_label></flow_label><flow_label class="Block"><response_label ident="QUES_42756427_42760508_A130830344"><flow_mat><material><mattext texttype="text/html">&lt;p&gt;&lt;span style="font-size: medium;"&gt;Graph C&lt;/span&gt;&lt;/p&gt;</mattext></material></flow_mat></response_label></flow_label></render_choice></response_lid></flow></presentation><resprocessing><respcondition title="Response Condition 1"><conditionvar><varequal respident="QUES_42756427_42760508_LID">QUES_42756427_42760508_A130830342</varequal></conditionvar><setvar action="Set">0.000000000</setvar><displayfeedback feedbacktype="Response" linkrefid="QUES_42756427_42760508_IF130830342" /></respcondition><respcondition title="Response Condition 2"><conditionvar><varequal respident="QUES_42756427_42760508_LID">QUES_42756427_42760508_A130830343</varequal></conditionvar><setvar action="Set">100.000000000</setvar><displayfeedback feedbacktype="Response" linkrefid="QUES_42756427_42760508_IF130830343" /></respcondition><respcondition title="Response Condition 3"><conditionvar><varequal respident="QUES_42756427_42760508_LID">QUES_42756427_42760508_A130830344</varequal></conditionvar><setvar action="Set">0.000000000</setvar><displayfeedback feedbacktype="Response" linkrefid="QUES_42756427_42760508_IF130830344" /></respcondition></resprocessing><itemfeedback ident="QUES_42756427_42760508_IF130830342"><material><mattext texttype="text/plain" /></material></itemfeedback><itemfeedback ident="QUES_42756427_42760508_IF130830343"><material><mattext texttype="text/plain" /></material></itemfeedback><itemfeedback ident="QUES_42756427_42760508_IF130830344"><material><mattext texttype="text/plain" /></material></itemfeedback></item><item ident="OBJ_1650590" label="QUES_42756428_42760509" d2l_2p0:page="1" title="1.3"><itemmetadata><qtimetadata><qti_metadatafield><fieldlabel>qmd_computerscored</fieldlabel><fieldentry>yes</fieldentry></qti_metadatafield><qti_metadatafield><fieldlabel>qmd_questiontype</fieldlabel><fieldentry>Multiple Choice</fieldentry></qti_metadatafield><qti_metadatafield><fieldlabel>qmd_weighting</fieldlabel><fieldentry>1.000000000</fieldentry></qti_metadatafield><qti_metadatafield><fieldlabel>qmd_globalid</fieldlabel><fieldentry>25d8823b-1c9c-471f-8a8b-1dd1747819c6</fieldentry></qti_metadatafield><qti_metadatafield><fieldlabel>qmd_displayid</fieldlabel><fieldentry>Sample Course-73627</fieldentry></qti_metadatafield></qtimetadata></itemmetadata><itemproc_extension><d2l_2p0:difficulty>3</d2l_2p0:difficulty><d2l_2p0:isbonus>no</d2l_2p0:isbonus><d2l_2p0:ismandatory>no</d2l_2p0:ismandatory></itemproc_extension><presentation><flow><material><mattext texttype="text/html">&lt;p&gt;&lt;span style="font-size: 14pt; font-family: 'Avenir Next', sans-serif; color: #292b2c; background-image: initial; background-position: initial; background-size: initial; background-repeat: initial; background-attachment: initial; background-origin: initial; background-clip: initial;"&gt; The following graph represents the height of water as a function of volume as water is poured into a container. Which container is represented by the graph? &lt;/span&gt;&lt;/p&gt;  &lt;p&gt;&lt;img alt="" src="https://sakai.ithaca.edu/access/content/attachment/758446f8-e5ae-46a8-8c96-e013a3418fc5/Tests _ Quizzes/50ea8a22-f4e3-47a0-9264-8441756a7a7a/screen shot 2020-05-06 at 4.43.02 pm__xid-14753910_1.png"&gt;&lt;/img&gt;

&lt;/p&gt;</mattext></material><response_extension><d2l_2p0:display_style>2</d2l_2p0:display_style><d2l_2p0:enumeration>6</d2l_2p0:enumeration><d2l_2p0:grading_type>0</d2l_2p0:grading_type></response_extension><response_lid ident="QUES_42756428_42760509_LID" rcardinality="Single"><render_choice shuffle="no"><flow_label class="Block"><response_label ident="QUES_42756428_42760509_A130830345"><flow_mat><material><mattext texttype="text/html">&lt;p&gt;&lt;span style="font-size: medium;"&gt;Container a.&lt;/span&gt;&lt;/p&gt;</mattext></material></flow_mat></response_label></flow_label><flow_label class="Block"><response_label ident="QUES_42756428_42760509_A130830346"><flow_mat><material><mattext texttype="text/html">&lt;p&gt;&lt;span style="font-size: medium;"&gt;Container b.&lt;/span&gt;&lt;/p&gt;</mattext></material></flow_mat></response_label></flow_label><flow_label class="Block"><response_label ident="QUES_42756428_42760509_A130830347"><flow_mat><material><mattext texttype="text/html">&lt;p&gt;&lt;span style="font-size: medium;"&gt;Container c.&lt;/span&gt;&lt;/p&gt;</mattext></material></flow_mat></response_label></flow_label><flow_label class="Block"><response_label ident="QUES_42756428_42760509_A130830348"><flow_mat><material><mattext texttype="text/html">&lt;p&gt;&lt;span style="font-size: medium;"&gt;Container d.&lt;/span&gt;&lt;/p&gt;</mattext></material></flow_mat></response_label></flow_label><flow_label class="Block"><response_label ident="QUES_42756428_42760509_A130830349"><flow_mat><material><mattext texttype="text/html">&lt;p&gt;&lt;span style="font-size: medium;"&gt;Container e.&lt;/span&gt;&lt;/p&gt;</mattext></material></flow_mat></response_label></flow_label></render_choice></response_lid></flow></presentation><resprocessing><respcondition title="Response Condition 1"><conditionvar><varequal respident="QUES_42756428_42760509_LID">QUES_42756428_42760509_A130830345</varequal></conditionvar><setvar action="Set">0.000000000</setvar><displayfeedback feedbacktype="Response" linkrefid="QUES_42756428_42760509_IF130830345" /></respcondition><respcondition title="Response Condition 2"><conditionvar><varequal respident="QUES_42756428_42760509_LID">QUES_42756428_42760509_A130830346</varequal></conditionvar><setvar action="Set">100.000000000</setvar><displayfeedback feedbacktype="Response" linkrefid="QUES_42756428_42760509_IF130830346" /></respcondition><respcondition title="Response Condition 3"><conditionvar><varequal respident="QUES_42756428_42760509_LID">QUES_42756428_42760509_A130830347</varequal></conditionvar><setvar action="Set">0.000000000</setvar><displayfeedback feedbacktype="Response" linkrefid="QUES_42756428_42760509_IF130830347" /></respcondition><respcondition title="Response Condition 4"><conditionvar><varequal respident="QUES_42756428_42760509_LID">QUES_42756428_42760509_A130830348</varequal></conditionvar><setvar action="Set">0.000000000</setvar><displayfeedback feedbacktype="Response" linkrefid="QUES_42756428_42760509_IF130830348" /></respcondition><respcondition title="Response Condition 5"><conditionvar><varequal respident="QUES_42756428_42760509_LID">QUES_42756428_42760509_A130830349</varequal></conditionvar><setvar action="Set">0.000000000</setvar><displayfeedback feedbacktype="Response" linkrefid="QUES_42756428_42760509_IF130830349" /></respcondition></resprocessing><itemfeedback ident="QUES_42756428_42760509_IF130830345"><material><mattext texttype="text/plain" /></material></itemfeedback><itemfeedback ident="QUES_42756428_42760509_IF130830346"><material><mattext texttype="text/plain" /></material></itemfeedback><itemfeedback ident="QUES_42756428_42760509_IF130830347"><material><mattext texttype="text/plain" /></material></itemfeedback><itemfeedback ident="QUES_42756428_42760509_IF130830348"><material><mattext texttype="text/plain" /></material></itemfeedback><itemfeedback ident="QUES_42756428_42760509_IF130830349"><material><mattext texttype="text/plain" /></material></itemfeedback></item></section></assessment></questestinterop>