﻿<?xml version="1.0" encoding="UTF-8"?><questestinterop xmlns:d2l_2p0="http://desire2learn.com/xsd/d2lcp_v2p0"><assessment d2l_2p0:id="458" title="Related Rates PreVideo Questions" ident="res_quiz_122413" d2l_2p0:resource_code="ef9e56cc46d3486a98963923-138"><rubric><flow_mat><material><mattext d2l_2p0:isdisplayed="no" texttype="text/html" /></material></flow_mat></rubric><assessmentcontrol hintswitch="no" solutionswitch="yes" feedbackswitch="no" /><presentation_material><flow_mat><material label="page header"><mattext d2l_2p0:isdisplayed="no" texttype="text/html" /></material><material label="page footer"><mattext d2l_2p0:isdisplayed="no" texttype="text/html" /></material></flow_mat></presentation_material><assess_procextension><d2l_2p0:intro_message d2l_2p0:isdisplayed="yes" texttype="text/html">Respondus</d2l_2p0:intro_message><d2l_2p0:disable_right_click>no</d2l_2p0:disable_right_click><d2l_2p0:disable_pager_access>no</d2l_2p0:disable_pager_access><is_active>yes</is_active><d2l_2p0:date_start /><d2l_2p0:date_end /><d2l_2p0:date_due /><d2l_2p0:has_schedule_event>no</d2l_2p0:has_schedule_event><d2l_2p0:is_attempt_Rldb>no</d2l_2p0:is_attempt_Rldb><d2l_2p0:is_subview_Rldb>no</d2l_2p0:is_subview_Rldb><d2l_2p0:time_limit>120</d2l_2p0:time_limit><d2l_2p0:show_clock>yes</d2l_2p0:show_clock><d2l_2p0:enforce_time_limit>yes</d2l_2p0:enforce_time_limit><d2l_2p0:grace_period>5</d2l_2p0:grace_period><d2l_2p0:late_limit>0</d2l_2p0:late_limit><d2l_2p0:attempts_allowed>3</d2l_2p0:attempts_allowed><d2l_2p0:attempt_restrictions /><d2l_2p0:mark_calculation_type>1</d2l_2p0:mark_calculation_type><d2l_2p0:is_forward_only>no</d2l_2p0:is_forward_only></assess_procextension><assessfeedback title=""><rubric><flow_mat><material><mattext texttype="yes">Your quiz has been submitted successfully.</mattext></material></flow_mat></rubric><d2l_2p0:duration>0</d2l_2p0:duration><d2l_2p0:response_display_type_id>1</d2l_2p0:response_display_type_id><d2l_2p0:show_correct_answers>no</d2l_2p0:show_correct_answers><d2l_2p0:submission_restrictip>no</d2l_2p0:submission_restrictip><d2l_2p0:show_class_average>no</d2l_2p0:show_class_average><d2l_2p0:show_score_distribution>no</d2l_2p0:show_score_distribution></assessfeedback><section ident="CONTAINER_SECTION"><item ident="OBJ_1651182" label="QUES_42756989_42761070" d2l_2p0:page="1"><itemmetadata><qtimetadata><qti_metadatafield><fieldlabel>qmd_computerscored</fieldlabel><fieldentry>yes</fieldentry></qti_metadatafield><qti_metadatafield><fieldlabel>qmd_questiontype</fieldlabel><fieldentry>Multiple Choice</fieldentry></qti_metadatafield><qti_metadatafield><fieldlabel>qmd_weighting</fieldlabel><fieldentry>1.000000000</fieldentry></qti_metadatafield><qti_metadatafield><fieldlabel>qmd_globalid</fieldlabel><fieldentry>b429c609-6cd6-4c44-9d27-5c294d6fc53e</fieldentry></qti_metadatafield><qti_metadatafield><fieldlabel>qmd_displayid</fieldlabel><fieldentry>Sample Course-74188</fieldentry></qti_metadatafield></qtimetadata></itemmetadata><itemproc_extension><d2l_2p0:difficulty>3</d2l_2p0:difficulty><d2l_2p0:isbonus>no</d2l_2p0:isbonus><d2l_2p0:ismandatory>yes</d2l_2p0:ismandatory></itemproc_extension><presentation><flow><material><mattext texttype="text/html">&lt;!--RsQ_001--&gt;&lt;span style="font-family:'Arial';"&gt;A right triangle has one leg of constant length 7cm as shown in the diagram below. The area of the triangle is given by the formula &lt;/span&gt;&lt;span style="font-family:'Arial'; color:#000000;"&gt;&lt;IMG src="ppg/respondus/Related_Rates_Pre_BB_Test/eq_fe5379.gif" alt="equation" border=0 align="absmiddle"&gt;&lt;/span&gt;&lt;span style="font-family:'Arial';"&gt;, where &lt;/span&gt;&lt;span style="font-family:'Arial'; color:#000000;"&gt;&lt;IMG src="ppg/respondus/Related_Rates_Pre_BB_Test/eq_fe53ab.gif" alt="equation" border=0 align="absmiddle"&gt;&lt;/span&gt;&lt;span style="font-family:'Arial';"&gt; is the length of the base of the triangle and &lt;/span&gt;&lt;span style="font-family:'Arial'; color:#000000;"&gt;&lt;IMG src="ppg/respondus/Related_Rates_Pre_BB_Test/eq_fe53bb.gif" alt="equation" border=0 align="absmiddle"&gt;&lt;/span&gt;&lt;span style="font-family:'Arial';"&gt; is the height of the triangle. In order to determine how fast is its area changing at the instant that the other leg has length 10 cm, which of the following formulas would you use?&lt;br&gt;&lt;/span&gt;&lt;span style="font-family:'Arial'; color:#000000;"&gt;&lt;IMG src="ppg/respondus/Related_Rates_Pre_BB_Test/triangle.png" alt="image" align="bottom" border=0&gt;&lt;/span&gt;&lt;span style="font-family:'Arial';"&gt; &lt;/span&gt;</mattext></material><response_extension><d2l_2p0:display_style>2</d2l_2p0:display_style><d2l_2p0:enumeration>6</d2l_2p0:enumeration><d2l_2p0:grading_type>0</d2l_2p0:grading_type></response_extension><response_lid ident="QUES_42756989_42761070_LID" rcardinality="Single"><render_choice shuffle="no"><flow_label class="Block"><response_label ident="QUES_42756989_42761070_A130833195"><flow_mat><material><mattext texttype="text/html">&lt;span style="font-family:'Arial';"&gt;&lt;IMG src="ppg/respondus/Related_Rates_Pre_BB_Test/eq_fe5467.gif" alt="equation" border=0 align="absmiddle"&gt;&lt;/span&gt;</mattext></material></flow_mat></response_label></flow_label><flow_label class="Block"><response_label ident="QUES_42756989_42761070_A130833196"><flow_mat><material><mattext texttype="text/html">&lt;span style="font-family:'Arial';"&gt;&lt;IMG src="ppg/respondus/Related_Rates_Pre_BB_Test/eq_fe549f.gif" alt="equation" border=0 align="absmiddle"&gt;&lt;/span&gt;</mattext></material></flow_mat></response_label></flow_label><flow_label class="Block"><response_label ident="QUES_42756989_42761070_A130833197"><flow_mat><material><mattext texttype="text/html">&lt;span style="font-family:'Arial';"&gt;&lt;IMG src="ppg/respondus/Related_Rates_Pre_BB_Test/eq_fe54cc.gif" alt="equation" border=0 align="absmiddle"&gt;&lt;/span&gt;</mattext></material></flow_mat></response_label></flow_label><flow_label class="Block"><response_label ident="QUES_42756989_42761070_A130833198"><flow_mat><material><mattext texttype="text/html">&lt;span style="font-family:'Arial';"&gt;&lt;IMG src="ppg/respondus/Related_Rates_Pre_BB_Test/eq_fe55f7.gif" alt="equation" border=0 align="absmiddle"&gt;&lt;/span&gt;</mattext></material></flow_mat></response_label></flow_label><flow_label class="Block"><response_label ident="QUES_42756989_42761070_A130833199"><flow_mat><material><mattext texttype="text/html">&lt;span style="font-family:'Arial';"&gt;&lt;IMG src="ppg/respondus/Related_Rates_Pre_BB_Test/eq_fe5611.gif" alt="equation" border=0 align="absmiddle"&gt;&lt;/span&gt;</mattext></material></flow_mat></response_label></flow_label></render_choice></response_lid></flow></presentation><resprocessing><respcondition title="Response Condition 1"><conditionvar><varequal respident="QUES_42756989_42761070_LID">QUES_42756989_42761070_A130833195</varequal></conditionvar><setvar action="Set">0.000000000</setvar><displayfeedback feedbacktype="Response" linkrefid="QUES_42756989_42761070_IF130833195" /></respcondition><respcondition title="Response Condition 2"><conditionvar><varequal respident="QUES_42756989_42761070_LID">QUES_42756989_42761070_A130833196</varequal></conditionvar><setvar action="Set">100.000000000</setvar><displayfeedback feedbacktype="Response" linkrefid="QUES_42756989_42761070_IF130833196" /></respcondition><respcondition title="Response Condition 3"><conditionvar><varequal respident="QUES_42756989_42761070_LID">QUES_42756989_42761070_A130833197</varequal></conditionvar><setvar action="Set">0.000000000</setvar><displayfeedback feedbacktype="Response" linkrefid="QUES_42756989_42761070_IF130833197" /></respcondition><respcondition title="Response Condition 4"><conditionvar><varequal respident="QUES_42756989_42761070_LID">QUES_42756989_42761070_A130833198</varequal></conditionvar><setvar action="Set">0.000000000</setvar><displayfeedback feedbacktype="Response" linkrefid="QUES_42756989_42761070_IF130833198" /></respcondition><respcondition title="Response Condition 5"><conditionvar><varequal respident="QUES_42756989_42761070_LID">QUES_42756989_42761070_A130833199</varequal></conditionvar><setvar action="Set">0.000000000</setvar><displayfeedback feedbacktype="Response" linkrefid="QUES_42756989_42761070_IF130833199" /></respcondition></resprocessing><itemfeedback ident="QUES_42756989_42761070_IF130833195"><material><mattext texttype="text/plain" /></material></itemfeedback><itemfeedback ident="QUES_42756989_42761070_IF130833196"><material><mattext texttype="text/plain" /></material></itemfeedback><itemfeedback ident="QUES_42756989_42761070_IF130833197"><material><mattext texttype="text/plain" /></material></itemfeedback><itemfeedback ident="QUES_42756989_42761070_IF130833198"><material><mattext texttype="text/plain" /></material></itemfeedback><itemfeedback ident="QUES_42756989_42761070_IF130833199"><material><mattext texttype="text/plain" /></material></itemfeedback></item><item ident="OBJ_1651183" label="QUES_42756990_42761071" d2l_2p0:page="1"><itemmetadata><qtimetadata><qti_metadatafield><fieldlabel>qmd_computerscored</fieldlabel><fieldentry>yes</fieldentry></qti_metadatafield><qti_metadatafield><fieldlabel>qmd_questiontype</fieldlabel><fieldentry>Multiple Choice</fieldentry></qti_metadatafield><qti_metadatafield><fieldlabel>qmd_weighting</fieldlabel><fieldentry>1.000000000</fieldentry></qti_metadatafield><qti_metadatafield><fieldlabel>qmd_globalid</fieldlabel><fieldentry>d9d37495-f9ad-40b3-a242-b2920cfb34b0</fieldentry></qti_metadatafield><qti_metadatafield><fieldlabel>qmd_displayid</fieldlabel><fieldentry>Sample Course-74189</fieldentry></qti_metadatafield></qtimetadata></itemmetadata><itemproc_extension><d2l_2p0:difficulty>3</d2l_2p0:difficulty><d2l_2p0:isbonus>no</d2l_2p0:isbonus><d2l_2p0:ismandatory>yes</d2l_2p0:ismandatory></itemproc_extension><presentation><flow><material><mattext texttype="text/html">&lt;!--RsQ_002--&gt;&lt;span style="font-family:'Arial';"&gt;An airplane is climbing at a rate of 750 feet per minute. As the plane rises, the air temperature outside is falling at a rate of 0.002 degrees per foot. Let &lt;/span&gt;&lt;span style="font-family:'Arial'; color:#000000;"&gt;&lt;IMG src="ppg/respondus/Related_Rates_Pre_BB_Test/eq_fe56be.gif" alt="equation" border=0 align="absmiddle"&gt;&lt;/span&gt;&lt;span style="font-family:'Arial';"&gt; be the altitude of the airplane Let &lt;/span&gt;&lt;span style="font-family:'Arial'; color:#000000;"&gt;&lt;IMG src="ppg/respondus/Related_Rates_Pre_BB_Test/eq_fe56c4.gif" alt="equation" border=0 align="absmiddle"&gt;&lt;/span&gt;&lt;span style="font-family:'Arial';"&gt; be the temperature outside the plane. How quickly is the temperature falling per minute? &lt;/span&gt;</mattext></material><response_extension><d2l_2p0:display_style>2</d2l_2p0:display_style><d2l_2p0:enumeration>6</d2l_2p0:enumeration><d2l_2p0:grading_type>0</d2l_2p0:grading_type></response_extension><response_lid ident="QUES_42756990_42761071_LID" rcardinality="Single"><render_choice shuffle="no"><flow_label class="Block"><response_label ident="QUES_42756990_42761071_A130833200"><flow_mat><material><mattext texttype="text/html">&lt;span style="font-family:'Arial';"&gt;0.002 + 750 degrees/minute&lt;/span&gt;</mattext></material></flow_mat></response_label></flow_label><flow_label class="Block"><response_label ident="QUES_42756990_42761071_A130833201"><flow_mat><material><mattext texttype="text/html">&lt;span style="font-family:'Arial';"&gt;0.002 * 750 degrees/minute &lt;/span&gt;</mattext></material></flow_mat></response_label></flow_label><flow_label class="Block"><response_label ident="QUES_42756990_42761071_A130833202"><flow_mat><material><mattext texttype="text/html">&lt;span style="font-family:'Arial'; color:#000000;"&gt;&lt;IMG src="ppg/respondus/Related_Rates_Pre_BB_Test/eq_fe5708.gif" alt="equation" border=0 align="absmiddle"&gt;&lt;/span&gt;&lt;span style="font-family:'Arial';"&gt; degrees/minute&lt;/span&gt;</mattext></material></flow_mat></response_label></flow_label><flow_label class="Block"><response_label ident="QUES_42756990_42761071_A130833203"><flow_mat><material><mattext texttype="text/html">&lt;span style="font-family:'Arial'; color:#000000;"&gt;&lt;IMG src="ppg/respondus/Related_Rates_Pre_BB_Test/eq_fe571d.gif" alt="equation" border=0 align="absmiddle"&gt;&lt;/span&gt;&lt;span style="font-family:'Arial';"&gt; degrees/minute&lt;/span&gt;</mattext></material></flow_mat></response_label></flow_label><flow_label class="Block"><response_label ident="QUES_42756990_42761071_A130833204"><flow_mat><material><mattext texttype="text/html">&lt;span style="font-family:'Arial';"&gt;0.002 - 750 degrees/minute&lt;/span&gt;</mattext></material></flow_mat></response_label></flow_label><flow_label class="Block"><response_label ident="QUES_42756990_42761071_A130833205"><flow_mat><material><mattext texttype="text/html">&lt;span style="font-family:'Arial';"&gt;750 - 0.002 degrees/minute&lt;/span&gt;</mattext></material></flow_mat></response_label></flow_label><flow_label class="Block"><response_label ident="QUES_42756990_42761071_A130833206"><flow_mat><material><mattext texttype="text/html">&lt;span style="font-family:'Arial';"&gt;You need to know the current altitude of the plane and the current temperature &lt;/span&gt;</mattext></material></flow_mat></response_label></flow_label></render_choice></response_lid></flow></presentation><resprocessing><respcondition title="Response Condition 1"><conditionvar><varequal respident="QUES_42756990_42761071_LID">QUES_42756990_42761071_A130833200</varequal></conditionvar><setvar action="Set">0.000000000</setvar><displayfeedback feedbacktype="Response" linkrefid="QUES_42756990_42761071_IF130833200" /></respcondition><respcondition title="Response Condition 2"><conditionvar><varequal respident="QUES_42756990_42761071_LID">QUES_42756990_42761071_A130833201</varequal></conditionvar><setvar action="Set">0.000000000</setvar><displayfeedback feedbacktype="Response" linkrefid="QUES_42756990_42761071_IF130833201" /></respcondition><respcondition title="Response Condition 3"><conditionvar><varequal respident="QUES_42756990_42761071_LID">QUES_42756990_42761071_A130833202</varequal></conditionvar><setvar action="Set">0.000000000</setvar><displayfeedback feedbacktype="Response" linkrefid="QUES_42756990_42761071_IF130833202" /></respcondition><respcondition title="Response Condition 4"><conditionvar><varequal respident="QUES_42756990_42761071_LID">QUES_42756990_42761071_A130833203</varequal></conditionvar><setvar action="Set">0.000000000</setvar><displayfeedback feedbacktype="Response" linkrefid="QUES_42756990_42761071_IF130833203" /></respcondition><respcondition title="Response Condition 5"><conditionvar><varequal respident="QUES_42756990_42761071_LID">QUES_42756990_42761071_A130833204</varequal></conditionvar><setvar action="Set">0.000000000</setvar><displayfeedback feedbacktype="Response" linkrefid="QUES_42756990_42761071_IF130833204" /></respcondition><respcondition title="Response Condition 6"><conditionvar><varequal respident="QUES_42756990_42761071_LID">QUES_42756990_42761071_A130833205</varequal></conditionvar><setvar action="Set">0.000000000</setvar><displayfeedback feedbacktype="Response" linkrefid="QUES_42756990_42761071_IF130833205" /></respcondition><respcondition title="Response Condition 7"><conditionvar><varequal respident="QUES_42756990_42761071_LID">QUES_42756990_42761071_A130833206</varequal></conditionvar><setvar action="Set">100.000000000</setvar><displayfeedback feedbacktype="Response" linkrefid="QUES_42756990_42761071_IF130833206" /></respcondition></resprocessing><itemfeedback ident="QUES_42756990_42761071_IF130833200"><material><mattext texttype="text/plain" /></material></itemfeedback><itemfeedback ident="QUES_42756990_42761071_IF130833201"><material><mattext texttype="text/plain" /></material></itemfeedback><itemfeedback ident="QUES_42756990_42761071_IF130833202"><material><mattext texttype="text/plain" /></material></itemfeedback><itemfeedback ident="QUES_42756990_42761071_IF130833203"><material><mattext texttype="text/plain" /></material></itemfeedback><itemfeedback ident="QUES_42756990_42761071_IF130833204"><material><mattext texttype="text/plain" /></material></itemfeedback><itemfeedback ident="QUES_42756990_42761071_IF130833205"><material><mattext texttype="text/plain" /></material></itemfeedback><itemfeedback ident="QUES_42756990_42761071_IF130833206"><material><mattext texttype="text/plain" /></material></itemfeedback></item><item ident="OBJ_1651184" label="QUES_42756991_42761072" d2l_2p0:page="1"><itemmetadata><qtimetadata><qti_metadatafield><fieldlabel>qmd_computerscored</fieldlabel><fieldentry>yes</fieldentry></qti_metadatafield><qti_metadatafield><fieldlabel>qmd_questiontype</fieldlabel><fieldentry>Multiple Choice</fieldentry></qti_metadatafield><qti_metadatafield><fieldlabel>qmd_weighting</fieldlabel><fieldentry>1.000000000</fieldentry></qti_metadatafield><qti_metadatafield><fieldlabel>qmd_globalid</fieldlabel><fieldentry>88e6d600-cf92-47a1-9804-b088d39c159b</fieldentry></qti_metadatafield><qti_metadatafield><fieldlabel>qmd_displayid</fieldlabel><fieldentry>Sample Course-74190</fieldentry></qti_metadatafield></qtimetadata></itemmetadata><itemproc_extension><d2l_2p0:difficulty>3</d2l_2p0:difficulty><d2l_2p0:isbonus>no</d2l_2p0:isbonus><d2l_2p0:ismandatory>yes</d2l_2p0:ismandatory></itemproc_extension><presentation><flow><material><mattext texttype="text/html">&lt;!--RsQ_003--&gt;&lt;span style="font-family:'Arial';"&gt;A square's side length, &lt;/span&gt;&lt;span style="font-family:'Arial'; color:#000000;"&gt;&lt;IMG src="ppg/respondus/Related_Rates_Pre_BB_Test/eq_fe5a65.gif" alt="equation" border=0 align="absmiddle"&gt;&lt;/span&gt;&lt;span style="font-family:'Arial';"&gt;, is increasing at a rate of 3 inches per second, as shown below. How quickly is its area increasing?&lt;br&gt;&lt;/span&gt;&lt;span style="font-family:'Arial'; color:#000000;"&gt;&lt;IMG src="ppg/respondus/Related_Rates_Pre_BB_Test/square.png" alt="image" align="bottom" border=0&gt;&lt;/span&gt;&lt;span style="font-family:'Arial';"&gt; &lt;/span&gt;</mattext></material><response_extension><d2l_2p0:display_style>2</d2l_2p0:display_style><d2l_2p0:enumeration>6</d2l_2p0:enumeration><d2l_2p0:grading_type>0</d2l_2p0:grading_type></response_extension><response_lid ident="QUES_42756991_42761072_LID" rcardinality="Single"><render_choice shuffle="no"><flow_label class="Block"><response_label ident="QUES_42756991_42761072_A130833207"><flow_mat><material><mattext texttype="text/html">&lt;span style="font-family:'Arial';"&gt;&lt;IMG src="ppg/respondus/Related_Rates_Pre_BB_Test/eq_fe5b04.gif" alt="equation" border=0 align="absmiddle"&gt;&lt;/span&gt;</mattext></material></flow_mat></response_label></flow_label><flow_label class="Block"><response_label ident="QUES_42756991_42761072_A130833208"><flow_mat><material><mattext texttype="text/html">&lt;span style="font-family:'Arial'; color:#000000;"&gt;&lt;IMG src="ppg/respondus/Related_Rates_Pre_BB_Test/eq_fe5b1d.gif" alt="equation" border=0 align="absmiddle"&gt;&lt;/span&gt;&lt;span style="font-family:'Arial';"&gt; &lt;/span&gt;&lt;span style="font-family:'Arial';"&gt;&lt;IMG src="ppg/respondus/Related_Rates_Pre_BB_Test/eq_fe5b2e.gif" alt="equation" border=0 align="absmiddle"&gt;&lt;/span&gt;</mattext></material></flow_mat></response_label></flow_label><flow_label class="Block"><response_label ident="QUES_42756991_42761072_A130833209"><flow_mat><material><mattext texttype="text/html">&lt;span style="font-family:'Arial'; color:#000000;"&gt;&lt;IMG src="ppg/respondus/Related_Rates_Pre_BB_Test/eq_fe5b39.gif" alt="equation" border=0 align="absmiddle"&gt;&lt;/span&gt;&lt;span style="font-family:'Arial';"&gt; &lt;/span&gt;&lt;span style="font-family:'Arial';"&gt;&lt;IMG src="ppg/respondus/Related_Rates_Pre_BB_Test/eq_fe5b3c.gif" alt="equation" border=0 align="absmiddle"&gt;&lt;/span&gt;</mattext></material></flow_mat></response_label></flow_label><flow_label class="Block"><response_label ident="QUES_42756991_42761072_A130833210"><flow_mat><material><mattext texttype="text/html">&lt;span style="font-family:'Arial';"&gt;&lt;IMG src="ppg/respondus/Related_Rates_Pre_BB_Test/eq_fe5b9f.gif" alt="equation" border=0 align="absmiddle"&gt;&lt;/span&gt;&lt;span style="font-family:'Arial';"&gt; &lt;/span&gt;&lt;span style="font-family:'Arial'; color:#000000;"&gt;&lt;IMG src="ppg/respondus/Related_Rates_Pre_BB_Test/eq_fe5b4a.gif" alt="equation" border=0 align="absmiddle"&gt;&lt;/span&gt;&lt;span style="font-family:'Arial';"&gt; &lt;/span&gt;</mattext></material></flow_mat></response_label></flow_label><flow_label class="Block"><response_label ident="QUES_42756991_42761072_A130833211"><flow_mat><material><mattext texttype="text/html">&lt;span style="font-family:'Arial';"&gt;&lt;IMG src="ppg/respondus/Related_Rates_Pre_BB_Test/eq_fe5b92.gif" alt="equation" border=0 align="absmiddle"&gt;&lt;/span&gt;&lt;span style="font-family:'Arial';"&gt; &lt;/span&gt;&lt;span style="font-family:'Arial'; color:#000000;"&gt;&lt;IMG src="ppg/respondus/Related_Rates_Pre_BB_Test/eq_fe5b60.gif" alt="equation" border=0 align="absmiddle"&gt;&lt;/span&gt;&lt;span style="font-family:'Arial';"&gt; &lt;/span&gt;</mattext></material></flow_mat></response_label></flow_label><flow_label class="Block"><response_label ident="QUES_42756991_42761072_A130833212"><flow_mat><material><mattext texttype="text/html">&lt;span style="font-family:'Arial'; color:#000000;"&gt;&lt;IMG src="ppg/respondus/Related_Rates_Pre_BB_Test/eq_fe5b6b.gif" alt="equation" border=0 align="absmiddle"&gt;&lt;/span&gt;&lt;span style="font-family:'Arial';"&gt; &lt;/span&gt;&lt;span style="font-family:'Arial'; color:#000000;"&gt;&lt;IMG src="ppg/respondus/Related_Rates_Pre_BB_Test/eq_fe5b6f.gif" alt="equation" border=0 align="absmiddle"&gt;&lt;/span&gt;&lt;span style="font-family:'Arial';"&gt; &lt;/span&gt;</mattext></material></flow_mat></response_label></flow_label></render_choice></response_lid></flow></presentation><resprocessing><respcondition title="Response Condition 1"><conditionvar><varequal respident="QUES_42756991_42761072_LID">QUES_42756991_42761072_A130833207</varequal></conditionvar><setvar action="Set">0.000000000</setvar><displayfeedback feedbacktype="Response" linkrefid="QUES_42756991_42761072_IF130833207" /></respcondition><respcondition title="Response Condition 2"><conditionvar><varequal respident="QUES_42756991_42761072_LID">QUES_42756991_42761072_A130833208</varequal></conditionvar><setvar action="Set">100.000000000</setvar><displayfeedback feedbacktype="Response" linkrefid="QUES_42756991_42761072_IF130833208" /></respcondition><respcondition title="Response Condition 3"><conditionvar><varequal respident="QUES_42756991_42761072_LID">QUES_42756991_42761072_A130833209</varequal></conditionvar><setvar action="Set">0.000000000</setvar><displayfeedback feedbacktype="Response" linkrefid="QUES_42756991_42761072_IF130833209" /></respcondition><respcondition title="Response Condition 4"><conditionvar><varequal respident="QUES_42756991_42761072_LID">QUES_42756991_42761072_A130833210</varequal></conditionvar><setvar action="Set">0.000000000</setvar><displayfeedback feedbacktype="Response" linkrefid="QUES_42756991_42761072_IF130833210" /></respcondition><respcondition title="Response Condition 5"><conditionvar><varequal respident="QUES_42756991_42761072_LID">QUES_42756991_42761072_A130833211</varequal></conditionvar><setvar action="Set">0.000000000</setvar><displayfeedback feedbacktype="Response" linkrefid="QUES_42756991_42761072_IF130833211" /></respcondition><respcondition title="Response Condition 6"><conditionvar><varequal respident="QUES_42756991_42761072_LID">QUES_42756991_42761072_A130833212</varequal></conditionvar><setvar action="Set">0.000000000</setvar><displayfeedback feedbacktype="Response" linkrefid="QUES_42756991_42761072_IF130833212" /></respcondition></resprocessing><itemfeedback ident="QUES_42756991_42761072_IF130833207"><material><mattext texttype="text/plain" /></material></itemfeedback><itemfeedback ident="QUES_42756991_42761072_IF130833208"><material><mattext texttype="text/plain" /></material></itemfeedback><itemfeedback ident="QUES_42756991_42761072_IF130833209"><material><mattext texttype="text/plain" /></material></itemfeedback><itemfeedback ident="QUES_42756991_42761072_IF130833210"><material><mattext texttype="text/plain" /></material></itemfeedback><itemfeedback ident="QUES_42756991_42761072_IF130833211"><material><mattext texttype="text/plain" /></material></itemfeedback><itemfeedback ident="QUES_42756991_42761072_IF130833212"><material><mattext texttype="text/plain" /></material></itemfeedback></item></section></assessment></questestinterop>