﻿<?xml version="1.0" encoding="UTF-8"?><questestinterop xmlns:d2l_2p0="http://desire2learn.com/xsd/d2lcp_v2p0"><assessment d2l_2p0:id="467" title="The Mean Value Theorem PostVideo Questions" ident="res_quiz_122422" d2l_2p0:resource_code="ef9e56cc46d3486a98963923-147"><rubric><flow_mat><material><mattext d2l_2p0:isdisplayed="no" texttype="text/html" /></material></flow_mat></rubric><assessmentcontrol hintswitch="no" solutionswitch="yes" feedbackswitch="no" /><presentation_material><flow_mat><material label="page header"><mattext d2l_2p0:isdisplayed="no" texttype="text/html" /></material><material label="page footer"><mattext d2l_2p0:isdisplayed="no" texttype="text/html" /></material></flow_mat></presentation_material><assess_procextension><d2l_2p0:intro_message d2l_2p0:isdisplayed="yes" texttype="text/html">Respondus</d2l_2p0:intro_message><d2l_2p0:disable_right_click>no</d2l_2p0:disable_right_click><d2l_2p0:disable_pager_access>no</d2l_2p0:disable_pager_access><is_active>yes</is_active><d2l_2p0:date_start /><d2l_2p0:date_end /><d2l_2p0:date_due /><d2l_2p0:has_schedule_event>no</d2l_2p0:has_schedule_event><d2l_2p0:is_attempt_Rldb>no</d2l_2p0:is_attempt_Rldb><d2l_2p0:is_subview_Rldb>no</d2l_2p0:is_subview_Rldb><d2l_2p0:time_limit>120</d2l_2p0:time_limit><d2l_2p0:show_clock>yes</d2l_2p0:show_clock><d2l_2p0:enforce_time_limit>yes</d2l_2p0:enforce_time_limit><d2l_2p0:grace_period>5</d2l_2p0:grace_period><d2l_2p0:late_limit>0</d2l_2p0:late_limit><d2l_2p0:attempts_allowed>3</d2l_2p0:attempts_allowed><d2l_2p0:attempt_restrictions /><d2l_2p0:mark_calculation_type>1</d2l_2p0:mark_calculation_type><d2l_2p0:is_forward_only>no</d2l_2p0:is_forward_only></assess_procextension><assessfeedback title=""><rubric><flow_mat><material><mattext texttype="yes">Your quiz has been submitted successfully.</mattext></material></flow_mat></rubric><d2l_2p0:duration>0</d2l_2p0:duration><d2l_2p0:response_display_type_id>1</d2l_2p0:response_display_type_id><d2l_2p0:show_correct_answers>no</d2l_2p0:show_correct_answers><d2l_2p0:submission_restrictip>no</d2l_2p0:submission_restrictip><d2l_2p0:show_class_average>no</d2l_2p0:show_class_average><d2l_2p0:show_score_distribution>no</d2l_2p0:show_score_distribution></assessfeedback><section ident="CONTAINER_SECTION"><item ident="OBJ_1651212" label="QUES_42757019_42761100" d2l_2p0:page="1"><itemmetadata><qtimetadata><qti_metadatafield><fieldlabel>qmd_computerscored</fieldlabel><fieldentry>yes</fieldentry></qti_metadatafield><qti_metadatafield><fieldlabel>qmd_questiontype</fieldlabel><fieldentry>Multiple Choice</fieldentry></qti_metadatafield><qti_metadatafield><fieldlabel>qmd_weighting</fieldlabel><fieldentry>1.000000000</fieldentry></qti_metadatafield><qti_metadatafield><fieldlabel>qmd_globalid</fieldlabel><fieldentry>698ad19c-6778-43da-b5c2-32bda1dc4a67</fieldentry></qti_metadatafield><qti_metadatafield><fieldlabel>qmd_displayid</fieldlabel><fieldentry>Sample Course-74218</fieldentry></qti_metadatafield></qtimetadata></itemmetadata><itemproc_extension><d2l_2p0:difficulty>3</d2l_2p0:difficulty><d2l_2p0:isbonus>no</d2l_2p0:isbonus><d2l_2p0:ismandatory>yes</d2l_2p0:ismandatory></itemproc_extension><presentation><flow><material><mattext texttype="text/html">&lt;!--RsQ_001--&gt;&lt;span style="font-family:'Arial';"&gt;Use the following graphs for this question:&lt;br&gt;Graph I&lt;br&gt;&lt;/span&gt;&lt;span style="font-family:'Arial'; color:#000000;"&gt;&lt;IMG src="ppg/respondus/Mean_Value_Theorem_Post_BB_Test/posti.png" alt="image" align="bottom" border=0&gt;&lt;/span&gt;&lt;span style="font-family:'Arial';"&gt;&lt;br&gt;Graph II&lt;br&gt;&lt;/span&gt;&lt;span style="font-family:'Arial'; color:#000000;"&gt;&lt;IMG src="ppg/respondus/Mean_Value_Theorem_Post_BB_Test/postii.png" alt="image" align="bottom" border=0&gt;&lt;/span&gt;&lt;span style="font-family:'Arial';"&gt;&lt;br&gt;Graph III&lt;br&gt;&lt;/span&gt;&lt;span style="font-family:'Arial'; color:#000000;"&gt;&lt;IMG src="ppg/respondus/Mean_Value_Theorem_Post_BB_Test/postiii.png" alt="image" align="bottom" border=0&gt;&lt;/span&gt;&lt;span style="font-family:'Arial';"&gt;&lt;br&gt;Graph IV&lt;br&gt;&lt;/span&gt;&lt;span style="font-family:'Arial'; color:#000000;"&gt;&lt;IMG src="ppg/respondus/Mean_Value_Theorem_Post_BB_Test/postiv.png" alt="image" align="bottom" border=0&gt;&lt;/span&gt;&lt;span style="font-family:'Arial';"&gt;&lt;br&gt;Graph V&lt;br&gt;&lt;/span&gt;&lt;span style="font-family:'Arial'; color:#000000;"&gt;&lt;IMG src="ppg/respondus/Mean_Value_Theorem_Post_BB_Test/postv.png" alt="image" align="bottom" border=0&gt;&lt;/span&gt;&lt;span style="font-family:'Arial';"&gt;&lt;br&gt;For which of the graphs from I) - V) above, if any, is there a value for &lt;/span&gt;&lt;span style="font-family:'Arial'; color:#000000;"&gt;&lt;IMG src="ppg/respondus/Mean_Value_Theorem_Post_BB_Test/eq_fe1463.gif" alt="equation" border=0 align="absmiddle"&gt;&lt;/span&gt;&lt;span style="font-family:'Arial';"&gt; in (-2,7) where &lt;/span&gt;&lt;span style="font-family:'Arial'; color:#000000;"&gt;&lt;IMG src="ppg/respondus/Mean_Value_Theorem_Post_BB_Test/eq_fe147c.gif" alt="equation" border=0 align="absmiddle"&gt;&lt;/span&gt;&lt;span style="font-family:'Arial';"&gt;? &lt;/span&gt;</mattext></material><response_extension><d2l_2p0:display_style>2</d2l_2p0:display_style><d2l_2p0:enumeration>6</d2l_2p0:enumeration><d2l_2p0:grading_type>0</d2l_2p0:grading_type></response_extension><response_lid ident="QUES_42757019_42761100_LID" rcardinality="Single"><render_choice shuffle="no"><flow_label class="Block"><response_label ident="QUES_42757019_42761100_A130833366"><flow_mat><material><mattext texttype="text/html">&lt;span style="font-family:'Arial';"&gt;Graph I) only&lt;/span&gt;</mattext></material></flow_mat></response_label></flow_label><flow_label class="Block"><response_label ident="QUES_42757019_42761100_A130833367"><flow_mat><material><mattext texttype="text/html">&lt;span style="font-family:'Arial';"&gt;Graph II) only &lt;/span&gt;</mattext></material></flow_mat></response_label></flow_label><flow_label class="Block"><response_label ident="QUES_42757019_42761100_A130833368"><flow_mat><material><mattext texttype="text/html">&lt;span style="font-family:'Arial';"&gt;Graph III) only &lt;/span&gt;</mattext></material></flow_mat></response_label></flow_label><flow_label class="Block"><response_label ident="QUES_42757019_42761100_A130833369"><flow_mat><material><mattext texttype="text/html">&lt;span style="font-family:'Arial';"&gt;Graph IV) only &lt;/span&gt;</mattext></material></flow_mat></response_label></flow_label><flow_label class="Block"><response_label ident="QUES_42757019_42761100_A130833370"><flow_mat><material><mattext texttype="text/html">&lt;span style="font-family:'Arial';"&gt;Graph V) only &lt;/span&gt;</mattext></material></flow_mat></response_label></flow_label><flow_label class="Block"><response_label ident="QUES_42757019_42761100_A130833371"><flow_mat><material><mattext texttype="text/html">&lt;span style="font-family:'Arial';"&gt;Graph III) and Graph IV) only&lt;/span&gt;</mattext></material></flow_mat></response_label></flow_label><flow_label class="Block"><response_label ident="QUES_42757019_42761100_A130833372"><flow_mat><material><mattext texttype="text/html">&lt;span style="font-family:'Arial';"&gt;Graph IV) and Graph V) only&lt;/span&gt;</mattext></material></flow_mat></response_label></flow_label><flow_label class="Block"><response_label ident="QUES_42757019_42761100_A130833373"><flow_mat><material><mattext texttype="text/html">&lt;span style="font-family:'Arial';"&gt;Graph I), Graph IV) and Graph V) only&lt;/span&gt;</mattext></material></flow_mat></response_label></flow_label><flow_label class="Block"><response_label ident="QUES_42757019_42761100_A130833374"><flow_mat><material><mattext texttype="text/html">&lt;span style="font-family:'Arial';"&gt;Graph III), Graph IV) and Graph V) only&lt;/span&gt;</mattext></material></flow_mat></response_label></flow_label><flow_label class="Block"><response_label ident="QUES_42757019_42761100_A130833375"><flow_mat><material><mattext texttype="text/html">&lt;span style="font-family:'Arial';"&gt;Graph I), Graph II), Graph IV), and Graph V) only&lt;/span&gt;</mattext></material></flow_mat></response_label></flow_label><flow_label class="Block"><response_label ident="QUES_42757019_42761100_A130833376"><flow_mat><material><mattext texttype="text/html">&lt;span style="font-family:'Arial';"&gt;Graph I), Graph III), Graph IV), and Graph V) only&lt;/span&gt;</mattext></material></flow_mat></response_label></flow_label><flow_label class="Block"><response_label ident="QUES_42757019_42761100_A130833377"><flow_mat><material><mattext texttype="text/html">&lt;span style="font-family:'Arial';"&gt;All five functions have a value for &lt;/span&gt;&lt;span style="font-family:'Arial'; color:#000000;"&gt;&lt;IMG src="ppg/respondus/Mean_Value_Theorem_Post_BB_Test/eq_fe1534.gif" alt="equation" border=0 align="absmiddle"&gt;&lt;/span&gt;&lt;span style="font-family:'Arial';"&gt; in (-2,7) where &lt;/span&gt;&lt;span style="font-family:'Arial';"&gt;&lt;IMG src="ppg/respondus/Mean_Value_Theorem_Post_BB_Test/eq_fe153e.gif" alt="equation" border=0 align="absmiddle"&gt;&lt;/span&gt;</mattext></material></flow_mat></response_label></flow_label><flow_label class="Block"><response_label ident="QUES_42757019_42761100_A130833378"><flow_mat><material><mattext texttype="text/html">&lt;span style="font-family:'Arial';"&gt;None of the graphs have a value for &lt;/span&gt;&lt;span style="font-family:'Arial'; color:#000000;"&gt;&lt;IMG src="ppg/respondus/Mean_Value_Theorem_Post_BB_Test/eq_fe1560.gif" alt="equation" border=0 align="absmiddle"&gt;&lt;/span&gt;&lt;span style="font-family:'Arial';"&gt; in (-2,7) where &lt;/span&gt;&lt;span style="font-family:'Arial';"&gt;&lt;IMG src="ppg/respondus/Mean_Value_Theorem_Post_BB_Test/eq_fe156a.gif" alt="equation" border=0 align="absmiddle"&gt;&lt;/span&gt;</mattext></material></flow_mat></response_label></flow_label></render_choice></response_lid></flow></presentation><resprocessing><respcondition title="Response Condition 1"><conditionvar><varequal respident="QUES_42757019_42761100_LID">QUES_42757019_42761100_A130833366</varequal></conditionvar><setvar action="Set">0.000000000</setvar><displayfeedback feedbacktype="Response" linkrefid="QUES_42757019_42761100_IF130833366" /></respcondition><respcondition title="Response Condition 2"><conditionvar><varequal respident="QUES_42757019_42761100_LID">QUES_42757019_42761100_A130833367</varequal></conditionvar><setvar action="Set">0.000000000</setvar><displayfeedback feedbacktype="Response" linkrefid="QUES_42757019_42761100_IF130833367" /></respcondition><respcondition title="Response Condition 3"><conditionvar><varequal respident="QUES_42757019_42761100_LID">QUES_42757019_42761100_A130833368</varequal></conditionvar><setvar action="Set">0.000000000</setvar><displayfeedback feedbacktype="Response" linkrefid="QUES_42757019_42761100_IF130833368" /></respcondition><respcondition title="Response Condition 4"><conditionvar><varequal respident="QUES_42757019_42761100_LID">QUES_42757019_42761100_A130833369</varequal></conditionvar><setvar action="Set">0.000000000</setvar><displayfeedback feedbacktype="Response" linkrefid="QUES_42757019_42761100_IF130833369" /></respcondition><respcondition title="Response Condition 5"><conditionvar><varequal respident="QUES_42757019_42761100_LID">QUES_42757019_42761100_A130833370</varequal></conditionvar><setvar action="Set">0.000000000</setvar><displayfeedback feedbacktype="Response" linkrefid="QUES_42757019_42761100_IF130833370" /></respcondition><respcondition title="Response Condition 6"><conditionvar><varequal respident="QUES_42757019_42761100_LID">QUES_42757019_42761100_A130833371</varequal></conditionvar><setvar action="Set">0.000000000</setvar><displayfeedback feedbacktype="Response" linkrefid="QUES_42757019_42761100_IF130833371" /></respcondition><respcondition title="Response Condition 7"><conditionvar><varequal respident="QUES_42757019_42761100_LID">QUES_42757019_42761100_A130833372</varequal></conditionvar><setvar action="Set">0.000000000</setvar><displayfeedback feedbacktype="Response" linkrefid="QUES_42757019_42761100_IF130833372" /></respcondition><respcondition title="Response Condition 8"><conditionvar><varequal respident="QUES_42757019_42761100_LID">QUES_42757019_42761100_A130833373</varequal></conditionvar><setvar action="Set">0.000000000</setvar><displayfeedback feedbacktype="Response" linkrefid="QUES_42757019_42761100_IF130833373" /></respcondition><respcondition title="Response Condition 9"><conditionvar><varequal respident="QUES_42757019_42761100_LID">QUES_42757019_42761100_A130833374</varequal></conditionvar><setvar action="Set">100.000000000</setvar><displayfeedback feedbacktype="Response" linkrefid="QUES_42757019_42761100_IF130833374" /></respcondition><respcondition title="Response Condition 10"><conditionvar><varequal respident="QUES_42757019_42761100_LID">QUES_42757019_42761100_A130833375</varequal></conditionvar><setvar action="Set">0.000000000</setvar><displayfeedback feedbacktype="Response" linkrefid="QUES_42757019_42761100_IF130833375" /></respcondition><respcondition title="Response Condition 11"><conditionvar><varequal respident="QUES_42757019_42761100_LID">QUES_42757019_42761100_A130833376</varequal></conditionvar><setvar action="Set">0.000000000</setvar><displayfeedback feedbacktype="Response" linkrefid="QUES_42757019_42761100_IF130833376" /></respcondition><respcondition title="Response Condition 12"><conditionvar><varequal respident="QUES_42757019_42761100_LID">QUES_42757019_42761100_A130833377</varequal></conditionvar><setvar action="Set">0.000000000</setvar><displayfeedback feedbacktype="Response" linkrefid="QUES_42757019_42761100_IF130833377" /></respcondition><respcondition title="Response Condition 13"><conditionvar><varequal respident="QUES_42757019_42761100_LID">QUES_42757019_42761100_A130833378</varequal></conditionvar><setvar action="Set">0.000000000</setvar><displayfeedback feedbacktype="Response" linkrefid="QUES_42757019_42761100_IF130833378" /></respcondition></resprocessing><itemfeedback ident="QUES_42757019_42761100_IF130833366"><material><mattext texttype="text/plain" /></material></itemfeedback><itemfeedback ident="QUES_42757019_42761100_IF130833367"><material><mattext texttype="text/plain" /></material></itemfeedback><itemfeedback ident="QUES_42757019_42761100_IF130833368"><material><mattext texttype="text/plain" /></material></itemfeedback><itemfeedback ident="QUES_42757019_42761100_IF130833369"><material><mattext texttype="text/plain" /></material></itemfeedback><itemfeedback ident="QUES_42757019_42761100_IF130833370"><material><mattext texttype="text/plain" /></material></itemfeedback><itemfeedback ident="QUES_42757019_42761100_IF130833371"><material><mattext texttype="text/plain" /></material></itemfeedback><itemfeedback ident="QUES_42757019_42761100_IF130833372"><material><mattext texttype="text/plain" /></material></itemfeedback><itemfeedback ident="QUES_42757019_42761100_IF130833373"><material><mattext texttype="text/plain" /></material></itemfeedback><itemfeedback ident="QUES_42757019_42761100_IF130833374"><material><mattext texttype="text/plain" /></material></itemfeedback><itemfeedback ident="QUES_42757019_42761100_IF130833375"><material><mattext texttype="text/plain" /></material></itemfeedback><itemfeedback ident="QUES_42757019_42761100_IF130833376"><material><mattext texttype="text/plain" /></material></itemfeedback><itemfeedback ident="QUES_42757019_42761100_IF130833377"><material><mattext texttype="text/plain" /></material></itemfeedback><itemfeedback ident="QUES_42757019_42761100_IF130833378"><material><mattext texttype="text/plain" /></material></itemfeedback></item><item ident="OBJ_1651213" label="QUES_42757020_42761101" d2l_2p0:page="1"><itemmetadata><qtimetadata><qti_metadatafield><fieldlabel>qmd_computerscored</fieldlabel><fieldentry>yes</fieldentry></qti_metadatafield><qti_metadatafield><fieldlabel>qmd_questiontype</fieldlabel><fieldentry>Multiple Choice</fieldentry></qti_metadatafield><qti_metadatafield><fieldlabel>qmd_weighting</fieldlabel><fieldentry>1.000000000</fieldentry></qti_metadatafield><qti_metadatafield><fieldlabel>qmd_globalid</fieldlabel><fieldentry>20c088e4-068a-47d0-9e98-3cbc76639952</fieldentry></qti_metadatafield><qti_metadatafield><fieldlabel>qmd_displayid</fieldlabel><fieldentry>Sample Course-74219</fieldentry></qti_metadatafield></qtimetadata></itemmetadata><itemproc_extension><d2l_2p0:difficulty>3</d2l_2p0:difficulty><d2l_2p0:isbonus>no</d2l_2p0:isbonus><d2l_2p0:ismandatory>yes</d2l_2p0:ismandatory></itemproc_extension><presentation><flow><material><mattext texttype="text/html">&lt;!--RsQ_002--&gt;&lt;span style="font-family:'Arial';"&gt;Use the following graphs for this question:&lt;br&gt;Graph I&lt;br&gt;&lt;/span&gt;&lt;span style="font-family:'Arial'; color:#000000;"&gt;&lt;IMG src="ppg/respondus/Mean_Value_Theorem_Post_BB_Test/posti.png" alt="image" align="bottom" border=0&gt;&lt;/span&gt;&lt;span style="font-family:'Arial';"&gt;&lt;br&gt;Graph II&lt;br&gt;&lt;/span&gt;&lt;span style="font-family:'Arial'; color:#000000;"&gt;&lt;IMG src="ppg/respondus/Mean_Value_Theorem_Post_BB_Test/postii.png" alt="image" align="bottom" border=0&gt;&lt;/span&gt;&lt;span style="font-family:'Arial';"&gt;&lt;br&gt;Graph III&lt;br&gt;&lt;/span&gt;&lt;span style="font-family:'Arial'; color:#000000;"&gt;&lt;IMG src="ppg/respondus/Mean_Value_Theorem_Post_BB_Test/postiii.png" alt="image" align="bottom" border=0&gt;&lt;/span&gt;&lt;span style="font-family:'Arial';"&gt;&lt;br&gt;Graph IV&lt;br&gt;&lt;/span&gt;&lt;span style="font-family:'Arial'; color:#000000;"&gt;&lt;IMG src="ppg/respondus/Mean_Value_Theorem_Post_BB_Test/postiv.png" alt="image" align="bottom" border=0&gt;&lt;/span&gt;&lt;span style="font-family:'Arial';"&gt;&lt;br&gt;Graph V&lt;br&gt;&lt;/span&gt;&lt;span style="font-family:'Arial'; color:#000000;"&gt;&lt;IMG src="ppg/respondus/Mean_Value_Theorem_Post_BB_Test/postv.png" alt="image" align="bottom" border=0&gt;&lt;/span&gt;&lt;span style="font-family:'Arial';"&gt;&lt;br&gt;For which of the graphs from I) - V) above, if any, is continuous over [-2,7], differentiable over (-2,7), AND there is there a value for &lt;/span&gt;&lt;span style="font-family:'Arial'; color:#000000;"&gt;&lt;IMG src="ppg/respondus/Mean_Value_Theorem_Post_BB_Test/eq_fe1463a.gif" alt="equation" border=0 align="absmiddle"&gt;&lt;/span&gt;&lt;span style="font-family:'Arial';"&gt; in (-2,7) where &lt;/span&gt;&lt;span style="font-family:'Arial'; color:#000000;"&gt;&lt;IMG src="ppg/respondus/Mean_Value_Theorem_Post_BB_Test/eq_fe147ca.gif" alt="equation" border=0 align="absmiddle"&gt;&lt;/span&gt;&lt;span style="font-family:'Arial';"&gt;? &lt;/span&gt;</mattext></material><response_extension><d2l_2p0:display_style>2</d2l_2p0:display_style><d2l_2p0:enumeration>6</d2l_2p0:enumeration><d2l_2p0:grading_type>0</d2l_2p0:grading_type></response_extension><response_lid ident="QUES_42757020_42761101_LID" rcardinality="Single"><render_choice shuffle="no"><flow_label class="Block"><response_label ident="QUES_42757020_42761101_A130833379"><flow_mat><material><mattext texttype="text/html">&lt;span style="font-family:'Arial';"&gt;Graph I) only&lt;/span&gt;</mattext></material></flow_mat></response_label></flow_label><flow_label class="Block"><response_label ident="QUES_42757020_42761101_A130833380"><flow_mat><material><mattext texttype="text/html">&lt;span style="font-family:'Arial';"&gt;Graph II) only &lt;/span&gt;</mattext></material></flow_mat></response_label></flow_label><flow_label class="Block"><response_label ident="QUES_42757020_42761101_A130833381"><flow_mat><material><mattext texttype="text/html">&lt;span style="font-family:'Arial';"&gt;Graph III) only &lt;/span&gt;</mattext></material></flow_mat></response_label></flow_label><flow_label class="Block"><response_label ident="QUES_42757020_42761101_A130833382"><flow_mat><material><mattext texttype="text/html">&lt;span style="font-family:'Arial';"&gt;Graph IV) only &lt;/span&gt;</mattext></material></flow_mat></response_label></flow_label><flow_label class="Block"><response_label ident="QUES_42757020_42761101_A130833383"><flow_mat><material><mattext texttype="text/html">&lt;span style="font-family:'Arial';"&gt;Graph V) only &lt;/span&gt;</mattext></material></flow_mat></response_label></flow_label><flow_label class="Block"><response_label ident="QUES_42757020_42761101_A130833384"><flow_mat><material><mattext texttype="text/html">&lt;span style="font-family:'Arial';"&gt;Graph III) and Graph IV) only&lt;/span&gt;</mattext></material></flow_mat></response_label></flow_label><flow_label class="Block"><response_label ident="QUES_42757020_42761101_A130833385"><flow_mat><material><mattext texttype="text/html">&lt;span style="font-family:'Arial';"&gt;Graph IV) and Graph V) only&lt;/span&gt;</mattext></material></flow_mat></response_label></flow_label><flow_label class="Block"><response_label ident="QUES_42757020_42761101_A130833386"><flow_mat><material><mattext texttype="text/html">&lt;span style="font-family:'Arial';"&gt;Graph I), Graph IV) and Graph V) only&lt;/span&gt;</mattext></material></flow_mat></response_label></flow_label><flow_label class="Block"><response_label ident="QUES_42757020_42761101_A130833387"><flow_mat><material><mattext texttype="text/html">&lt;span style="font-family:'Arial';"&gt;Graph III), Graph IV) and Graph V) only&lt;/span&gt;</mattext></material></flow_mat></response_label></flow_label><flow_label class="Block"><response_label ident="QUES_42757020_42761101_A130833388"><flow_mat><material><mattext texttype="text/html">&lt;span style="font-family:'Arial';"&gt;Graph I), Graph II), Graph IV), and Graph V) only&lt;/span&gt;</mattext></material></flow_mat></response_label></flow_label><flow_label class="Block"><response_label ident="QUES_42757020_42761101_A130833389"><flow_mat><material><mattext texttype="text/html">&lt;span style="font-family:'Arial';"&gt;Graph I), Graph III), Graph IV), and Graph V) only&lt;/span&gt;</mattext></material></flow_mat></response_label></flow_label><flow_label class="Block"><response_label ident="QUES_42757020_42761101_A130833390"><flow_mat><material><mattext texttype="text/html">&lt;span style="font-family:'Arial';"&gt;All five functions satisfy these three conditions&lt;/span&gt;</mattext></material></flow_mat></response_label></flow_label><flow_label class="Block"><response_label ident="QUES_42757020_42761101_A130833391"><flow_mat><material><mattext texttype="text/html">&lt;span style="font-family:'Arial';"&gt;None of the graphs have functions that satisfy these conditions&lt;/span&gt;</mattext></material></flow_mat></response_label></flow_label></render_choice></response_lid></flow></presentation><resprocessing><respcondition title="Response Condition 1"><conditionvar><varequal respident="QUES_42757020_42761101_LID">QUES_42757020_42761101_A130833379</varequal></conditionvar><setvar action="Set">0.000000000</setvar><displayfeedback feedbacktype="Response" linkrefid="QUES_42757020_42761101_IF130833379" /></respcondition><respcondition title="Response Condition 2"><conditionvar><varequal respident="QUES_42757020_42761101_LID">QUES_42757020_42761101_A130833380</varequal></conditionvar><setvar action="Set">0.000000000</setvar><displayfeedback feedbacktype="Response" linkrefid="QUES_42757020_42761101_IF130833380" /></respcondition><respcondition title="Response Condition 3"><conditionvar><varequal respident="QUES_42757020_42761101_LID">QUES_42757020_42761101_A130833381</varequal></conditionvar><setvar action="Set">0.000000000</setvar><displayfeedback feedbacktype="Response" linkrefid="QUES_42757020_42761101_IF130833381" /></respcondition><respcondition title="Response Condition 4"><conditionvar><varequal respident="QUES_42757020_42761101_LID">QUES_42757020_42761101_A130833382</varequal></conditionvar><setvar action="Set">0.000000000</setvar><displayfeedback feedbacktype="Response" linkrefid="QUES_42757020_42761101_IF130833382" /></respcondition><respcondition title="Response Condition 5"><conditionvar><varequal respident="QUES_42757020_42761101_LID">QUES_42757020_42761101_A130833383</varequal></conditionvar><setvar action="Set">0.000000000</setvar><displayfeedback feedbacktype="Response" linkrefid="QUES_42757020_42761101_IF130833383" /></respcondition><respcondition title="Response Condition 6"><conditionvar><varequal respident="QUES_42757020_42761101_LID">QUES_42757020_42761101_A130833384</varequal></conditionvar><setvar action="Set">0.000000000</setvar><displayfeedback feedbacktype="Response" linkrefid="QUES_42757020_42761101_IF130833384" /></respcondition><respcondition title="Response Condition 7"><conditionvar><varequal respident="QUES_42757020_42761101_LID">QUES_42757020_42761101_A130833385</varequal></conditionvar><setvar action="Set">100.000000000</setvar><displayfeedback feedbacktype="Response" linkrefid="QUES_42757020_42761101_IF130833385" /></respcondition><respcondition title="Response Condition 8"><conditionvar><varequal respident="QUES_42757020_42761101_LID">QUES_42757020_42761101_A130833386</varequal></conditionvar><setvar action="Set">0.000000000</setvar><displayfeedback feedbacktype="Response" linkrefid="QUES_42757020_42761101_IF130833386" /></respcondition><respcondition title="Response Condition 9"><conditionvar><varequal respident="QUES_42757020_42761101_LID">QUES_42757020_42761101_A130833387</varequal></conditionvar><setvar action="Set">0.000000000</setvar><displayfeedback feedbacktype="Response" linkrefid="QUES_42757020_42761101_IF130833387" /></respcondition><respcondition title="Response Condition 10"><conditionvar><varequal respident="QUES_42757020_42761101_LID">QUES_42757020_42761101_A130833388</varequal></conditionvar><setvar action="Set">0.000000000</setvar><displayfeedback feedbacktype="Response" linkrefid="QUES_42757020_42761101_IF130833388" /></respcondition><respcondition title="Response Condition 11"><conditionvar><varequal respident="QUES_42757020_42761101_LID">QUES_42757020_42761101_A130833389</varequal></conditionvar><setvar action="Set">0.000000000</setvar><displayfeedback feedbacktype="Response" linkrefid="QUES_42757020_42761101_IF130833389" /></respcondition><respcondition title="Response Condition 12"><conditionvar><varequal respident="QUES_42757020_42761101_LID">QUES_42757020_42761101_A130833390</varequal></conditionvar><setvar action="Set">0.000000000</setvar><displayfeedback feedbacktype="Response" linkrefid="QUES_42757020_42761101_IF130833390" /></respcondition><respcondition title="Response Condition 13"><conditionvar><varequal respident="QUES_42757020_42761101_LID">QUES_42757020_42761101_A130833391</varequal></conditionvar><setvar action="Set">0.000000000</setvar><displayfeedback feedbacktype="Response" linkrefid="QUES_42757020_42761101_IF130833391" /></respcondition></resprocessing><itemfeedback ident="QUES_42757020_42761101_IF130833379"><material><mattext texttype="text/plain" /></material></itemfeedback><itemfeedback ident="QUES_42757020_42761101_IF130833380"><material><mattext texttype="text/plain" /></material></itemfeedback><itemfeedback ident="QUES_42757020_42761101_IF130833381"><material><mattext texttype="text/plain" /></material></itemfeedback><itemfeedback ident="QUES_42757020_42761101_IF130833382"><material><mattext texttype="text/plain" /></material></itemfeedback><itemfeedback ident="QUES_42757020_42761101_IF130833383"><material><mattext texttype="text/plain" /></material></itemfeedback><itemfeedback ident="QUES_42757020_42761101_IF130833384"><material><mattext texttype="text/plain" /></material></itemfeedback><itemfeedback ident="QUES_42757020_42761101_IF130833385"><material><mattext texttype="text/plain" /></material></itemfeedback><itemfeedback ident="QUES_42757020_42761101_IF130833386"><material><mattext texttype="text/plain" /></material></itemfeedback><itemfeedback ident="QUES_42757020_42761101_IF130833387"><material><mattext texttype="text/plain" /></material></itemfeedback><itemfeedback ident="QUES_42757020_42761101_IF130833388"><material><mattext texttype="text/plain" /></material></itemfeedback><itemfeedback ident="QUES_42757020_42761101_IF130833389"><material><mattext texttype="text/plain" /></material></itemfeedback><itemfeedback ident="QUES_42757020_42761101_IF130833390"><material><mattext texttype="text/plain" /></material></itemfeedback><itemfeedback ident="QUES_42757020_42761101_IF130833391"><material><mattext texttype="text/plain" /></material></itemfeedback></item><item ident="OBJ_1651214" label="QUES_42757021_42761102" d2l_2p0:page="1"><itemmetadata><qtimetadata><qti_metadatafield><fieldlabel>qmd_computerscored</fieldlabel><fieldentry>yes</fieldentry></qti_metadatafield><qti_metadatafield><fieldlabel>qmd_questiontype</fieldlabel><fieldentry>Multiple Choice</fieldentry></qti_metadatafield><qti_metadatafield><fieldlabel>qmd_weighting</fieldlabel><fieldentry>1.000000000</fieldentry></qti_metadatafield><qti_metadatafield><fieldlabel>qmd_globalid</fieldlabel><fieldentry>958ad034-58a0-4ca1-a4bc-45be29474d23</fieldentry></qti_metadatafield><qti_metadatafield><fieldlabel>qmd_displayid</fieldlabel><fieldentry>Sample Course-74220</fieldentry></qti_metadatafield></qtimetadata></itemmetadata><itemproc_extension><d2l_2p0:difficulty>3</d2l_2p0:difficulty><d2l_2p0:isbonus>no</d2l_2p0:isbonus><d2l_2p0:ismandatory>yes</d2l_2p0:ismandatory></itemproc_extension><presentation><flow><material><mattext texttype="text/html">&lt;!--RsQ_003--&gt;&lt;span style="font-family:'Arial';"&gt;For the graph of &lt;/span&gt;&lt;span style="font-family:'Arial'; color:#000000;"&gt;&lt;IMG src="ppg/respondus/Mean_Value_Theorem_Post_BB_Test/eq_fe16dc.gif" alt="equation" border=0 align="absmiddle"&gt;&lt;/span&gt;&lt;span style="font-family:'Arial';"&gt; below, identify a value for &lt;/span&gt;&lt;span style="font-family:'Arial'; color:#000000;"&gt;&lt;IMG src="ppg/respondus/Mean_Value_Theorem_Post_BB_Test/eq_fe16eb.gif" alt="equation" border=0 align="absmiddle"&gt;&lt;/span&gt;&lt;span style="font-family:'Arial';"&gt;, if any, from the interval (-3,7) where &lt;/span&gt;&lt;span style="font-family:'Arial'; color:#000000;"&gt;&lt;IMG src="ppg/respondus/Mean_Value_Theorem_Post_BB_Test/eq_fe16f7.gif" alt="equation" border=0 align="absmiddle"&gt;&lt;/span&gt;&lt;span style="font-family:'Arial';"&gt;.&lt;br&gt;&lt;/span&gt;&lt;span style="font-family:'Arial'; color:#000000;"&gt;&lt;IMG src="ppg/respondus/Mean_Value_Theorem_Post_BB_Test/postq3.png" alt="image" align="bottom" border=0&gt;&lt;/span&gt;&lt;span style="font-family:'Arial';"&gt; &lt;/span&gt;</mattext></material><response_extension><d2l_2p0:display_style>2</d2l_2p0:display_style><d2l_2p0:enumeration>6</d2l_2p0:enumeration><d2l_2p0:grading_type>0</d2l_2p0:grading_type></response_extension><response_lid ident="QUES_42757021_42761102_LID" rcardinality="Single"><render_choice shuffle="no"><flow_label class="Block"><response_label ident="QUES_42757021_42761102_A130833392"><flow_mat><material><mattext texttype="text/html">&lt;span style="font-family:'Arial';"&gt;&lt;IMG src="ppg/respondus/Mean_Value_Theorem_Post_BB_Test/eq_fe1722.gif" alt="equation" border=0 align="absmiddle"&gt;&lt;/span&gt;</mattext></material></flow_mat></response_label></flow_label><flow_label class="Block"><response_label ident="QUES_42757021_42761102_A130833393"><flow_mat><material><mattext texttype="text/html">&lt;span style="font-family:'Arial';"&gt;&lt;IMG src="ppg/respondus/Mean_Value_Theorem_Post_BB_Test/eq_fe1727.gif" alt="equation" border=0 align="absmiddle"&gt;&lt;/span&gt;</mattext></material></flow_mat></response_label></flow_label><flow_label class="Block"><response_label ident="QUES_42757021_42761102_A130833394"><flow_mat><material><mattext texttype="text/html">&lt;span style="font-family:'Arial';"&gt;&lt;IMG src="ppg/respondus/Mean_Value_Theorem_Post_BB_Test/eq_fe172d.gif" alt="equation" border=0 align="absmiddle"&gt;&lt;/span&gt;</mattext></material></flow_mat></response_label></flow_label><flow_label class="Block"><response_label ident="QUES_42757021_42761102_A130833395"><flow_mat><material><mattext texttype="text/html">&lt;span style="font-family:'Arial';"&gt;&lt;IMG src="ppg/respondus/Mean_Value_Theorem_Post_BB_Test/eq_fe1733.gif" alt="equation" border=0 align="absmiddle"&gt;&lt;/span&gt;</mattext></material></flow_mat></response_label></flow_label><flow_label class="Block"><response_label ident="QUES_42757021_42761102_A130833396"><flow_mat><material><mattext texttype="text/html">&lt;span style="font-family:'Arial';"&gt;&lt;IMG src="ppg/respondus/Mean_Value_Theorem_Post_BB_Test/eq_fe173d.gif" alt="equation" border=0 align="absmiddle"&gt;&lt;/span&gt;</mattext></material></flow_mat></response_label></flow_label><flow_label class="Block"><response_label ident="QUES_42757021_42761102_A130833397"><flow_mat><material><mattext texttype="text/html">&lt;span style="font-family:'Arial';"&gt;&lt;IMG src="ppg/respondus/Mean_Value_Theorem_Post_BB_Test/eq_fe1744.gif" alt="equation" border=0 align="absmiddle"&gt;&lt;/span&gt;</mattext></material></flow_mat></response_label></flow_label><flow_label class="Block"><response_label ident="QUES_42757021_42761102_A130833398"><flow_mat><material><mattext texttype="text/html">&lt;span style="font-family:'Arial';"&gt;No values for &lt;/span&gt;&lt;span style="font-family:'Arial'; color:#000000;"&gt;&lt;IMG src="ppg/respondus/Mean_Value_Theorem_Post_BB_Test/eq_fe17de.gif" alt="equation" border=0 align="absmiddle"&gt;&lt;/span&gt;&lt;span style="font-family:'Arial';"&gt; exist where &lt;/span&gt;&lt;span style="font-family:'Arial';"&gt;&lt;IMG src="ppg/respondus/Mean_Value_Theorem_Post_BB_Test/eq_fe17e5.gif" alt="equation" border=0 align="absmiddle"&gt;&lt;/span&gt;</mattext></material></flow_mat></response_label></flow_label></render_choice></response_lid></flow></presentation><resprocessing><respcondition title="Response Condition 1"><conditionvar><varequal respident="QUES_42757021_42761102_LID">QUES_42757021_42761102_A130833392</varequal></conditionvar><setvar action="Set">0.000000000</setvar><displayfeedback feedbacktype="Response" linkrefid="QUES_42757021_42761102_IF130833392" /></respcondition><respcondition title="Response Condition 2"><conditionvar><varequal respident="QUES_42757021_42761102_LID">QUES_42757021_42761102_A130833393</varequal></conditionvar><setvar action="Set">0.000000000</setvar><displayfeedback feedbacktype="Response" linkrefid="QUES_42757021_42761102_IF130833393" /></respcondition><respcondition title="Response Condition 3"><conditionvar><varequal respident="QUES_42757021_42761102_LID">QUES_42757021_42761102_A130833394</varequal></conditionvar><setvar action="Set">100.000000000</setvar><displayfeedback feedbacktype="Response" linkrefid="QUES_42757021_42761102_IF130833394" /></respcondition><respcondition title="Response Condition 4"><conditionvar><varequal respident="QUES_42757021_42761102_LID">QUES_42757021_42761102_A130833395</varequal></conditionvar><setvar action="Set">0.000000000</setvar><displayfeedback feedbacktype="Response" linkrefid="QUES_42757021_42761102_IF130833395" /></respcondition><respcondition title="Response Condition 5"><conditionvar><varequal respident="QUES_42757021_42761102_LID">QUES_42757021_42761102_A130833396</varequal></conditionvar><setvar action="Set">0.000000000</setvar><displayfeedback feedbacktype="Response" linkrefid="QUES_42757021_42761102_IF130833396" /></respcondition><respcondition title="Response Condition 6"><conditionvar><varequal respident="QUES_42757021_42761102_LID">QUES_42757021_42761102_A130833397</varequal></conditionvar><setvar action="Set">0.000000000</setvar><displayfeedback feedbacktype="Response" linkrefid="QUES_42757021_42761102_IF130833397" /></respcondition><respcondition title="Response Condition 7"><conditionvar><varequal respident="QUES_42757021_42761102_LID">QUES_42757021_42761102_A130833398</varequal></conditionvar><setvar action="Set">0.000000000</setvar><displayfeedback feedbacktype="Response" linkrefid="QUES_42757021_42761102_IF130833398" /></respcondition></resprocessing><itemfeedback ident="QUES_42757021_42761102_IF130833392"><material><mattext texttype="text/plain" /></material></itemfeedback><itemfeedback ident="QUES_42757021_42761102_IF130833393"><material><mattext texttype="text/plain" /></material></itemfeedback><itemfeedback ident="QUES_42757021_42761102_IF130833394"><material><mattext texttype="text/plain" /></material></itemfeedback><itemfeedback ident="QUES_42757021_42761102_IF130833395"><material><mattext texttype="text/plain" /></material></itemfeedback><itemfeedback ident="QUES_42757021_42761102_IF130833396"><material><mattext texttype="text/plain" /></material></itemfeedback><itemfeedback ident="QUES_42757021_42761102_IF130833397"><material><mattext texttype="text/plain" /></material></itemfeedback><itemfeedback ident="QUES_42757021_42761102_IF130833398"><material><mattext texttype="text/plain" /></material></itemfeedback></item><item ident="OBJ_1651215" label="QUES_42757022_42761103" d2l_2p0:page="1"><itemmetadata><qtimetadata><qti_metadatafield><fieldlabel>qmd_computerscored</fieldlabel><fieldentry>yes</fieldentry></qti_metadatafield><qti_metadatafield><fieldlabel>qmd_questiontype</fieldlabel><fieldentry>Multiple Choice</fieldentry></qti_metadatafield><qti_metadatafield><fieldlabel>qmd_weighting</fieldlabel><fieldentry>1.000000000</fieldentry></qti_metadatafield><qti_metadatafield><fieldlabel>qmd_globalid</fieldlabel><fieldentry>77381cb8-39b4-4f64-9b01-92b3d657077d</fieldentry></qti_metadatafield><qti_metadatafield><fieldlabel>qmd_displayid</fieldlabel><fieldentry>Sample Course-74221</fieldentry></qti_metadatafield></qtimetadata></itemmetadata><itemproc_extension><d2l_2p0:difficulty>3</d2l_2p0:difficulty><d2l_2p0:isbonus>no</d2l_2p0:isbonus><d2l_2p0:ismandatory>yes</d2l_2p0:ismandatory></itemproc_extension><presentation><flow><material><mattext texttype="text/html">&lt;!--RsQ_004--&gt;&lt;span style="font-family:'Arial';"&gt;Two highway patrol cars are stationed 4.2 miles apart on an interstate highway that has a speed limit of 65 miles per hour. A gray SUV passes in front of the first patrol car and is clocked at 63 miles per hour. 0.062 hours later (almost 4 minutes), the gray SUV passes in front of the second patrol car and is clocked at 64 miles per hour. Did the gray SUV exceed the speed limit at some time during the 0.062 hours? &lt;/span&gt;</mattext></material><response_extension><d2l_2p0:display_style>2</d2l_2p0:display_style><d2l_2p0:enumeration>6</d2l_2p0:enumeration><d2l_2p0:grading_type>0</d2l_2p0:grading_type></response_extension><response_lid ident="QUES_42757022_42761103_LID" rcardinality="Single"><render_choice shuffle="no"><flow_label class="Block"><response_label ident="QUES_42757022_42761103_A130833399"><flow_mat><material><mattext texttype="text/html">&lt;span style="font-family:'Arial';"&gt;Yes.&lt;/span&gt;</mattext></material></flow_mat></response_label></flow_label><flow_label class="Block"><response_label ident="QUES_42757022_42761103_A130833400"><flow_mat><material><mattext texttype="text/html">&lt;span style="font-family:'Arial';"&gt;No.&lt;/span&gt;</mattext></material></flow_mat></response_label></flow_label><flow_label class="Block"><response_label ident="QUES_42757022_42761103_A130833401"><flow_mat><material><mattext texttype="text/html">&lt;span style="font-family:'Arial';"&gt;Maybe, but I need more information.&lt;/span&gt;</mattext></material></flow_mat></response_label></flow_label><flow_label class="Block"><response_label ident="QUES_42757022_42761103_A130833402"><flow_mat><material><mattext texttype="text/html">&lt;span style="font-family:'Arial';"&gt;I'm not sure how to answer this question.&lt;/span&gt;</mattext></material></flow_mat></response_label></flow_label></render_choice></response_lid></flow></presentation><resprocessing><respcondition title="Response Condition 1"><conditionvar><varequal respident="QUES_42757022_42761103_LID">QUES_42757022_42761103_A130833399</varequal></conditionvar><setvar action="Set">100.000000000</setvar><displayfeedback feedbacktype="Response" linkrefid="QUES_42757022_42761103_IF130833399" /></respcondition><respcondition title="Response Condition 2"><conditionvar><varequal respident="QUES_42757022_42761103_LID">QUES_42757022_42761103_A130833400</varequal></conditionvar><setvar action="Set">0.000000000</setvar><displayfeedback feedbacktype="Response" linkrefid="QUES_42757022_42761103_IF130833400" /></respcondition><respcondition title="Response Condition 3"><conditionvar><varequal respident="QUES_42757022_42761103_LID">QUES_42757022_42761103_A130833401</varequal></conditionvar><setvar action="Set">0.000000000</setvar><displayfeedback feedbacktype="Response" linkrefid="QUES_42757022_42761103_IF130833401" /></respcondition><respcondition title="Response Condition 4"><conditionvar><varequal respident="QUES_42757022_42761103_LID">QUES_42757022_42761103_A130833402</varequal></conditionvar><setvar action="Set">0.000000000</setvar><displayfeedback feedbacktype="Response" linkrefid="QUES_42757022_42761103_IF130833402" /></respcondition></resprocessing><itemfeedback ident="QUES_42757022_42761103_IF130833399"><material><mattext texttype="text/plain" /></material></itemfeedback><itemfeedback ident="QUES_42757022_42761103_IF130833400"><material><mattext texttype="text/plain" /></material></itemfeedback><itemfeedback ident="QUES_42757022_42761103_IF130833401"><material><mattext texttype="text/plain" /></material></itemfeedback><itemfeedback ident="QUES_42757022_42761103_IF130833402"><material><mattext texttype="text/plain" /></material></itemfeedback></item></section></assessment></questestinterop>