﻿<?xml version="1.0" encoding="UTF-8"?><questestinterop xmlns:d2l_2p0="http://desire2learn.com/xsd/d2lcp_v2p0"><assessment d2l_2p0:id="418" title="Graphing Constant Rate of Change PostVideo Questions" ident="res_quiz_122373" d2l_2p0:resource_code="ef9e56cc46d3486a98963923-98"><rubric><flow_mat><material><mattext d2l_2p0:isdisplayed="yes" texttype="text/html">&lt;p&gt;&lt;span style="color: #292b2c; font-family: 'Avenir Next', sans-serif; font-size: medium; font-style: normal; font-variant-ligatures: normal; font-variant-caps: normal; font-weight: 400; letter-spacing: normal; orphans: 2; text-align: start; text-indent: 0px; text-transform: none; white-space: normal; widows: 2; word-spacing: 0px; -webkit-text-stroke-width: 0px; text-decoration-style: initial; text-decoration-color: initial; float: none; display: inline !important;"&gt;Answer all questions.&lt;/span&gt;&lt;/p&gt;</mattext></material></flow_mat></rubric><assessmentcontrol hintswitch="no" solutionswitch="yes" feedbackswitch="no" /><presentation_material><flow_mat><material label="page header"><mattext d2l_2p0:isdisplayed="no" texttype="text/html" /></material><material label="page footer"><mattext d2l_2p0:isdisplayed="no" texttype="text/html" /></material></flow_mat></presentation_material><assess_procextension><d2l_2p0:intro_message d2l_2p0:isdisplayed="yes" texttype="text/html">&lt;p&gt;&lt;span style="color: #292b2c; font-family: 'Avenir Next', sans-serif; font-size: medium; font-style: normal; font-variant-ligatures: normal; font-variant-caps: normal; font-weight: 400; letter-spacing: normal; orphans: 2; text-align: start; text-indent: 0px; text-transform: none; white-space: normal; widows: 2; word-spacing: 0px; -webkit-text-stroke-width: 0px; text-decoration-style: initial; text-decoration-color: initial; float: none; display: inline !important;"&gt;PostVideo Questions are intended to measure your learning from the video. This is for a grade. You get three attempts. Your last attempt is the only attempt that counts toward your grade.&lt;/span&gt;&lt;/p&gt;</d2l_2p0:intro_message><d2l_2p0:disable_right_click>no</d2l_2p0:disable_right_click><d2l_2p0:disable_pager_access>no</d2l_2p0:disable_pager_access><is_active>yes</is_active><d2l_2p0:date_start /><d2l_2p0:date_end /><d2l_2p0:date_due /><d2l_2p0:has_schedule_event>no</d2l_2p0:has_schedule_event><d2l_2p0:is_attempt_Rldb>no</d2l_2p0:is_attempt_Rldb><d2l_2p0:is_subview_Rldb>no</d2l_2p0:is_subview_Rldb><d2l_2p0:time_limit>120</d2l_2p0:time_limit><d2l_2p0:show_clock>yes</d2l_2p0:show_clock><d2l_2p0:enforce_time_limit>yes</d2l_2p0:enforce_time_limit><d2l_2p0:grace_period>5</d2l_2p0:grace_period><d2l_2p0:late_limit>0</d2l_2p0:late_limit><d2l_2p0:attempts_allowed>3</d2l_2p0:attempts_allowed><d2l_2p0:attempt_restrictions /><d2l_2p0:mark_calculation_type>1</d2l_2p0:mark_calculation_type><d2l_2p0:is_forward_only>no</d2l_2p0:is_forward_only></assess_procextension><assessfeedback title=""><rubric><flow_mat><material><mattext texttype="yes">Your quiz has been submitted successfully.</mattext></material></flow_mat></rubric><d2l_2p0:duration>0</d2l_2p0:duration><d2l_2p0:response_display_type_id>1</d2l_2p0:response_display_type_id><d2l_2p0:show_correct_answers>no</d2l_2p0:show_correct_answers><d2l_2p0:submission_restrictip>no</d2l_2p0:submission_restrictip><d2l_2p0:show_class_average>no</d2l_2p0:show_class_average><d2l_2p0:show_score_distribution>no</d2l_2p0:show_score_distribution></assessfeedback><section ident="CONTAINER_SECTION"><item ident="OBJ_1651085" label="QUES_42756892_42760973" d2l_2p0:page="1"><itemmetadata><qtimetadata><qti_metadatafield><fieldlabel>qmd_computerscored</fieldlabel><fieldentry>yes</fieldentry></qti_metadatafield><qti_metadatafield><fieldlabel>qmd_questiontype</fieldlabel><fieldentry>Multiple Choice</fieldentry></qti_metadatafield><qti_metadatafield><fieldlabel>qmd_weighting</fieldlabel><fieldentry>1.000000000</fieldentry></qti_metadatafield><qti_metadatafield><fieldlabel>qmd_globalid</fieldlabel><fieldentry>a991ccc3-171e-4324-95a7-68ad4725ea2e</fieldentry></qti_metadatafield><qti_metadatafield><fieldlabel>qmd_displayid</fieldlabel><fieldentry>Sample Course-74091</fieldentry></qti_metadatafield></qtimetadata></itemmetadata><itemproc_extension><d2l_2p0:difficulty>3</d2l_2p0:difficulty><d2l_2p0:isbonus>no</d2l_2p0:isbonus><d2l_2p0:ismandatory>yes</d2l_2p0:ismandatory></itemproc_extension><presentation><flow><material><mattext texttype="text/html">&lt;p&gt;&lt;span style="font-size: 14pt; font-family: 'Avenir Next', sans-serif; color: #292b2c; background-image: initial; background-position: initial; background-size: initial; background-repeat: initial; background-attachment: initial; background-origin: initial; background-clip: initial;"&gt;Suppose&amp;nbsp;&lt;/span&gt;&lt;span style="font-size: 14.0pt; font-family: 'Avenir Next',sans-serif; color: #292b2c; border: none windowtext 1.0pt; padding: 0in;"&gt;y&lt;/span&gt;&lt;span style="font-size: 14pt; font-family: 'Avenir Next', sans-serif; color: #292b2c; background-image: initial; background-position: initial; background-size: initial; background-repeat: initial; background-attachment: initial; background-origin: initial; background-clip: initial;"&gt;&amp;nbsp;is a linear function of&amp;nbsp;&lt;/span&gt;&lt;i&gt;&lt;span style="font-size: 14.0pt; font-family: 'Avenir Next',sans-serif; color: #292b2c; border: none windowtext 1.0pt; padding: 0in;"&gt;x&lt;/span&gt;&lt;/i&gt;&lt;span style="font-size: 14pt; font-family: 'Avenir Next', sans-serif; color: #292b2c; background-image: initial; background-position: initial; background-size: initial; background-repeat: initial; background-attachment: initial; background-origin: initial; background-clip: initial;"&gt;. Let&amp;nbsp;&lt;/span&gt;&lt;span style="font-size: 14.0pt; font-family: 'Avenir Next',sans-serif; color: #292b2c; border: none windowtext 1.0pt; padding: 0in;"&gt;Δ&lt;i&gt;y&lt;/i&gt;&lt;/span&gt;&lt;span style="font-size: 14pt; font-family: 'Avenir Next', sans-serif; color: #292b2c; background-image: initial; background-position: initial; background-size: initial; background-repeat: initial; background-attachment: initial; background-origin: initial; background-clip: initial;"&gt;&amp;nbsp;represent the change in the value of&amp;nbsp;&lt;/span&gt;&lt;i&gt;&lt;span style="font-size: 14.0pt; font-family: 'Avenir Next',sans-serif; color: #292b2c; border: none windowtext 1.0pt; padding: 0in;"&gt;y&lt;/span&gt;&lt;/i&gt;&lt;span style="font-size: 14pt; font-family: 'Avenir Next', sans-serif; color: #292b2c; background-image: initial; background-position: initial; background-size: initial; background-repeat: initial; background-attachment: initial; background-origin: initial; background-clip: initial;"&gt;&amp;nbsp;and let&amp;nbsp;&lt;/span&gt;&lt;span style="font-size: 14.0pt; font-family: 'Avenir Next',sans-serif; color: #292b2c; border: none windowtext 1.0pt; padding: 0in;"&gt;Δ&lt;i&gt;x&lt;/i&gt;&lt;/span&gt;&lt;span style="font-size: 14pt; font-family: 'Avenir Next', sans-serif; color: #292b2c; background-image: initial; background-position: initial; background-size: initial; background-repeat: initial; background-attachment: initial; background-origin: initial; background-clip: initial;"&gt;&amp;nbsp;represent the change in the value of&amp;nbsp;&lt;/span&gt;&lt;i&gt;&lt;span style="font-size: 14.0pt; font-family: 'Avenir Next',sans-serif; color: #292b2c; border: none windowtext 1.0pt; padding: 0in;"&gt;x&lt;/span&gt;&lt;/i&gt;&lt;span style="font-size: 14pt; font-family: 'Avenir Next', sans-serif; color: #292b2c; background-image: initial; background-position: initial; background-size: initial; background-repeat: initial; background-attachment: initial; background-origin: initial; background-clip: initial;"&gt;. Which of the following graphs could represent the relationship between&amp;nbsp;&lt;/span&gt;&lt;i&gt;&lt;span style="font-size: 14.0pt; font-family: 'Avenir Next',sans-serif; color: #292b2c; border: none windowtext 1.0pt; padding: 0in;"&gt;x&lt;/span&gt;&lt;/i&gt;&lt;span style="font-size: 14pt; font-family: 'Avenir Next', sans-serif; color: #292b2c; background-image: initial; background-position: initial; background-size: initial; background-repeat: initial; background-attachment: initial; background-origin: initial; background-clip: initial;"&gt;&amp;nbsp;and&amp;nbsp;&lt;/span&gt;&lt;i&gt;&lt;span style="font-size: 14.0pt; font-family: 'Avenir Next',sans-serif; color: #292b2c; border: none windowtext 1.0pt; padding: 0in;"&gt;y&lt;/span&gt;&lt;/i&gt;&lt;span style="font-size: 14pt; font-family: 'Avenir Next', sans-serif; color: #292b2c; background-image: initial; background-position: initial; background-size: initial; background-repeat: initial; background-attachment: initial; background-origin: initial; background-clip: initial;"&gt;&amp;nbsp;provided&amp;nbsp;&lt;/span&gt;&lt;span style="font-size: 14.0pt; font-family: 'Avenir Next',sans-serif; color: #292b2c; border: none windowtext 1.0pt; padding: 0in;"&gt;Δ&lt;i&gt;y&lt;/i&gt;=&lt;img align="middle" alt="fraction numerator negative 2 over denominator 3 end fraction" class="Wirisformula" data-mathml="«math xmlns=¨http://www.w3.org/1998/Math/MathML¨»«mfrac»«mrow»«mo»-«/mo»«mn»2«/mn»«/mrow»«mn»3«/mn»«/mfrac»«/math»" src="csfiles/home_dir/JMartinBb/Math Images/6ed5690c12914fc3dc58fec47e72c652.png"&gt;Δ&lt;i&gt;x&lt;/i&gt;&lt;/span&gt;&lt;span style="font-size: 14pt; font-family: 'Avenir Next', sans-serif; color: #292b2c; background-image: initial; background-position: initial; background-size: initial; background-repeat: initial; background-attachment: initial; background-origin: initial; background-clip: initial;"&gt;.&lt;/span&gt;&lt;/p&gt;  &lt;p&gt;&lt;span style="font-size: 14pt; font-family: 'Avenir Next', sans-serif; color: #292b2c; background-image: initial; background-position: initial; background-size: initial; background-repeat: initial; background-attachment: initial; background-origin: initial; background-clip: initial;"&gt;&lt;/span&gt;&lt;/p&gt;</mattext></material><response_extension><d2l_2p0:display_style>2</d2l_2p0:display_style><d2l_2p0:enumeration>6</d2l_2p0:enumeration><d2l_2p0:grading_type>0</d2l_2p0:grading_type></response_extension><response_lid ident="QUES_42756892_42760973_LID" rcardinality="Single"><render_choice shuffle="no"><flow_label class="Block"><response_label ident="QUES_42756892_42760973_A130832649"><flow_mat><material><mattext texttype="text/html">&lt;p&gt;&lt;span style="font-size: medium;"&gt;&lt;img src="csfiles/home_dir/JMartinBb/Screen Shot 2020-05-06 at 4.42.10 PM.png" width="400" height="752" alt="Graph A" style="font-family: 'Avenir Next', sans-serif; text-shadow: none !important; letter-spacing: normal; border: 0; cursor: default; padding: 0px; outline: 0px; font-weight: 400; font-style: normal; font-size: 18.6667px; vertical-align: middle; max-width: 100%; height: auto; color: #292b2c; font-variant-ligatures: normal; font-variant-caps: normal; orphans: 2; text-align: start; text-indent: 0px; text-transform: none; white-space: normal; widows: 2; word-spacing: 0px; -webkit-text-stroke-width: 0px; background-color: #ffffff; text-decoration-style: initial; text-decoration-color: initial; margin: 0px;"&gt;&lt;/span&gt;&lt;/p&gt;</mattext></material></flow_mat></response_label></flow_label><flow_label class="Block"><response_label ident="QUES_42756892_42760973_A130832650"><flow_mat><material><mattext texttype="text/html">&lt;p&gt;&lt;span style="font-size: medium;"&gt;&lt;img src="csfiles/home_dir/JMartinBb/Screen Shot 2020-05-06 at 4.42.23 PM.png" width="400" height="748" alt="Graph B" style="font-family: 'Avenir Next', sans-serif; text-shadow: none !important; letter-spacing: normal; border: 0; cursor: default; padding: 0px; outline: 0px; font-weight: 400; font-style: normal; font-size: 18.6667px; vertical-align: middle; max-width: 100%; height: auto; color: #292b2c; font-variant-ligatures: normal; font-variant-caps: normal; orphans: 2; text-align: start; text-indent: 0px; text-transform: none; white-space: normal; widows: 2; word-spacing: 0px; -webkit-text-stroke-width: 0px; background-color: #ffffff; text-decoration-style: initial; text-decoration-color: initial; margin: 0px;"&gt;&lt;br&gt;&lt;/span&gt;&lt;/p&gt;</mattext></material></flow_mat></response_label></flow_label><flow_label class="Block"><response_label ident="QUES_42756892_42760973_A130832651"><flow_mat><material><mattext texttype="text/html">&lt;p&gt;&lt;img src="csfiles/home_dir/JMartinBb/Screen Shot 2020-05-06 at 4.42.33 PM.png" width="400" height="752" alt="Graph C" style="font-family: 'Avenir Next', sans-serif; text-shadow: none !important; letter-spacing: normal; border: 0; cursor: default; padding: 0px; outline: 0px; font-weight: 400; font-style: normal; font-size: 18.6667px; vertical-align: middle; max-width: 100%; height: auto; color: #292b2c; font-variant-ligatures: normal; font-variant-caps: normal; orphans: 2; text-align: start; text-indent: 0px; text-transform: none; white-space: normal; widows: 2; word-spacing: 0px; -webkit-text-stroke-width: 0px; background-color: #ffffff; text-decoration-style: initial; text-decoration-color: initial; margin: 0px;"&gt;&lt;/p&gt;</mattext></material></flow_mat></response_label></flow_label><flow_label class="Block"><response_label ident="QUES_42756892_42760973_A130832652"><flow_mat><material><mattext texttype="text/html">&lt;p&gt;&lt;img src="csfiles/home_dir/JMartinBb/Screen Shot 2020-05-06 at 4.42.41 PM.png" width="400" height="758" alt="Graph D" style="font-family: 'Avenir Next', sans-serif; text-shadow: none !important; letter-spacing: normal; border: 0; cursor: default; padding: 0px; outline: 0px; font-weight: 400; font-style: normal; font-size: 18.6667px; vertical-align: middle; max-width: 100%; height: auto; color: #292b2c; font-variant-ligatures: normal; font-variant-caps: normal; orphans: 2; text-align: start; text-indent: 0px; text-transform: none; white-space: normal; widows: 2; word-spacing: 0px; -webkit-text-stroke-width: 0px; background-color: #ffffff; text-decoration-style: initial; text-decoration-color: initial; margin: 0px;"&gt;&lt;/p&gt;</mattext></material></flow_mat></response_label></flow_label></render_choice></response_lid></flow></presentation><resprocessing><respcondition title="Response Condition 1"><conditionvar><varequal respident="QUES_42756892_42760973_LID">QUES_42756892_42760973_A130832649</varequal></conditionvar><setvar action="Set">0.000000000</setvar><displayfeedback feedbacktype="Response" linkrefid="QUES_42756892_42760973_IF130832649" /></respcondition><respcondition title="Response Condition 2"><conditionvar><varequal respident="QUES_42756892_42760973_LID">QUES_42756892_42760973_A130832650</varequal></conditionvar><setvar action="Set">0.000000000</setvar><displayfeedback feedbacktype="Response" linkrefid="QUES_42756892_42760973_IF130832650" /></respcondition><respcondition title="Response Condition 3"><conditionvar><varequal respident="QUES_42756892_42760973_LID">QUES_42756892_42760973_A130832651</varequal></conditionvar><setvar action="Set">100.000000000</setvar><displayfeedback feedbacktype="Response" linkrefid="QUES_42756892_42760973_IF130832651" /></respcondition><respcondition title="Response Condition 4"><conditionvar><varequal respident="QUES_42756892_42760973_LID">QUES_42756892_42760973_A130832652</varequal></conditionvar><setvar action="Set">0.000000000</setvar><displayfeedback feedbacktype="Response" linkrefid="QUES_42756892_42760973_IF130832652" /></respcondition></resprocessing><itemfeedback ident="QUES_42756892_42760973_IF130832649"><material><mattext texttype="text/plain" /></material></itemfeedback><itemfeedback ident="QUES_42756892_42760973_IF130832650"><material><mattext texttype="text/plain" /></material></itemfeedback><itemfeedback ident="QUES_42756892_42760973_IF130832651"><material><mattext texttype="text/plain" /></material></itemfeedback><itemfeedback ident="QUES_42756892_42760973_IF130832652"><material><mattext texttype="text/plain" /></material></itemfeedback></item><item ident="OBJ_1651086" label="QUES_42756893_42760974" d2l_2p0:page="1"><itemmetadata><qtimetadata><qti_metadatafield><fieldlabel>qmd_computerscored</fieldlabel><fieldentry>yes</fieldentry></qti_metadatafield><qti_metadatafield><fieldlabel>qmd_questiontype</fieldlabel><fieldentry>Multiple Choice</fieldentry></qti_metadatafield><qti_metadatafield><fieldlabel>qmd_weighting</fieldlabel><fieldentry>1.000000000</fieldentry></qti_metadatafield><qti_metadatafield><fieldlabel>qmd_globalid</fieldlabel><fieldentry>25629110-65ed-40a8-a297-f5af0f079226</fieldentry></qti_metadatafield><qti_metadatafield><fieldlabel>qmd_displayid</fieldlabel><fieldentry>Sample Course-74092</fieldentry></qti_metadatafield></qtimetadata></itemmetadata><itemproc_extension><d2l_2p0:difficulty>3</d2l_2p0:difficulty><d2l_2p0:isbonus>no</d2l_2p0:isbonus><d2l_2p0:ismandatory>yes</d2l_2p0:ismandatory></itemproc_extension><presentation><flow><material><mattext texttype="text/html">&lt;p&gt;&lt;span style="font-size: 14pt; font-family: 'Avenir Next', sans-serif; color: #292b2c; background-image: initial; background-position: initial; background-size: initial; background-repeat: initial; background-attachment: initial; background-origin: initial; background-clip: initial;"&gt;Sophia is going to compete in two legs, running and biking, of a local mini triathlon. The running begins at the shoreline of the ocean and heads due north on Ocean Avenue. After she runs 5k she transitions to her bicycle and continues due north on Ocean Avenue for another 20k. She bikes faster than she runs. Assuming that Sophia was always heading due north, which of the following graphs more accurately represents the relationship between Sophia's distance from transition and the total distance Sophia has traveled.&lt;/span&gt;&lt;/p&gt;</mattext></material><response_extension><d2l_2p0:display_style>2</d2l_2p0:display_style><d2l_2p0:enumeration>6</d2l_2p0:enumeration><d2l_2p0:grading_type>0</d2l_2p0:grading_type></response_extension><response_lid ident="QUES_42756893_42760974_LID" rcardinality="Single"><render_choice shuffle="no"><flow_label class="Block"><response_label ident="QUES_42756893_42760974_A130832653"><flow_mat><material><mattext texttype="text/html">&lt;p style="font-family: 'Open Sans', sans-serif; text-shadow: none !important; letter-spacing: normal; margin: 0px 0px 1em; padding: 0px; border: 0px; outline: 0px; font-weight: 400; font-style: normal; font-size: small; color: #000000; font-variant-ligatures: normal; font-variant-caps: normal; orphans: 2; text-align: start; text-indent: 0px; text-transform: none; white-space: normal; widows: 2; word-spacing: 0px; -webkit-text-stroke-width: 0px; text-decoration-style: initial; text-decoration-color: initial;"&gt;&lt;img src="csfiles/home_dir/JMartinBb/Screen Shot 2020-05-06 at 4.41.36 PM.png" width="400" height="738" alt="Graph A" style="color: #292b2c; font-size: 18.6667px;"&gt;&lt;/p&gt;</mattext></material></flow_mat></response_label></flow_label><flow_label class="Block"><response_label ident="QUES_42756893_42760974_A130832654"><flow_mat><material><mattext texttype="text/html">&lt;p&gt;&lt;span style="font-size: medium;"&gt;&lt;img src="csfiles/home_dir/JMartinBb/Screen Shot 2020-05-06 at 4.41.45 PM.png" width="400" height="596" alt="Graph B" style="font-family: 'Avenir Next', sans-serif; text-shadow: none !important; letter-spacing: normal; border: 0; cursor: default; padding: 0px; outline: 0px; font-weight: 400; font-style: normal; font-size: 18.6667px; vertical-align: middle; max-width: 100%; height: auto; color: #292b2c; font-variant-ligatures: normal; font-variant-caps: normal; orphans: 2; text-align: start; text-indent: 0px; text-transform: none; white-space: normal; widows: 2; word-spacing: 0px; -webkit-text-stroke-width: 0px; background-color: #ffffff; text-decoration-style: initial; text-decoration-color: initial; margin: 0px;"&gt;&lt;br&gt;&lt;/span&gt;&lt;/p&gt;</mattext></material></flow_mat></response_label></flow_label><flow_label class="Block"><response_label ident="QUES_42756893_42760974_A130832655"><flow_mat><material><mattext texttype="text/html">&lt;p&gt;&lt;img src="csfiles/home_dir/JMartinBb/Screen Shot 2020-05-06 at 4.41.55 PM.png" width="400" height="344" alt="Graph C" style="font-family: 'Avenir Next', sans-serif; text-shadow: none !important; letter-spacing: normal; border: 0; cursor: default; padding: 0px; outline: 0px; font-weight: 400; font-style: normal; font-size: 18.6667px; vertical-align: middle; max-width: 100%; height: auto; color: #292b2c; font-variant-ligatures: normal; font-variant-caps: normal; orphans: 2; text-align: start; text-indent: 0px; text-transform: none; white-space: normal; widows: 2; word-spacing: 0px; -webkit-text-stroke-width: 0px; background-color: #ffffff; text-decoration-style: initial; text-decoration-color: initial; margin: 0px;"&gt;&lt;/p&gt;</mattext></material></flow_mat></response_label></flow_label></render_choice></response_lid></flow></presentation><resprocessing><respcondition title="Response Condition 1"><conditionvar><varequal respident="QUES_42756893_42760974_LID">QUES_42756893_42760974_A130832653</varequal></conditionvar><setvar action="Set">0.000000000</setvar><displayfeedback feedbacktype="Response" linkrefid="QUES_42756893_42760974_IF130832653" /></respcondition><respcondition title="Response Condition 2"><conditionvar><varequal respident="QUES_42756893_42760974_LID">QUES_42756893_42760974_A130832654</varequal></conditionvar><setvar action="Set">100.000000000</setvar><displayfeedback feedbacktype="Response" linkrefid="QUES_42756893_42760974_IF130832654" /></respcondition><respcondition title="Response Condition 3"><conditionvar><varequal respident="QUES_42756893_42760974_LID">QUES_42756893_42760974_A130832655</varequal></conditionvar><setvar action="Set">0.000000000</setvar><displayfeedback feedbacktype="Response" linkrefid="QUES_42756893_42760974_IF130832655" /></respcondition></resprocessing><itemfeedback ident="QUES_42756893_42760974_IF130832653"><material><mattext texttype="text/plain" /></material></itemfeedback><itemfeedback ident="QUES_42756893_42760974_IF130832654"><material><mattext texttype="text/plain" /></material></itemfeedback><itemfeedback ident="QUES_42756893_42760974_IF130832655"><material><mattext texttype="text/plain" /></material></itemfeedback></item><item ident="OBJ_1651087" label="QUES_42756894_42760975" d2l_2p0:page="1"><itemmetadata><qtimetadata><qti_metadatafield><fieldlabel>qmd_computerscored</fieldlabel><fieldentry>yes</fieldentry></qti_metadatafield><qti_metadatafield><fieldlabel>qmd_questiontype</fieldlabel><fieldentry>Multiple Choice</fieldentry></qti_metadatafield><qti_metadatafield><fieldlabel>qmd_weighting</fieldlabel><fieldentry>1.000000000</fieldentry></qti_metadatafield><qti_metadatafield><fieldlabel>qmd_globalid</fieldlabel><fieldentry>88ca9446-d1b2-4fb3-8ede-a3669abbebca</fieldentry></qti_metadatafield><qti_metadatafield><fieldlabel>qmd_displayid</fieldlabel><fieldentry>Sample Course-74093</fieldentry></qti_metadatafield></qtimetadata></itemmetadata><itemproc_extension><d2l_2p0:difficulty>3</d2l_2p0:difficulty><d2l_2p0:isbonus>no</d2l_2p0:isbonus><d2l_2p0:ismandatory>yes</d2l_2p0:ismandatory></itemproc_extension><presentation><flow><material><mattext texttype="text/html">&lt;p&gt;&lt;span style="font-size: 14pt; font-family: 'Avenir Next', sans-serif; color: #292b2c; background-image: initial; background-position: initial; background-size: initial; background-repeat: initial; background-attachment: initial; background-origin: initial; background-clip: initial;"&gt; The following graph represents the height of water as a function of volume as water is poured into a container. Which container is represented by the graph? &lt;/span&gt;&lt;/p&gt;  &lt;p&gt;&lt;img src="csfiles/home_dir/JMartinBb/Screen Shot 2020-05-06 at 4.43.02 PM.png" width="600" height="632" alt="Container Graph"&gt;&lt;/p&gt;</mattext></material><response_extension><d2l_2p0:display_style>2</d2l_2p0:display_style><d2l_2p0:enumeration>6</d2l_2p0:enumeration><d2l_2p0:grading_type>0</d2l_2p0:grading_type></response_extension><response_lid ident="QUES_42756894_42760975_LID" rcardinality="Single"><render_choice shuffle="no"><flow_label class="Block"><response_label ident="QUES_42756894_42760975_A130832656"><flow_mat><material><mattext texttype="text/html">&lt;p&gt;&lt;span style="font-size: medium;"&gt;Container a.&lt;/span&gt;&lt;/p&gt;</mattext></material></flow_mat></response_label></flow_label><flow_label class="Block"><response_label ident="QUES_42756894_42760975_A130832657"><flow_mat><material><mattext texttype="text/html">&lt;p&gt;&lt;span style="font-size: medium;"&gt;Container b.&lt;/span&gt;&lt;/p&gt;</mattext></material></flow_mat></response_label></flow_label><flow_label class="Block"><response_label ident="QUES_42756894_42760975_A130832658"><flow_mat><material><mattext texttype="text/html">&lt;p&gt;&lt;span style="font-size: medium;"&gt;Container c.&lt;/span&gt;&lt;/p&gt;</mattext></material></flow_mat></response_label></flow_label><flow_label class="Block"><response_label ident="QUES_42756894_42760975_A130832659"><flow_mat><material><mattext texttype="text/html">&lt;p&gt;&lt;span style="font-size: medium;"&gt;Container d.&lt;/span&gt;&lt;/p&gt;</mattext></material></flow_mat></response_label></flow_label><flow_label class="Block"><response_label ident="QUES_42756894_42760975_A130832660"><flow_mat><material><mattext texttype="text/html">&lt;p&gt;&lt;span style="font-size: medium;"&gt;Container e.&lt;/span&gt;&lt;/p&gt;</mattext></material></flow_mat></response_label></flow_label></render_choice></response_lid></flow></presentation><resprocessing><respcondition title="Response Condition 1"><conditionvar><varequal respident="QUES_42756894_42760975_LID">QUES_42756894_42760975_A130832656</varequal></conditionvar><setvar action="Set">0.000000000</setvar><displayfeedback feedbacktype="Response" linkrefid="QUES_42756894_42760975_IF130832656" /></respcondition><respcondition title="Response Condition 2"><conditionvar><varequal respident="QUES_42756894_42760975_LID">QUES_42756894_42760975_A130832657</varequal></conditionvar><setvar action="Set">100.000000000</setvar><displayfeedback feedbacktype="Response" linkrefid="QUES_42756894_42760975_IF130832657" /></respcondition><respcondition title="Response Condition 3"><conditionvar><varequal respident="QUES_42756894_42760975_LID">QUES_42756894_42760975_A130832658</varequal></conditionvar><setvar action="Set">0.000000000</setvar><displayfeedback feedbacktype="Response" linkrefid="QUES_42756894_42760975_IF130832658" /></respcondition><respcondition title="Response Condition 4"><conditionvar><varequal respident="QUES_42756894_42760975_LID">QUES_42756894_42760975_A130832659</varequal></conditionvar><setvar action="Set">0.000000000</setvar><displayfeedback feedbacktype="Response" linkrefid="QUES_42756894_42760975_IF130832659" /></respcondition><respcondition title="Response Condition 5"><conditionvar><varequal respident="QUES_42756894_42760975_LID">QUES_42756894_42760975_A130832660</varequal></conditionvar><setvar action="Set">0.000000000</setvar><displayfeedback feedbacktype="Response" linkrefid="QUES_42756894_42760975_IF130832660" /></respcondition></resprocessing><itemfeedback ident="QUES_42756894_42760975_IF130832656"><material><mattext texttype="text/plain" /></material></itemfeedback><itemfeedback ident="QUES_42756894_42760975_IF130832657"><material><mattext texttype="text/plain" /></material></itemfeedback><itemfeedback ident="QUES_42756894_42760975_IF130832658"><material><mattext texttype="text/plain" /></material></itemfeedback><itemfeedback ident="QUES_42756894_42760975_IF130832659"><material><mattext texttype="text/plain" /></material></itemfeedback><itemfeedback ident="QUES_42756894_42760975_IF130832660"><material><mattext texttype="text/plain" /></material></itemfeedback></item></section></assessment></questestinterop>