﻿<?xml version="1.0" encoding="UTF-8"?><questestinterop xmlns:d2l_2p0="http://desire2learn.com/xsd/d2lcp_v2p0"><assessment d2l_2p0:id="485" title="Varying Rates of Change Task" ident="res_quiz_122440" d2l_2p0:resource_code="ef9e56cc46d3486a98963923-165"><rubric><flow_mat><material><mattext d2l_2p0:isdisplayed="no" texttype="text/html" /></material></flow_mat></rubric><assessmentcontrol hintswitch="no" solutionswitch="yes" feedbackswitch="no" /><presentation_material><flow_mat><material label="page header"><mattext d2l_2p0:isdisplayed="no" texttype="text/html" /></material><material label="page footer"><mattext d2l_2p0:isdisplayed="no" texttype="text/html" /></material></flow_mat></presentation_material><assess_procextension><d2l_2p0:intro_message d2l_2p0:isdisplayed="yes" texttype="text/html">&lt;p&gt;Respondus&lt;/p&gt;</d2l_2p0:intro_message><d2l_2p0:disable_right_click>no</d2l_2p0:disable_right_click><d2l_2p0:disable_pager_access>no</d2l_2p0:disable_pager_access><is_active>yes</is_active><d2l_2p0:date_start /><d2l_2p0:date_end /><d2l_2p0:date_due /><d2l_2p0:has_schedule_event>no</d2l_2p0:has_schedule_event><d2l_2p0:is_attempt_Rldb>no</d2l_2p0:is_attempt_Rldb><d2l_2p0:is_subview_Rldb>no</d2l_2p0:is_subview_Rldb><d2l_2p0:time_limit>120</d2l_2p0:time_limit><d2l_2p0:show_clock>yes</d2l_2p0:show_clock><d2l_2p0:enforce_time_limit>yes</d2l_2p0:enforce_time_limit><d2l_2p0:grace_period>5</d2l_2p0:grace_period><d2l_2p0:late_limit>0</d2l_2p0:late_limit><d2l_2p0:attempts_allowed>3</d2l_2p0:attempts_allowed><d2l_2p0:attempt_restrictions /><d2l_2p0:mark_calculation_type>1</d2l_2p0:mark_calculation_type><d2l_2p0:is_forward_only>no</d2l_2p0:is_forward_only></assess_procextension><assessfeedback title=""><rubric><flow_mat><material><mattext texttype="yes">Your quiz has been submitted successfully.</mattext></material></flow_mat></rubric><d2l_2p0:duration>0</d2l_2p0:duration><d2l_2p0:response_display_type_id>1</d2l_2p0:response_display_type_id><d2l_2p0:show_correct_answers>no</d2l_2p0:show_correct_answers><d2l_2p0:submission_restrictip>no</d2l_2p0:submission_restrictip><d2l_2p0:show_class_average>no</d2l_2p0:show_class_average><d2l_2p0:show_score_distribution>no</d2l_2p0:show_score_distribution></assessfeedback><section ident="CONTAINER_SECTION"><item ident="OBJ_1651266" label="QUES_42757073_42761186" d2l_2p0:page="1"><itemmetadata><qtimetadata><qti_metadatafield><fieldlabel>qmd_computerscored</fieldlabel><fieldentry>yes</fieldentry></qti_metadatafield><qti_metadatafield><fieldlabel>qmd_questiontype</fieldlabel><fieldentry>Multiple Choice</fieldentry></qti_metadatafield><qti_metadatafield><fieldlabel>qmd_weighting</fieldlabel><fieldentry>1.000000000</fieldentry></qti_metadatafield><qti_metadatafield><fieldlabel>qmd_globalid</fieldlabel><fieldentry>1e24d45d-9e6c-4013-9f42-b1d3fc880e3f</fieldentry></qti_metadatafield><qti_metadatafield><fieldlabel>qmd_displayid</fieldlabel><fieldentry>Sample Course-74272</fieldentry></qti_metadatafield></qtimetadata></itemmetadata><itemproc_extension><d2l_2p0:difficulty>3</d2l_2p0:difficulty><d2l_2p0:isbonus>no</d2l_2p0:isbonus><d2l_2p0:ismandatory>yes</d2l_2p0:ismandatory></itemproc_extension><presentation><flow><material><mattext texttype="text/html">&lt;p&gt;&lt;span style="font-family: 'Arial';"&gt;Please answer the following question based on the video.&lt;/span&gt;&lt;/p&gt;
&lt;p&gt;&lt;span style="font-family: 'Arial';"&gt;&lt;iframe src="https://www.youtube.com/embed/zZbl74obxlk?feature=oembed&amp;amp;wmode=opaque&amp;amp;rel=0" width="500" height="375" frameborder="0" allowfullscreen=""&gt;&lt;/iframe&gt;&lt;/span&gt;&lt;span style="font-family: 'Arial';"&gt;&lt;br /&gt;The rate of change of height with respect to volume is: &lt;/span&gt;&lt;/p&gt;</mattext></material><response_extension><d2l_2p0:display_style>2</d2l_2p0:display_style><d2l_2p0:enumeration>6</d2l_2p0:enumeration><d2l_2p0:grading_type>0</d2l_2p0:grading_type></response_extension><response_lid ident="QUES_42757073_42761186_LID" rcardinality="Single"><render_choice shuffle="no"><flow_label class="Block"><response_label ident="QUES_42757073_42761186_A130833843"><flow_mat><material><mattext texttype="text/html">&lt;span style="font-family:'Arial';"&gt;Constant&lt;/span&gt;</mattext></material></flow_mat></response_label></flow_label><flow_label class="Block"><response_label ident="QUES_42757073_42761186_A130833844"><flow_mat><material><mattext texttype="text/html">&lt;span style="font-family:'Arial';"&gt;Increasing&lt;/span&gt;</mattext></material></flow_mat></response_label></flow_label><flow_label class="Block"><response_label ident="QUES_42757073_42761186_A130833845"><flow_mat><material><mattext texttype="text/html">&lt;span style="font-family:'Arial';"&gt;Decreasing&lt;/span&gt;</mattext></material></flow_mat></response_label></flow_label><flow_label class="Block"><response_label ident="QUES_42757073_42761186_A130833846"><flow_mat><material><mattext texttype="text/html">&lt;span style="font-family:'Arial';"&gt;Both Increasing and Decreasing&lt;/span&gt;</mattext></material></flow_mat></response_label></flow_label><flow_label class="Block"><response_label ident="QUES_42757073_42761186_A130833847"><flow_mat><material><mattext texttype="text/html">&lt;span style="font-family:'Arial';"&gt;Other&lt;/span&gt;</mattext></material></flow_mat></response_label></flow_label></render_choice></response_lid></flow></presentation><resprocessing><respcondition title="Response Condition 1"><conditionvar><varequal respident="QUES_42757073_42761186_LID">QUES_42757073_42761186_A130833843</varequal></conditionvar><setvar action="Set">0.000000000</setvar><displayfeedback feedbacktype="Response" linkrefid="QUES_42757073_42761186_IF130833843" /></respcondition><respcondition title="Response Condition 2"><conditionvar><varequal respident="QUES_42757073_42761186_LID">QUES_42757073_42761186_A130833844</varequal></conditionvar><setvar action="Set">100.000000000</setvar><displayfeedback feedbacktype="Response" linkrefid="QUES_42757073_42761186_IF130833844" /></respcondition><respcondition title="Response Condition 3"><conditionvar><varequal respident="QUES_42757073_42761186_LID">QUES_42757073_42761186_A130833845</varequal></conditionvar><setvar action="Set">0.000000000</setvar><displayfeedback feedbacktype="Response" linkrefid="QUES_42757073_42761186_IF130833845" /></respcondition><respcondition title="Response Condition 4"><conditionvar><varequal respident="QUES_42757073_42761186_LID">QUES_42757073_42761186_A130833846</varequal></conditionvar><setvar action="Set">0.000000000</setvar><displayfeedback feedbacktype="Response" linkrefid="QUES_42757073_42761186_IF130833846" /></respcondition><respcondition title="Response Condition 5"><conditionvar><varequal respident="QUES_42757073_42761186_LID">QUES_42757073_42761186_A130833847</varequal></conditionvar><setvar action="Set">0.000000000</setvar><displayfeedback feedbacktype="Response" linkrefid="QUES_42757073_42761186_IF130833847" /></respcondition></resprocessing><itemfeedback ident="QUES_42757073_42761186_IF130833843"><material><mattext texttype="text/plain" /></material></itemfeedback><itemfeedback ident="QUES_42757073_42761186_IF130833844"><material><mattext texttype="text/plain" /></material></itemfeedback><itemfeedback ident="QUES_42757073_42761186_IF130833845"><material><mattext texttype="text/plain" /></material></itemfeedback><itemfeedback ident="QUES_42757073_42761186_IF130833846"><material><mattext texttype="text/plain" /></material></itemfeedback><itemfeedback ident="QUES_42757073_42761186_IF130833847"><material><mattext texttype="text/plain" /></material></itemfeedback></item></section></assessment></questestinterop>