﻿<?xml version="1.0" encoding="UTF-8"?><questestinterop xmlns:d2l_2p0="http://desire2learn.com/xsd/d2lcp_v2p0"><assessment d2l_2p0:id="437" title="Chain Rule Task" ident="res_quiz_122392" d2l_2p0:resource_code="ef9e56cc46d3486a98963923-117"><rubric><flow_mat><material><mattext d2l_2p0:isdisplayed="no" texttype="text/html" /></material></flow_mat></rubric><assessmentcontrol hintswitch="no" solutionswitch="yes" feedbackswitch="no" /><presentation_material><flow_mat><material label="page header"><mattext d2l_2p0:isdisplayed="no" texttype="text/html" /></material><material label="page footer"><mattext d2l_2p0:isdisplayed="no" texttype="text/html" /></material></flow_mat></presentation_material><assess_procextension><d2l_2p0:intro_message d2l_2p0:isdisplayed="yes" texttype="text/html">Respondus</d2l_2p0:intro_message><d2l_2p0:disable_right_click>no</d2l_2p0:disable_right_click><d2l_2p0:disable_pager_access>no</d2l_2p0:disable_pager_access><is_active>yes</is_active><d2l_2p0:date_start /><d2l_2p0:date_end /><d2l_2p0:date_due /><d2l_2p0:has_schedule_event>no</d2l_2p0:has_schedule_event><d2l_2p0:is_attempt_Rldb>no</d2l_2p0:is_attempt_Rldb><d2l_2p0:is_subview_Rldb>no</d2l_2p0:is_subview_Rldb><d2l_2p0:time_limit>120</d2l_2p0:time_limit><d2l_2p0:show_clock>yes</d2l_2p0:show_clock><d2l_2p0:enforce_time_limit>yes</d2l_2p0:enforce_time_limit><d2l_2p0:grace_period>5</d2l_2p0:grace_period><d2l_2p0:late_limit>0</d2l_2p0:late_limit><d2l_2p0:attempts_allowed>3</d2l_2p0:attempts_allowed><d2l_2p0:attempt_restrictions /><d2l_2p0:mark_calculation_type>1</d2l_2p0:mark_calculation_type><d2l_2p0:is_forward_only>no</d2l_2p0:is_forward_only></assess_procextension><assessfeedback title=""><rubric><flow_mat><material><mattext texttype="yes">Your quiz has been submitted successfully.</mattext></material></flow_mat></rubric><d2l_2p0:duration>0</d2l_2p0:duration><d2l_2p0:response_display_type_id>1</d2l_2p0:response_display_type_id><d2l_2p0:show_correct_answers>no</d2l_2p0:show_correct_answers><d2l_2p0:submission_restrictip>no</d2l_2p0:submission_restrictip><d2l_2p0:show_class_average>no</d2l_2p0:show_class_average><d2l_2p0:show_score_distribution>no</d2l_2p0:show_score_distribution></assessfeedback><section ident="CONTAINER_SECTION"><item ident="OBJ_1651135" label="QUES_42756942_42761023" d2l_2p0:page="1"><itemmetadata><qtimetadata><qti_metadatafield><fieldlabel>qmd_computerscored</fieldlabel><fieldentry>yes</fieldentry></qti_metadatafield><qti_metadatafield><fieldlabel>qmd_questiontype</fieldlabel><fieldentry>Multiple Choice</fieldentry></qti_metadatafield><qti_metadatafield><fieldlabel>qmd_weighting</fieldlabel><fieldentry>1.000000000</fieldentry></qti_metadatafield><qti_metadatafield><fieldlabel>qmd_globalid</fieldlabel><fieldentry>d6288b37-514d-44c0-a6c0-543594fdc398</fieldentry></qti_metadatafield><qti_metadatafield><fieldlabel>qmd_displayid</fieldlabel><fieldentry>Sample Course-74141</fieldentry></qti_metadatafield></qtimetadata></itemmetadata><itemproc_extension><d2l_2p0:difficulty>3</d2l_2p0:difficulty><d2l_2p0:isbonus>no</d2l_2p0:isbonus><d2l_2p0:ismandatory>yes</d2l_2p0:ismandatory></itemproc_extension><presentation><flow><material><mattext texttype="text/html">&lt;!--RsQ_001--&gt;&lt;p align="center"&gt;&lt;span style="font-family:'Arial';"&gt;A rock is thrown into a lake, creating a circular ripple that travels outward. As the ripple travels, it displaces sediment on the bottom of the pond. &lt;/span&gt;&lt;/p&gt;&lt;p align="center"&gt;&lt;span style="font-family:'Arial';"&gt;&amp;nbsp;&lt;/span&gt;&lt;/p&gt;&lt;p align="center"&gt;&lt;span style="font-family:'Arial';"&gt;&lt;i&gt;R(t)&lt;/i&gt;&lt;/span&gt;&lt;span style="font-family:'Arial';"&gt; is the radius of the ripple at &lt;/span&gt;&lt;span style="font-family:'Arial';"&gt;&lt;i&gt;t&lt;/i&gt;&lt;/span&gt;&lt;span style="font-family:'Arial';"&gt; seconds.&lt;/span&gt;&lt;/p&gt;&lt;p align="center"&gt;&lt;span style="font-family:'Arial';"&gt;&lt;i&gt;S(t)&lt;/i&gt;&lt;/span&gt;&lt;span style="font-family:'Arial';"&gt; is the volume of displaced sediment at &lt;/span&gt;&lt;span style="font-family:'Arial';"&gt;&lt;i&gt;t &lt;/i&gt;&lt;/span&gt;&lt;span style="font-family:'Arial';"&gt;seconds.&lt;/span&gt;&lt;/p&gt;&lt;p align="center"&gt;&lt;span style="font-family:'Arial';"&gt;The total displacement is given by &lt;/span&gt;&lt;span style="font-family:'Arial';"&gt;&lt;i&gt;D(t)&lt;/i&gt;&lt;/span&gt;&lt;span style="font-family:'Arial';"&gt; = &lt;/span&gt;&lt;span style="font-family:'Arial';"&gt;&lt;i&gt;S(R(t))&lt;/i&gt;&lt;/span&gt;&lt;span style="font-family:'Arial';"&gt;.&lt;/span&gt;&lt;/p&gt;&lt;p align="center"&gt;&lt;span style="font-family:'Arial';"&gt;&amp;nbsp;&lt;/span&gt;&lt;/p&gt;&lt;p align="center"&gt;&lt;span style="font-family:'Arial';"&gt;Determine the average rate of change of &lt;/span&gt;&lt;span style="font-family:'Arial';"&gt;&lt;i&gt;D(t)&lt;/i&gt;&lt;/span&gt;&lt;span style="font-family:'Arial';"&gt; with respect to &lt;/span&gt;&lt;span style="font-family:'Arial';"&gt;&lt;i&gt;t&lt;/i&gt;&lt;/span&gt;&lt;span style="font-family:'Arial';"&gt; between &lt;/span&gt;&lt;span style="font-family:'Arial';"&gt;&lt;i&gt;t&lt;/i&gt;&lt;/span&gt;&lt;span style="font-family:'Arial';"&gt; = 1 and &lt;/span&gt;&lt;span style="font-family:'Arial';"&gt;&lt;i&gt;t &lt;/i&gt;&lt;/span&gt;&lt;span style="font-family:'Arial';"&gt;= 3 using the data below. &lt;/span&gt;&lt;/p&gt;&lt;table cellspacing="0" cellpadding="0" cols="3"&gt;&lt;tr align="left" valign="top"&gt;&lt;td width="182"&gt;&lt;div align= "center"&gt;&lt;span style="font-family:'Arial';"&gt;&lt;i&gt;t&lt;/i&gt;&lt;/span&gt;&lt;/div&gt;&lt;/td&gt;&lt;td width="182"&gt;&lt;div align= "center"&gt;&lt;span style="font-family:'Arial';"&gt;&lt;i&gt;R(t)&lt;/i&gt;&lt;/span&gt;&lt;/div&gt;&lt;/td&gt;&lt;td width="182"&gt;&lt;div align= "center"&gt;&lt;span style="font-family:'Arial';"&gt;&lt;i&gt;S(t)&lt;/i&gt;&lt;/span&gt;&lt;/div&gt;&lt;/td&gt;&lt;/tr&gt;&lt;tr align="left" valign="top"&gt;&lt;td width="182"&gt;&lt;div align= "center"&gt;&lt;span style="font-family:'Arial';"&gt;1&lt;/span&gt;&lt;/div&gt;&lt;/td&gt;&lt;td width="182"&gt;&lt;div align= "center"&gt;&lt;span style="font-family:'Arial';"&gt;2&lt;/span&gt;&lt;/div&gt;&lt;/td&gt;&lt;td width="182"&gt;&lt;div align= "center"&gt;&lt;span style="font-family:'Arial';"&gt;5&lt;/span&gt;&lt;/div&gt;&lt;/td&gt;&lt;/tr&gt;&lt;tr align="left" valign="top"&gt;&lt;td width="182"&gt;&lt;div align= "center"&gt;&lt;span style="font-family:'Arial';"&gt;2&lt;/span&gt;&lt;/div&gt;&lt;/td&gt;&lt;td width="182"&gt;&lt;div align= "center"&gt;&lt;span style="font-family:'Arial';"&gt;4&lt;/span&gt;&lt;/div&gt;&lt;/td&gt;&lt;td width="182"&gt;&lt;div align= "center"&gt;&lt;span style="font-family:'Arial';"&gt;10&lt;/span&gt;&lt;/div&gt;&lt;/td&gt;&lt;/tr&gt;&lt;tr align="left" valign="top"&gt;&lt;td width="182"&gt;&lt;div align= "center"&gt;&lt;span style="font-family:'Arial';"&gt;3&lt;/span&gt;&lt;/div&gt;&lt;/td&gt;&lt;td width="182"&gt;&lt;div align= "center"&gt;&lt;span style="font-family:'Arial';"&gt;6&lt;/span&gt;&lt;/div&gt;&lt;/td&gt;&lt;td width="182"&gt;&lt;div align= "center"&gt;&lt;span style="font-family:'Arial';"&gt;15&lt;/span&gt;&lt;/div&gt;&lt;/td&gt;&lt;/tr&gt;&lt;tr align="left" valign="top"&gt;&lt;td width="182"&gt;&lt;div align= "center"&gt;&lt;span style="font-family:'Arial';"&gt;4&lt;/span&gt;&lt;/div&gt;&lt;/td&gt;&lt;td width="182"&gt;&lt;div align= "center"&gt;&lt;span style="font-family:'Arial';"&gt;8&lt;/span&gt;&lt;/div&gt;&lt;/td&gt;&lt;td width="182"&gt;&lt;div align= "center"&gt;&lt;span style="font-family:'Arial';"&gt;20&lt;/span&gt;&lt;/div&gt;&lt;/td&gt;&lt;/tr&gt;&lt;tr align="left" valign="top"&gt;&lt;td width="182"&gt;&lt;div align= "center"&gt;&lt;span style="font-family:'Arial';"&gt;5&lt;/span&gt;&lt;/div&gt;&lt;/td&gt;&lt;td width="182"&gt;&lt;div align= "center"&gt;&lt;span style="font-family:'Arial';"&gt;10&lt;/span&gt;&lt;/div&gt;&lt;/td&gt;&lt;td width="182"&gt;&lt;div align= "center"&gt;&lt;span style="font-family:'Arial';"&gt;25&lt;/span&gt;&lt;/div&gt;&lt;/td&gt;&lt;/tr&gt;&lt;tr align="left" valign="top"&gt;&lt;td width="182"&gt;&lt;div align= "center"&gt;&lt;span style="font-family:'Arial';"&gt;6&lt;/span&gt;&lt;/div&gt;&lt;/td&gt;&lt;td width="182"&gt;&lt;div align= "center"&gt;&lt;span style="font-family:'Arial';"&gt;12&lt;/span&gt;&lt;/div&gt;&lt;/td&gt;&lt;td width="182"&gt;&lt;div align= "center"&gt;&lt;span style="font-family:'Arial';"&gt;30&lt;/span&gt;&lt;/div&gt;&lt;/td&gt;&lt;/tr&gt;&lt;tr align="left" valign="top"&gt;&lt;td width="182"&gt;&lt;div align= "center"&gt;&lt;span style="font-family:'Arial';"&gt;7&lt;/span&gt;&lt;/div&gt;&lt;/td&gt;&lt;td width="182"&gt;&lt;div align= "center"&gt;&lt;span style="font-family:'Arial';"&gt;14&lt;/span&gt;&lt;/div&gt;&lt;/td&gt;&lt;td width="182"&gt;&lt;div align= "center"&gt;&lt;span style="font-family:'Arial';"&gt;35&lt;/span&gt;&lt;/div&gt;&lt;/td&gt;&lt;/tr&gt;&lt;tr align="left" valign="top"&gt;&lt;td width="182"&gt;&lt;div align= "center"&gt;&lt;span style="font-family:'Arial';"&gt;8&lt;/span&gt;&lt;/div&gt;&lt;/td&gt;&lt;td width="182"&gt;&lt;div align= "center"&gt;&lt;span style="font-family:'Arial';"&gt;16&lt;/span&gt;&lt;/div&gt;&lt;/td&gt;&lt;td width="182"&gt;&lt;div align= "center"&gt;&lt;span style="font-family:'Arial';"&gt;40&lt;/span&gt;&lt;/div&gt;&lt;/td&gt;&lt;/tr&gt;&lt;tr align="left" valign="top"&gt;&lt;td width="182"&gt;&lt;div align= "center"&gt;&lt;span style="font-family:'Arial';"&gt;9&lt;/span&gt;&lt;/div&gt;&lt;/td&gt;&lt;td width="182"&gt;&lt;div align= "center"&gt;&lt;span style="font-family:'Arial';"&gt;18&lt;/span&gt;&lt;/div&gt;&lt;/td&gt;&lt;td width="182"&gt;&lt;div align= "center"&gt;&lt;span style="font-family:'Arial';"&gt;45&lt;/span&gt;&lt;/div&gt;&lt;/td&gt;&lt;/tr&gt;&lt;tr align="left" valign="top"&gt;&lt;td width="182"&gt;&lt;div align= "center"&gt;&lt;span style="font-family:'Arial';"&gt;10&lt;/span&gt;&lt;/div&gt;&lt;/td&gt;&lt;td width="182"&gt;&lt;div align= "center"&gt;&lt;span style="font-family:'Arial';"&gt;20&lt;/span&gt;&lt;/div&gt;&lt;/td&gt;&lt;td width="182"&gt;&lt;div align= "center"&gt;&lt;span style="font-family:'Arial';"&gt;50&lt;/span&gt;&lt;/div&gt;&lt;/td&gt;&lt;/tr&gt;&lt;/table&gt;&lt;span style="font-family:'Arial';"&gt;&lt;br&gt;&amp;nbsp; &lt;/span&gt;</mattext></material><response_extension><d2l_2p0:display_style>2</d2l_2p0:display_style><d2l_2p0:enumeration>6</d2l_2p0:enumeration><d2l_2p0:grading_type>0</d2l_2p0:grading_type></response_extension><response_lid ident="QUES_42756942_42761023_LID" rcardinality="Single"><render_choice shuffle="no"><flow_label class="Block"><response_label ident="QUES_42756942_42761023_A130832922"><flow_mat><material><mattext texttype="text/html">&lt;span style="font-family:'Arial';"&gt;1.5&lt;/span&gt;</mattext></material></flow_mat></response_label></flow_label><flow_label class="Block"><response_label ident="QUES_42756942_42761023_A130832923"><flow_mat><material><mattext texttype="text/html">&lt;span style="font-family:'Arial';"&gt;3&lt;/span&gt;</mattext></material></flow_mat></response_label></flow_label><flow_label class="Block"><response_label ident="QUES_42756942_42761023_A130832924"><flow_mat><material><mattext texttype="text/html">&lt;span style="font-family:'Arial';"&gt;6&lt;/span&gt;</mattext></material></flow_mat></response_label></flow_label><flow_label class="Block"><response_label ident="QUES_42756942_42761023_A130832925"><flow_mat><material><mattext texttype="text/html">&lt;span style="font-family:'Arial';"&gt;10&lt;/span&gt;</mattext></material></flow_mat></response_label></flow_label><flow_label class="Block"><response_label ident="QUES_42756942_42761023_A130832926"><flow_mat><material><mattext texttype="text/html">&lt;span style="font-family:'Arial';"&gt;20&lt;/span&gt;</mattext></material></flow_mat></response_label></flow_label></render_choice></response_lid></flow></presentation><resprocessing><respcondition title="Response Condition 1"><conditionvar><varequal respident="QUES_42756942_42761023_LID">QUES_42756942_42761023_A130832922</varequal></conditionvar><setvar action="Set">0.000000000</setvar><displayfeedback feedbacktype="Response" linkrefid="QUES_42756942_42761023_IF130832922" /></respcondition><respcondition title="Response Condition 2"><conditionvar><varequal respident="QUES_42756942_42761023_LID">QUES_42756942_42761023_A130832923</varequal></conditionvar><setvar action="Set">0.000000000</setvar><displayfeedback feedbacktype="Response" linkrefid="QUES_42756942_42761023_IF130832923" /></respcondition><respcondition title="Response Condition 3"><conditionvar><varequal respident="QUES_42756942_42761023_LID">QUES_42756942_42761023_A130832924</varequal></conditionvar><setvar action="Set">0.000000000</setvar><displayfeedback feedbacktype="Response" linkrefid="QUES_42756942_42761023_IF130832924" /></respcondition><respcondition title="Response Condition 4"><conditionvar><varequal respident="QUES_42756942_42761023_LID">QUES_42756942_42761023_A130832925</varequal></conditionvar><setvar action="Set">0.000000000</setvar><displayfeedback feedbacktype="Response" linkrefid="QUES_42756942_42761023_IF130832925" /></respcondition><respcondition title="Response Condition 5"><conditionvar><varequal respident="QUES_42756942_42761023_LID">QUES_42756942_42761023_A130832926</varequal></conditionvar><setvar action="Set">100.000000000</setvar><displayfeedback feedbacktype="Response" linkrefid="QUES_42756942_42761023_IF130832926" /></respcondition></resprocessing><itemfeedback ident="QUES_42756942_42761023_IF130832922"><material><mattext texttype="text/plain" /></material></itemfeedback><itemfeedback ident="QUES_42756942_42761023_IF130832923"><material><mattext texttype="text/plain" /></material></itemfeedback><itemfeedback ident="QUES_42756942_42761023_IF130832924"><material><mattext texttype="text/plain" /></material></itemfeedback><itemfeedback ident="QUES_42756942_42761023_IF130832925"><material><mattext texttype="text/plain" /></material></itemfeedback><itemfeedback ident="QUES_42756942_42761023_IF130832926"><material><mattext texttype="text/plain" /></material></itemfeedback></item></section></assessment></questestinterop>