﻿<?xml version="1.0" encoding="UTF-8"?><questestinterop xmlns:d2l_2p0="http://desire2learn.com/xsd/d2lcp_v2p0"><assessment d2l_2p0:id="482" title="Limit at a Point PreVideo Questions" ident="res_quiz_122437" d2l_2p0:resource_code="ef9e56cc46d3486a98963923-162"><rubric><flow_mat><material><mattext d2l_2p0:isdisplayed="no" texttype="text/html" /></material></flow_mat></rubric><assessmentcontrol hintswitch="no" solutionswitch="yes" feedbackswitch="no" /><presentation_material><flow_mat><material label="page header"><mattext d2l_2p0:isdisplayed="no" texttype="text/html" /></material><material label="page footer"><mattext d2l_2p0:isdisplayed="no" texttype="text/html" /></material></flow_mat></presentation_material><assess_procextension><d2l_2p0:intro_message d2l_2p0:isdisplayed="yes" texttype="text/html">Respondus</d2l_2p0:intro_message><d2l_2p0:disable_right_click>no</d2l_2p0:disable_right_click><d2l_2p0:disable_pager_access>no</d2l_2p0:disable_pager_access><is_active>yes</is_active><d2l_2p0:date_start /><d2l_2p0:date_end /><d2l_2p0:date_due /><d2l_2p0:has_schedule_event>no</d2l_2p0:has_schedule_event><d2l_2p0:is_attempt_Rldb>no</d2l_2p0:is_attempt_Rldb><d2l_2p0:is_subview_Rldb>no</d2l_2p0:is_subview_Rldb><d2l_2p0:time_limit>120</d2l_2p0:time_limit><d2l_2p0:show_clock>yes</d2l_2p0:show_clock><d2l_2p0:enforce_time_limit>yes</d2l_2p0:enforce_time_limit><d2l_2p0:grace_period>5</d2l_2p0:grace_period><d2l_2p0:late_limit>0</d2l_2p0:late_limit><d2l_2p0:attempts_allowed>3</d2l_2p0:attempts_allowed><d2l_2p0:attempt_restrictions /><d2l_2p0:mark_calculation_type>1</d2l_2p0:mark_calculation_type><d2l_2p0:is_forward_only>no</d2l_2p0:is_forward_only></assess_procextension><assessfeedback title=""><rubric><flow_mat><material><mattext texttype="yes">Your quiz has been submitted successfully.</mattext></material></flow_mat></rubric><d2l_2p0:duration>0</d2l_2p0:duration><d2l_2p0:response_display_type_id>1</d2l_2p0:response_display_type_id><d2l_2p0:show_correct_answers>no</d2l_2p0:show_correct_answers><d2l_2p0:submission_restrictip>no</d2l_2p0:submission_restrictip><d2l_2p0:show_class_average>no</d2l_2p0:show_class_average><d2l_2p0:show_score_distribution>no</d2l_2p0:show_score_distribution></assessfeedback><section ident="CONTAINER_SECTION"><item ident="OBJ_1651259" label="QUES_42757066_42761147" d2l_2p0:page="1"><itemmetadata><qtimetadata><qti_metadatafield><fieldlabel>qmd_computerscored</fieldlabel><fieldentry>yes</fieldentry></qti_metadatafield><qti_metadatafield><fieldlabel>qmd_questiontype</fieldlabel><fieldentry>Multiple Choice</fieldentry></qti_metadatafield><qti_metadatafield><fieldlabel>qmd_weighting</fieldlabel><fieldentry>1.000000000</fieldentry></qti_metadatafield><qti_metadatafield><fieldlabel>qmd_globalid</fieldlabel><fieldentry>6a2b1134-81c3-4608-a692-92d6718fbd0e</fieldentry></qti_metadatafield><qti_metadatafield><fieldlabel>qmd_displayid</fieldlabel><fieldentry>Sample Course-74265</fieldentry></qti_metadatafield></qtimetadata></itemmetadata><itemproc_extension><d2l_2p0:difficulty>3</d2l_2p0:difficulty><d2l_2p0:isbonus>no</d2l_2p0:isbonus><d2l_2p0:ismandatory>yes</d2l_2p0:ismandatory></itemproc_extension><presentation><flow><material><mattext texttype="text/html">&lt;!--RsQ_001--&gt;&lt;span style="font-family:'Arial';"&gt;Suppose &lt;/span&gt;&lt;span style="font-family:'Arial'; color:#000000;"&gt;&lt;IMG src="ppg/respondus/Limit_at_a_Point_Pre/eq_22f11e.gif" alt="equation" border=0 align="absmiddle"&gt;&lt;/span&gt;&lt;span style="font-family:'Arial';"&gt; is a strictly decreasing function. This means that as &lt;/span&gt;&lt;span style="font-family:'Arial'; color:#000000;"&gt;&lt;IMG src="ppg/respondus/Limit_at_a_Point_Pre/eq_22f12a.gif" alt="equation" border=0 align="absmiddle"&gt;&lt;/span&gt;&lt;span style="font-family:'Arial';"&gt; increases, the values of &lt;/span&gt;&lt;span style="font-family:'Arial'; color:#000000;"&gt;&lt;IMG src="ppg/respondus/Limit_at_a_Point_Pre/eq_22f133.gif" alt="equation" border=0 align="absmiddle"&gt;&lt;/span&gt;&lt;span style="font-family:'Arial';"&gt; decrease. The table below shows several values of &lt;/span&gt;&lt;span style="font-family:'Arial'; color:#000000;"&gt;&lt;IMG src="ppg/respondus/Limit_at_a_Point_Pre/eq_22f144.gif" alt="equation" border=0 align="absmiddle"&gt;&lt;/span&gt;&lt;span style="font-family:'Arial';"&gt;.&lt;br&gt;&lt;/span&gt;&lt;span style="font-family:'Arial'; color:#000000;"&gt;&lt;IMG src="ppg/respondus/Limit_at_a_Point_Pre/capture.png" alt="image" align="bottom" border=0&gt;&lt;/span&gt;&lt;span style="font-family:'Arial';"&gt;&lt;br&gt;Using values from the table only, what would be the most accurate overestimate for &lt;/span&gt;&lt;span style="font-family:'Arial'; color:#000000;"&gt;&lt;IMG src="ppg/respondus/Limit_at_a_Point_Pre/eq_22f23b.gif" alt="equation" border=0 align="absmiddle"&gt;&lt;/span&gt;&lt;span style="font-family:'Arial';"&gt;? &lt;/span&gt;</mattext></material><response_extension><d2l_2p0:display_style>2</d2l_2p0:display_style><d2l_2p0:enumeration>6</d2l_2p0:enumeration><d2l_2p0:grading_type>0</d2l_2p0:grading_type></response_extension><response_lid ident="QUES_42757066_42761147_LID" rcardinality="Single"><render_choice shuffle="no"><flow_label class="Block"><response_label ident="QUES_42757066_42761147_A130833643"><flow_mat><material><mattext texttype="text/html">&lt;span style="font-family:'Arial';"&gt;1&lt;/span&gt;</mattext></material></flow_mat></response_label></flow_label><flow_label class="Block"><response_label ident="QUES_42757066_42761147_A130833644"><flow_mat><material><mattext texttype="text/html">&lt;span style="font-family:'Arial';"&gt;15.5&lt;/span&gt;</mattext></material></flow_mat></response_label></flow_label><flow_label class="Block"><response_label ident="QUES_42757066_42761147_A130833645"><flow_mat><material><mattext texttype="text/html">&lt;span style="font-family:'Arial';"&gt;2&lt;/span&gt;</mattext></material></flow_mat></response_label></flow_label><flow_label class="Block"><response_label ident="QUES_42757066_42761147_A130833646"><flow_mat><material><mattext texttype="text/html">&lt;span style="font-family:'Arial';"&gt;12.9&lt;/span&gt;</mattext></material></flow_mat></response_label></flow_label><flow_label class="Block"><response_label ident="QUES_42757066_42761147_A130833647"><flow_mat><material><mattext texttype="text/html">&lt;span style="font-family:'Arial';"&gt;3&lt;/span&gt;</mattext></material></flow_mat></response_label></flow_label><flow_label class="Block"><response_label ident="QUES_42757066_42761147_A130833648"><flow_mat><material><mattext texttype="text/html">&lt;span style="font-family:'Arial';"&gt;Undefined&lt;/span&gt;</mattext></material></flow_mat></response_label></flow_label><flow_label class="Block"><response_label ident="QUES_42757066_42761147_A130833649"><flow_mat><material><mattext texttype="text/html">&lt;span style="font-family:'Arial';"&gt;4&lt;/span&gt;</mattext></material></flow_mat></response_label></flow_label><flow_label class="Block"><response_label ident="QUES_42757066_42761147_A130833650"><flow_mat><material><mattext texttype="text/html">&lt;span style="font-family:'Arial';"&gt;11.7&lt;/span&gt;</mattext></material></flow_mat></response_label></flow_label><flow_label class="Block"><response_label ident="QUES_42757066_42761147_A130833651"><flow_mat><material><mattext texttype="text/html">&lt;span style="font-family:'Arial';"&gt;5&lt;/span&gt;</mattext></material></flow_mat></response_label></flow_label><flow_label class="Block"><response_label ident="QUES_42757066_42761147_A130833652"><flow_mat><material><mattext texttype="text/html">&lt;span style="font-family:'Arial';"&gt;9.2&lt;/span&gt;</mattext></material></flow_mat></response_label></flow_label><flow_label class="Block"><response_label ident="QUES_42757066_42761147_A130833653"><flow_mat><material><mattext texttype="text/html">&lt;span style="font-family:'Arial';"&gt;You need more information to determine the most accurate overestimate.&lt;/span&gt;</mattext></material></flow_mat></response_label></flow_label></render_choice></response_lid></flow></presentation><resprocessing><respcondition title="Response Condition 1"><conditionvar><varequal respident="QUES_42757066_42761147_LID">QUES_42757066_42761147_A130833643</varequal></conditionvar><setvar action="Set">0.000000000</setvar><displayfeedback feedbacktype="Response" linkrefid="QUES_42757066_42761147_IF130833643" /></respcondition><respcondition title="Response Condition 2"><conditionvar><varequal respident="QUES_42757066_42761147_LID">QUES_42757066_42761147_A130833644</varequal></conditionvar><setvar action="Set">0.000000000</setvar><displayfeedback feedbacktype="Response" linkrefid="QUES_42757066_42761147_IF130833644" /></respcondition><respcondition title="Response Condition 3"><conditionvar><varequal respident="QUES_42757066_42761147_LID">QUES_42757066_42761147_A130833645</varequal></conditionvar><setvar action="Set">0.000000000</setvar><displayfeedback feedbacktype="Response" linkrefid="QUES_42757066_42761147_IF130833645" /></respcondition><respcondition title="Response Condition 4"><conditionvar><varequal respident="QUES_42757066_42761147_LID">QUES_42757066_42761147_A130833646</varequal></conditionvar><setvar action="Set">100.000000000</setvar><displayfeedback feedbacktype="Response" linkrefid="QUES_42757066_42761147_IF130833646" /></respcondition><respcondition title="Response Condition 5"><conditionvar><varequal respident="QUES_42757066_42761147_LID">QUES_42757066_42761147_A130833647</varequal></conditionvar><setvar action="Set">0.000000000</setvar><displayfeedback feedbacktype="Response" linkrefid="QUES_42757066_42761147_IF130833647" /></respcondition><respcondition title="Response Condition 6"><conditionvar><varequal respident="QUES_42757066_42761147_LID">QUES_42757066_42761147_A130833648</varequal></conditionvar><setvar action="Set">0.000000000</setvar><displayfeedback feedbacktype="Response" linkrefid="QUES_42757066_42761147_IF130833648" /></respcondition><respcondition title="Response Condition 7"><conditionvar><varequal respident="QUES_42757066_42761147_LID">QUES_42757066_42761147_A130833649</varequal></conditionvar><setvar action="Set">0.000000000</setvar><displayfeedback feedbacktype="Response" linkrefid="QUES_42757066_42761147_IF130833649" /></respcondition><respcondition title="Response Condition 8"><conditionvar><varequal respident="QUES_42757066_42761147_LID">QUES_42757066_42761147_A130833650</varequal></conditionvar><setvar action="Set">0.000000000</setvar><displayfeedback feedbacktype="Response" linkrefid="QUES_42757066_42761147_IF130833650" /></respcondition><respcondition title="Response Condition 9"><conditionvar><varequal respident="QUES_42757066_42761147_LID">QUES_42757066_42761147_A130833651</varequal></conditionvar><setvar action="Set">0.000000000</setvar><displayfeedback feedbacktype="Response" linkrefid="QUES_42757066_42761147_IF130833651" /></respcondition><respcondition title="Response Condition 10"><conditionvar><varequal respident="QUES_42757066_42761147_LID">QUES_42757066_42761147_A130833652</varequal></conditionvar><setvar action="Set">0.000000000</setvar><displayfeedback feedbacktype="Response" linkrefid="QUES_42757066_42761147_IF130833652" /></respcondition><respcondition title="Response Condition 11"><conditionvar><varequal respident="QUES_42757066_42761147_LID">QUES_42757066_42761147_A130833653</varequal></conditionvar><setvar action="Set">0.000000000</setvar><displayfeedback feedbacktype="Response" linkrefid="QUES_42757066_42761147_IF130833653" /></respcondition></resprocessing><itemfeedback ident="QUES_42757066_42761147_IF130833643"><material><mattext texttype="text/plain" /></material></itemfeedback><itemfeedback ident="QUES_42757066_42761147_IF130833644"><material><mattext texttype="text/plain" /></material></itemfeedback><itemfeedback ident="QUES_42757066_42761147_IF130833645"><material><mattext texttype="text/plain" /></material></itemfeedback><itemfeedback ident="QUES_42757066_42761147_IF130833646"><material><mattext texttype="text/plain" /></material></itemfeedback><itemfeedback ident="QUES_42757066_42761147_IF130833647"><material><mattext texttype="text/plain" /></material></itemfeedback><itemfeedback ident="QUES_42757066_42761147_IF130833648"><material><mattext texttype="text/plain" /></material></itemfeedback><itemfeedback ident="QUES_42757066_42761147_IF130833649"><material><mattext texttype="text/plain" /></material></itemfeedback><itemfeedback ident="QUES_42757066_42761147_IF130833650"><material><mattext texttype="text/plain" /></material></itemfeedback><itemfeedback ident="QUES_42757066_42761147_IF130833651"><material><mattext texttype="text/plain" /></material></itemfeedback><itemfeedback ident="QUES_42757066_42761147_IF130833652"><material><mattext texttype="text/plain" /></material></itemfeedback><itemfeedback ident="QUES_42757066_42761147_IF130833653"><material><mattext texttype="text/plain" /></material></itemfeedback></item><item ident="OBJ_1651260" label="QUES_42757067_42761148" d2l_2p0:page="1"><itemmetadata><qtimetadata><qti_metadatafield><fieldlabel>qmd_computerscored</fieldlabel><fieldentry>yes</fieldentry></qti_metadatafield><qti_metadatafield><fieldlabel>qmd_questiontype</fieldlabel><fieldentry>Multiple Choice</fieldentry></qti_metadatafield><qti_metadatafield><fieldlabel>qmd_weighting</fieldlabel><fieldentry>1.000000000</fieldentry></qti_metadatafield><qti_metadatafield><fieldlabel>qmd_globalid</fieldlabel><fieldentry>b5e14582-01ee-4953-892a-64f03629e33d</fieldentry></qti_metadatafield><qti_metadatafield><fieldlabel>qmd_displayid</fieldlabel><fieldentry>Sample Course-74266</fieldentry></qti_metadatafield></qtimetadata></itemmetadata><itemproc_extension><d2l_2p0:difficulty>3</d2l_2p0:difficulty><d2l_2p0:isbonus>no</d2l_2p0:isbonus><d2l_2p0:ismandatory>yes</d2l_2p0:ismandatory></itemproc_extension><presentation><flow><material><mattext texttype="text/html">&lt;!--RsQ_002--&gt;&lt;span style="font-family:'Arial';"&gt;Suppose &lt;/span&gt;&lt;span style="font-family:'Arial'; color:#000000;"&gt;&lt;IMG src="ppg/respondus/Limit_at_a_Point_Pre/eq_22f11ea.gif" alt="equation" border=0 align="absmiddle"&gt;&lt;/span&gt;&lt;span style="font-family:'Arial';"&gt; is a strictly decreasing function. This means that as &lt;/span&gt;&lt;span style="font-family:'Arial'; color:#000000;"&gt;&lt;IMG src="ppg/respondus/Limit_at_a_Point_Pre/eq_22f12aa.gif" alt="equation" border=0 align="absmiddle"&gt;&lt;/span&gt;&lt;span style="font-family:'Arial';"&gt; increases, the values of &lt;/span&gt;&lt;span style="font-family:'Arial'; color:#000000;"&gt;&lt;IMG src="ppg/respondus/Limit_at_a_Point_Pre/eq_22f133a.gif" alt="equation" border=0 align="absmiddle"&gt;&lt;/span&gt;&lt;span style="font-family:'Arial';"&gt; decrease. The table below shows several values of &lt;/span&gt;&lt;span style="font-family:'Arial'; color:#000000;"&gt;&lt;IMG src="ppg/respondus/Limit_at_a_Point_Pre/eq_22f144a.gif" alt="equation" border=0 align="absmiddle"&gt;&lt;/span&gt;&lt;span style="font-family:'Arial';"&gt;.&lt;br&gt;&lt;/span&gt;&lt;span style="font-family:'Arial'; color:#000000;"&gt;&lt;IMG src="ppg/respondus/Limit_at_a_Point_Pre/capture.png" alt="image" align="bottom" border=0&gt;&lt;/span&gt;&lt;span style="font-family:'Arial';"&gt;&lt;br&gt;if you use &lt;/span&gt;&lt;span style="font-family:'Arial'; color:#000000;"&gt;&lt;IMG src="ppg/respondus/Limit_at_a_Point_Pre/eq_22f306.gif" alt="equation" border=0 align="absmiddle"&gt;&lt;/span&gt;&lt;span style="font-family:'Arial';"&gt;to approximate &lt;/span&gt;&lt;span style="font-family:'Arial'; color:#000000;"&gt;&lt;IMG src="ppg/respondus/Limit_at_a_Point_Pre/eq_22f23ba.gif" alt="equation" border=0 align="absmiddle"&gt;&lt;/span&gt;&lt;span style="font-family:'Arial';"&gt;, how large could the error be using this approximation? &lt;/span&gt;</mattext></material><response_extension><d2l_2p0:display_style>2</d2l_2p0:display_style><d2l_2p0:enumeration>6</d2l_2p0:enumeration><d2l_2p0:grading_type>0</d2l_2p0:grading_type></response_extension><response_lid ident="QUES_42757067_42761148_LID" rcardinality="Single"><render_choice shuffle="no"><flow_label class="Block"><response_label ident="QUES_42757067_42761148_A130833654"><flow_mat><material><mattext texttype="text/html">&lt;span style="font-family:'Arial';"&gt;2&lt;/span&gt;</mattext></material></flow_mat></response_label></flow_label><flow_label class="Block"><response_label ident="QUES_42757067_42761148_A130833655"><flow_mat><material><mattext texttype="text/html">&lt;span style="font-family:'Arial';"&gt;4&lt;/span&gt;</mattext></material></flow_mat></response_label></flow_label><flow_label class="Block"><response_label ident="QUES_42757067_42761148_A130833656"><flow_mat><material><mattext texttype="text/html">&lt;span style="font-family:'Arial';"&gt;11.7 &lt;/span&gt;</mattext></material></flow_mat></response_label></flow_label><flow_label class="Block"><response_label ident="QUES_42757067_42761148_A130833657"><flow_mat><material><mattext texttype="text/html">&lt;span style="font-family:'Arial';"&gt;12.9-11.7 &lt;/span&gt;</mattext></material></flow_mat></response_label></flow_label><flow_label class="Block"><response_label ident="QUES_42757067_42761148_A130833658"><flow_mat><material><mattext texttype="text/html">&lt;span style="font-family:'Arial';"&gt;&lt;IMG src="ppg/respondus/Limit_at_a_Point_Pre/eq_22f331.gif" alt="equation" border=0 align="absmiddle"&gt;&lt;/span&gt;&lt;span style="font-family:'Arial';"&gt; &lt;/span&gt;</mattext></material></flow_mat></response_label></flow_label><flow_label class="Block"><response_label ident="QUES_42757067_42761148_A130833659"><flow_mat><material><mattext texttype="text/html">&lt;span style="font-family:'Arial';"&gt;Cannot be sure without more information&lt;/span&gt;</mattext></material></flow_mat></response_label></flow_label></render_choice></response_lid></flow></presentation><resprocessing><respcondition title="Response Condition 1"><conditionvar><varequal respident="QUES_42757067_42761148_LID">QUES_42757067_42761148_A130833654</varequal></conditionvar><setvar action="Set">0.000000000</setvar><displayfeedback feedbacktype="Response" linkrefid="QUES_42757067_42761148_IF130833654" /></respcondition><respcondition title="Response Condition 2"><conditionvar><varequal respident="QUES_42757067_42761148_LID">QUES_42757067_42761148_A130833655</varequal></conditionvar><setvar action="Set">0.000000000</setvar><displayfeedback feedbacktype="Response" linkrefid="QUES_42757067_42761148_IF130833655" /></respcondition><respcondition title="Response Condition 3"><conditionvar><varequal respident="QUES_42757067_42761148_LID">QUES_42757067_42761148_A130833656</varequal></conditionvar><setvar action="Set">0.000000000</setvar><displayfeedback feedbacktype="Response" linkrefid="QUES_42757067_42761148_IF130833656" /></respcondition><respcondition title="Response Condition 4"><conditionvar><varequal respident="QUES_42757067_42761148_LID">QUES_42757067_42761148_A130833657</varequal></conditionvar><setvar action="Set">100.000000000</setvar><displayfeedback feedbacktype="Response" linkrefid="QUES_42757067_42761148_IF130833657" /></respcondition><respcondition title="Response Condition 5"><conditionvar><varequal respident="QUES_42757067_42761148_LID">QUES_42757067_42761148_A130833658</varequal></conditionvar><setvar action="Set">0.000000000</setvar><displayfeedback feedbacktype="Response" linkrefid="QUES_42757067_42761148_IF130833658" /></respcondition><respcondition title="Response Condition 6"><conditionvar><varequal respident="QUES_42757067_42761148_LID">QUES_42757067_42761148_A130833659</varequal></conditionvar><setvar action="Set">0.000000000</setvar><displayfeedback feedbacktype="Response" linkrefid="QUES_42757067_42761148_IF130833659" /></respcondition></resprocessing><itemfeedback ident="QUES_42757067_42761148_IF130833654"><material><mattext texttype="text/plain" /></material></itemfeedback><itemfeedback ident="QUES_42757067_42761148_IF130833655"><material><mattext texttype="text/plain" /></material></itemfeedback><itemfeedback ident="QUES_42757067_42761148_IF130833656"><material><mattext texttype="text/plain" /></material></itemfeedback><itemfeedback ident="QUES_42757067_42761148_IF130833657"><material><mattext texttype="text/plain" /></material></itemfeedback><itemfeedback ident="QUES_42757067_42761148_IF130833658"><material><mattext texttype="text/plain" /></material></itemfeedback><itemfeedback ident="QUES_42757067_42761148_IF130833659"><material><mattext texttype="text/plain" /></material></itemfeedback></item><item ident="OBJ_1651261" label="QUES_42757068_42761149" d2l_2p0:page="1"><itemmetadata><qtimetadata><qti_metadatafield><fieldlabel>qmd_computerscored</fieldlabel><fieldentry>yes</fieldentry></qti_metadatafield><qti_metadatafield><fieldlabel>qmd_questiontype</fieldlabel><fieldentry>Multiple Choice</fieldentry></qti_metadatafield><qti_metadatafield><fieldlabel>qmd_weighting</fieldlabel><fieldentry>1.000000000</fieldentry></qti_metadatafield><qti_metadatafield><fieldlabel>qmd_globalid</fieldlabel><fieldentry>1dd4290f-d790-447b-9c14-3c9178bfdf73</fieldentry></qti_metadatafield><qti_metadatafield><fieldlabel>qmd_displayid</fieldlabel><fieldentry>Sample Course-74267</fieldentry></qti_metadatafield></qtimetadata></itemmetadata><itemproc_extension><d2l_2p0:difficulty>3</d2l_2p0:difficulty><d2l_2p0:isbonus>no</d2l_2p0:isbonus><d2l_2p0:ismandatory>yes</d2l_2p0:ismandatory></itemproc_extension><presentation><flow><material><mattext texttype="text/html">&lt;!--RsQ_003--&gt;&lt;span style="font-family:'Arial';"&gt;For which of the following does &lt;/span&gt;&lt;span style="font-family:'Arial'; color:#000000;"&gt;&lt;IMG src="ppg/respondus/Limit_at_a_Point_Pre/eq_22f382.gif" alt="equation" border=0 align="absmiddle"&gt;&lt;/span&gt;&lt;span style="font-family:'Arial';"&gt; exist?&lt;br&gt;I&lt;br&gt;&lt;/span&gt;&lt;span style="font-family:'Arial'; color:#000000;"&gt;&lt;IMG src="ppg/respondus/Limit_at_a_Point_Pre/1.png" alt="image" align="bottom" border=0&gt;&lt;/span&gt;&lt;span style="font-family:'Arial';"&gt;&lt;br&gt;II&lt;br&gt;&lt;/span&gt;&lt;span style="font-family:'Arial'; color:#000000;"&gt;&lt;IMG src="ppg/respondus/Limit_at_a_Point_Pre/2.png" alt="image" align="bottom" border=0&gt;&lt;/span&gt;&lt;span style="font-family:'Arial';"&gt;&lt;br&gt;III&lt;br&gt;&lt;/span&gt;&lt;span style="font-family:'Arial'; color:#000000;"&gt;&lt;IMG src="ppg/respondus/Limit_at_a_Point_Pre/3.png" alt="image" align="bottom" border=0&gt;&lt;/span&gt;&lt;span style="font-family:'Arial';"&gt;&lt;br&gt;IV&lt;br&gt;&lt;/span&gt;&lt;span style="font-family:'Arial'; color:#000000;"&gt;&lt;IMG src="ppg/respondus/Limit_at_a_Point_Pre/4.png" alt="image" align="bottom" border=0&gt;&lt;/span&gt;&lt;span style="font-family:'Arial';"&gt; &lt;/span&gt;</mattext></material><response_extension><d2l_2p0:display_style>2</d2l_2p0:display_style><d2l_2p0:enumeration>6</d2l_2p0:enumeration><d2l_2p0:grading_type>0</d2l_2p0:grading_type></response_extension><response_lid ident="QUES_42757068_42761149_LID" rcardinality="Single"><render_choice shuffle="no"><flow_label class="Block"><response_label ident="QUES_42757068_42761149_A130833660"><flow_mat><material><mattext texttype="text/html">&lt;span style="font-family:'Arial';"&gt;IV only&lt;/span&gt;</mattext></material></flow_mat></response_label></flow_label><flow_label class="Block"><response_label ident="QUES_42757068_42761149_A130833661"><flow_mat><material><mattext texttype="text/html">&lt;span style="font-family:'Arial';"&gt;III and IV only&lt;/span&gt;</mattext></material></flow_mat></response_label></flow_label><flow_label class="Block"><response_label ident="QUES_42757068_42761149_A130833662"><flow_mat><material><mattext texttype="text/html">&lt;span style="font-family:'Arial';"&gt;II, III, and IV only&lt;/span&gt;</mattext></material></flow_mat></response_label></flow_label><flow_label class="Block"><response_label ident="QUES_42757068_42761149_A130833663"><flow_mat><material><mattext texttype="text/html">&lt;span style="font-family:'Arial';"&gt;I, II, III, and IV&lt;/span&gt;</mattext></material></flow_mat></response_label></flow_label><flow_label class="Block"><response_label ident="QUES_42757068_42761149_A130833664"><flow_mat><material><mattext texttype="text/html">&lt;span style="font-family:'Arial';"&gt;None of these&lt;/span&gt;</mattext></material></flow_mat></response_label></flow_label></render_choice></response_lid></flow></presentation><resprocessing><respcondition title="Response Condition 1"><conditionvar><varequal respident="QUES_42757068_42761149_LID">QUES_42757068_42761149_A130833660</varequal></conditionvar><setvar action="Set">0.000000000</setvar><displayfeedback feedbacktype="Response" linkrefid="QUES_42757068_42761149_IF130833660" /></respcondition><respcondition title="Response Condition 2"><conditionvar><varequal respident="QUES_42757068_42761149_LID">QUES_42757068_42761149_A130833661</varequal></conditionvar><setvar action="Set">100.000000000</setvar><displayfeedback feedbacktype="Response" linkrefid="QUES_42757068_42761149_IF130833661" /></respcondition><respcondition title="Response Condition 3"><conditionvar><varequal respident="QUES_42757068_42761149_LID">QUES_42757068_42761149_A130833662</varequal></conditionvar><setvar action="Set">0.000000000</setvar><displayfeedback feedbacktype="Response" linkrefid="QUES_42757068_42761149_IF130833662" /></respcondition><respcondition title="Response Condition 4"><conditionvar><varequal respident="QUES_42757068_42761149_LID">QUES_42757068_42761149_A130833663</varequal></conditionvar><setvar action="Set">0.000000000</setvar><displayfeedback feedbacktype="Response" linkrefid="QUES_42757068_42761149_IF130833663" /></respcondition><respcondition title="Response Condition 5"><conditionvar><varequal respident="QUES_42757068_42761149_LID">QUES_42757068_42761149_A130833664</varequal></conditionvar><setvar action="Set">0.000000000</setvar><displayfeedback feedbacktype="Response" linkrefid="QUES_42757068_42761149_IF130833664" /></respcondition></resprocessing><itemfeedback ident="QUES_42757068_42761149_IF130833660"><material><mattext texttype="text/plain" /></material></itemfeedback><itemfeedback ident="QUES_42757068_42761149_IF130833661"><material><mattext texttype="text/plain" /></material></itemfeedback><itemfeedback ident="QUES_42757068_42761149_IF130833662"><material><mattext texttype="text/plain" /></material></itemfeedback><itemfeedback ident="QUES_42757068_42761149_IF130833663"><material><mattext texttype="text/plain" /></material></itemfeedback><itemfeedback ident="QUES_42757068_42761149_IF130833664"><material><mattext texttype="text/plain" /></material></itemfeedback></item><item ident="OBJ_1651262" label="QUES_42757069_42761150" d2l_2p0:page="1"><itemmetadata><qtimetadata><qti_metadatafield><fieldlabel>qmd_computerscored</fieldlabel><fieldentry>yes</fieldentry></qti_metadatafield><qti_metadatafield><fieldlabel>qmd_questiontype</fieldlabel><fieldentry>Multiple Choice</fieldentry></qti_metadatafield><qti_metadatafield><fieldlabel>qmd_weighting</fieldlabel><fieldentry>1.000000000</fieldentry></qti_metadatafield><qti_metadatafield><fieldlabel>qmd_globalid</fieldlabel><fieldentry>e7c06365-56aa-42eb-9aa9-d3833027c032</fieldentry></qti_metadatafield><qti_metadatafield><fieldlabel>qmd_displayid</fieldlabel><fieldentry>Sample Course-74268</fieldentry></qti_metadatafield></qtimetadata></itemmetadata><itemproc_extension><d2l_2p0:difficulty>3</d2l_2p0:difficulty><d2l_2p0:isbonus>no</d2l_2p0:isbonus><d2l_2p0:ismandatory>yes</d2l_2p0:ismandatory></itemproc_extension><presentation><flow><material><mattext texttype="text/html">&lt;!--RsQ_004--&gt;&lt;span style="font-family:'Arial';"&gt;Which of the following most accurately represents the meaning of &lt;/span&gt;&lt;span style="font-family:'Arial'; color:#000000;"&gt;&lt;IMG src="ppg/respondus/Limit_at_a_Point_Pre/eq_22f409.gif" alt="equation" border=0 align="absmiddle"&gt;&lt;/span&gt;&lt;span style="font-family:'Arial';"&gt;? &lt;/span&gt;</mattext></material><response_extension><d2l_2p0:display_style>2</d2l_2p0:display_style><d2l_2p0:enumeration>6</d2l_2p0:enumeration><d2l_2p0:grading_type>0</d2l_2p0:grading_type></response_extension><response_lid ident="QUES_42757069_42761150_LID" rcardinality="Single"><render_choice shuffle="no"><flow_label class="Block"><response_label ident="QUES_42757069_42761150_A130833665"><flow_mat><material><mattext texttype="text/html">&lt;span style="font-family:'Arial';"&gt;L is equal to &lt;/span&gt;&lt;span style="font-family:'Arial';"&gt;&lt;IMG src="ppg/respondus/Limit_at_a_Point_Pre/eq_22f41a.gif" alt="equation" border=0 align="absmiddle"&gt;&lt;/span&gt;</mattext></material></flow_mat></response_label></flow_label><flow_label class="Block"><response_label ident="QUES_42757069_42761150_A130833666"><flow_mat><material><mattext texttype="text/html">&lt;span style="font-family:'Arial'; color:#000000;"&gt;&lt;IMG src="ppg/respondus/Limit_at_a_Point_Pre/eq_22f421.gif" alt="equation" border=0 align="absmiddle"&gt;&lt;/span&gt;&lt;span style="font-family:'Arial';"&gt; gets close to L but never equals L&lt;/span&gt;</mattext></material></flow_mat></response_label></flow_label><flow_label class="Block"><response_label ident="QUES_42757069_42761150_A130833667"><flow_mat><material><mattext texttype="text/html">&lt;span style="font-family:'Arial';"&gt;The process of getting closer and closer to L &lt;/span&gt;</mattext></material></flow_mat></response_label></flow_label><flow_label class="Block"><response_label ident="QUES_42757069_42761150_A130833668"><flow_mat><material><mattext texttype="text/html">&lt;span style="font-family:'Arial'; color:#000000;"&gt;&lt;IMG src="ppg/respondus/Limit_at_a_Point_Pre/eq_22f437.gif" alt="equation" border=0 align="absmiddle"&gt;&lt;/span&gt;&lt;span style="font-family:'Arial';"&gt; can become as close to L as desired by making &lt;/span&gt;&lt;span style="font-family:'Arial'; color:#000000;"&gt;&lt;IMG src="ppg/respondus/Limit_at_a_Point_Pre/eq_22f44b.gif" alt="equation" border=0 align="absmiddle"&gt;&lt;/span&gt;&lt;span style="font-family:'Arial';"&gt; get closer to &lt;/span&gt;&lt;span style="font-family:'Arial';"&gt;&lt;IMG src="ppg/respondus/Limit_at_a_Point_Pre/eq_22f451.gif" alt="equation" border=0 align="absmiddle"&gt;&lt;/span&gt;&lt;span style="font-family:'Arial';"&gt; &lt;/span&gt;</mattext></material></flow_mat></response_label></flow_label><flow_label class="Block"><response_label ident="QUES_42757069_42761150_A130833669"><flow_mat><material><mattext texttype="text/html">&lt;span style="font-family:'Arial'; color:#000000;"&gt;&lt;IMG src="ppg/respondus/Limit_at_a_Point_Pre/eq_22f457.gif" alt="equation" border=0 align="absmiddle"&gt;&lt;/span&gt;&lt;span style="font-family:'Arial';"&gt; can become as close to L as desired by making &lt;/span&gt;&lt;span style="font-family:'Arial'; color:#000000;"&gt;&lt;IMG src="ppg/respondus/Limit_at_a_Point_Pre/eq_22f461.gif" alt="equation" border=0 align="absmiddle"&gt;&lt;/span&gt;&lt;span style="font-family:'Arial';"&gt; get closer to &lt;/span&gt;&lt;span style="font-family:'Arial';"&gt;&lt;IMG src="ppg/respondus/Limit_at_a_Point_Pre/eq_22f468.gif" alt="equation" border=0 align="absmiddle"&gt;&lt;/span&gt;</mattext></material></flow_mat></response_label></flow_label><flow_label class="Block"><response_label ident="QUES_42757069_42761150_A130833670"><flow_mat><material><mattext texttype="text/html">&lt;span style="font-family:'Arial';"&gt;lim &lt;/span&gt;&lt;span style="font-family:'Arial'; color:#000000;"&gt;&lt;IMG src="ppg/respondus/Limit_at_a_Point_Pre/eq_22f470.gif" alt="equation" border=0 align="absmiddle"&gt;&lt;/span&gt;&lt;span style="font-family:'Arial';"&gt; is an approximation that you can make as close to L as desired&lt;/span&gt;</mattext></material></flow_mat></response_label></flow_label><flow_label class="Block"><response_label ident="QUES_42757069_42761150_A130833671"><flow_mat><material><mattext texttype="text/html">&lt;span style="font-family:'Arial';"&gt;We can't say for sure because &lt;/span&gt;&lt;span style="font-family:'Arial'; color:#000000;"&gt;&lt;IMG src="ppg/respondus/Limit_at_a_Point_Pre/eq_22f486.gif" alt="equation" border=0 align="absmiddle"&gt;&lt;/span&gt;&lt;span style="font-family:'Arial';"&gt; might be undefined&lt;/span&gt;</mattext></material></flow_mat></response_label></flow_label></render_choice></response_lid></flow></presentation><resprocessing><respcondition title="Response Condition 1"><conditionvar><varequal respident="QUES_42757069_42761150_LID">QUES_42757069_42761150_A130833665</varequal></conditionvar><setvar action="Set">0.000000000</setvar><displayfeedback feedbacktype="Response" linkrefid="QUES_42757069_42761150_IF130833665" /></respcondition><respcondition title="Response Condition 2"><conditionvar><varequal respident="QUES_42757069_42761150_LID">QUES_42757069_42761150_A130833666</varequal></conditionvar><setvar action="Set">0.000000000</setvar><displayfeedback feedbacktype="Response" linkrefid="QUES_42757069_42761150_IF130833666" /></respcondition><respcondition title="Response Condition 3"><conditionvar><varequal respident="QUES_42757069_42761150_LID">QUES_42757069_42761150_A130833667</varequal></conditionvar><setvar action="Set">0.000000000</setvar><displayfeedback feedbacktype="Response" linkrefid="QUES_42757069_42761150_IF130833667" /></respcondition><respcondition title="Response Condition 4"><conditionvar><varequal respident="QUES_42757069_42761150_LID">QUES_42757069_42761150_A130833668</varequal></conditionvar><setvar action="Set">100.000000000</setvar><displayfeedback feedbacktype="Response" linkrefid="QUES_42757069_42761150_IF130833668" /></respcondition><respcondition title="Response Condition 5"><conditionvar><varequal respident="QUES_42757069_42761150_LID">QUES_42757069_42761150_A130833669</varequal></conditionvar><setvar action="Set">0.000000000</setvar><displayfeedback feedbacktype="Response" linkrefid="QUES_42757069_42761150_IF130833669" /></respcondition><respcondition title="Response Condition 6"><conditionvar><varequal respident="QUES_42757069_42761150_LID">QUES_42757069_42761150_A130833670</varequal></conditionvar><setvar action="Set">0.000000000</setvar><displayfeedback feedbacktype="Response" linkrefid="QUES_42757069_42761150_IF130833670" /></respcondition><respcondition title="Response Condition 7"><conditionvar><varequal respident="QUES_42757069_42761150_LID">QUES_42757069_42761150_A130833671</varequal></conditionvar><setvar action="Set">0.000000000</setvar><displayfeedback feedbacktype="Response" linkrefid="QUES_42757069_42761150_IF130833671" /></respcondition></resprocessing><itemfeedback ident="QUES_42757069_42761150_IF130833665"><material><mattext texttype="text/plain" /></material></itemfeedback><itemfeedback ident="QUES_42757069_42761150_IF130833666"><material><mattext texttype="text/plain" /></material></itemfeedback><itemfeedback ident="QUES_42757069_42761150_IF130833667"><material><mattext texttype="text/plain" /></material></itemfeedback><itemfeedback ident="QUES_42757069_42761150_IF130833668"><material><mattext texttype="text/plain" /></material></itemfeedback><itemfeedback ident="QUES_42757069_42761150_IF130833669"><material><mattext texttype="text/plain" /></material></itemfeedback><itemfeedback ident="QUES_42757069_42761150_IF130833670"><material><mattext texttype="text/plain" /></material></itemfeedback><itemfeedback ident="QUES_42757069_42761150_IF130833671"><material><mattext texttype="text/plain" /></material></itemfeedback></item></section></assessment></questestinterop>