﻿<?xml version="1.0" encoding="UTF-8"?><questestinterop xmlns:d2l_2p0="http://desire2learn.com/xsd/d2lcp_v2p0"><assessment d2l_2p0:id="420" title="Graphing Varying Rate of Change PostVideo Questions" ident="res_quiz_122375" d2l_2p0:resource_code="ef9e56cc46d3486a98963923-100"><rubric><flow_mat><material><mattext d2l_2p0:isdisplayed="yes" texttype="text/html">&lt;p&gt;&lt;span style="color: #292b2c; font-family: 'Avenir Next', sans-serif; font-size: medium; font-style: normal; font-weight: 400; letter-spacing: normal; text-align: start; text-indent: 0px; text-transform: none; white-space: normal; word-spacing: 0px; float: none; display: inline !important;"&gt;Answer all questions.&lt;/span&gt;&lt;/p&gt;</mattext></material></flow_mat></rubric><assessmentcontrol hintswitch="no" solutionswitch="yes" feedbackswitch="no" /><presentation_material><flow_mat><material label="page header"><mattext d2l_2p0:isdisplayed="no" texttype="text/html" /></material><material label="page footer"><mattext d2l_2p0:isdisplayed="no" texttype="text/html" /></material></flow_mat></presentation_material><assess_procextension><d2l_2p0:intro_message d2l_2p0:isdisplayed="yes" texttype="text/html">&lt;p&gt;&lt;span style="color: #292b2c; font-family: 'Avenir Next', sans-serif; font-size: medium; font-style: normal; font-weight: 400; letter-spacing: normal; text-align: start; text-indent: 0px; text-transform: none; white-space: normal; word-spacing: 0px; float: none; display: inline !important;"&gt;PostVideo Questions are intended to measure your learning from the video. This is for a grade. You get three attempts. Your last attempt is the only attempt that counts toward your grade.&lt;/span&gt;&lt;/p&gt;</d2l_2p0:intro_message><d2l_2p0:disable_right_click>no</d2l_2p0:disable_right_click><d2l_2p0:disable_pager_access>no</d2l_2p0:disable_pager_access><is_active>yes</is_active><d2l_2p0:date_start /><d2l_2p0:date_end /><d2l_2p0:date_due /><d2l_2p0:has_schedule_event>no</d2l_2p0:has_schedule_event><d2l_2p0:is_attempt_Rldb>no</d2l_2p0:is_attempt_Rldb><d2l_2p0:is_subview_Rldb>no</d2l_2p0:is_subview_Rldb><d2l_2p0:time_limit>120</d2l_2p0:time_limit><d2l_2p0:show_clock>yes</d2l_2p0:show_clock><d2l_2p0:enforce_time_limit>yes</d2l_2p0:enforce_time_limit><d2l_2p0:grace_period>5</d2l_2p0:grace_period><d2l_2p0:late_limit>0</d2l_2p0:late_limit><d2l_2p0:attempts_allowed>3</d2l_2p0:attempts_allowed><d2l_2p0:attempt_restrictions /><d2l_2p0:mark_calculation_type>1</d2l_2p0:mark_calculation_type><d2l_2p0:is_forward_only>no</d2l_2p0:is_forward_only></assess_procextension><assessfeedback title=""><rubric><flow_mat><material><mattext texttype="yes">Your quiz has been submitted successfully.</mattext></material></flow_mat></rubric><d2l_2p0:duration>0</d2l_2p0:duration><d2l_2p0:response_display_type_id>1</d2l_2p0:response_display_type_id><d2l_2p0:show_correct_answers>no</d2l_2p0:show_correct_answers><d2l_2p0:submission_restrictip>no</d2l_2p0:submission_restrictip><d2l_2p0:show_class_average>no</d2l_2p0:show_class_average><d2l_2p0:show_score_distribution>no</d2l_2p0:show_score_distribution></assessfeedback><section ident="CONTAINER_SECTION"><item ident="OBJ_1651091" label="QUES_42756898_42760979" d2l_2p0:page="1"><itemmetadata><qtimetadata><qti_metadatafield><fieldlabel>qmd_computerscored</fieldlabel><fieldentry>yes</fieldentry></qti_metadatafield><qti_metadatafield><fieldlabel>qmd_questiontype</fieldlabel><fieldentry>Multiple Choice</fieldentry></qti_metadatafield><qti_metadatafield><fieldlabel>qmd_weighting</fieldlabel><fieldentry>1.000000000</fieldentry></qti_metadatafield><qti_metadatafield><fieldlabel>qmd_globalid</fieldlabel><fieldentry>2b3a21ca-1649-4ec8-9ed3-115169fa5d56</fieldentry></qti_metadatafield><qti_metadatafield><fieldlabel>qmd_displayid</fieldlabel><fieldentry>Sample Course-74097</fieldentry></qti_metadatafield></qtimetadata></itemmetadata><itemproc_extension><d2l_2p0:difficulty>3</d2l_2p0:difficulty><d2l_2p0:isbonus>no</d2l_2p0:isbonus><d2l_2p0:ismandatory>yes</d2l_2p0:ismandatory></itemproc_extension><presentation><flow><material><mattext texttype="text/html">&lt;p&gt;&lt;span style="font-size: 14pt; font-family: 'Avenir Next', sans-serif; color: #292b2c; background-image: initial; background-position: initial; background-size: initial; background-repeat: initial; background-attachment: initial; background-origin: initial; background-clip: initial;"&gt;A man throws a baseball horizontally off of the top of a building. Which of the following graphs most accurately represents the relationship between the ball's vertical distance &lt;i&gt;d&lt;/i&gt; from its initial position (in feet) and the number of seconds elapsed &lt;i&gt;t&lt;/i&gt; since the man threw the baseball?&lt;/span&gt;&lt;/p&gt;</mattext></material><response_extension><d2l_2p0:display_style>2</d2l_2p0:display_style><d2l_2p0:enumeration>6</d2l_2p0:enumeration><d2l_2p0:grading_type>0</d2l_2p0:grading_type></response_extension><response_lid ident="QUES_42756898_42760979_LID" rcardinality="Single"><render_choice shuffle="no"><flow_label class="Block"><response_label ident="QUES_42756898_42760979_A130832673"><flow_mat><material><mattext texttype="text/html">&lt;p&gt;&lt;span style="font-size: medium;"&gt;Graph A&lt;/span&gt;&lt;/p&gt;  &lt;p style="font-family: inherit; text-shadow: none !important; letter-spacing: normal !important; margin: 0px 0px 1em; padding: 0px; border: 0px; outline: 0px; font-weight: inherit; font-style: inherit; font-size: 13px;"&gt;&lt;img src="csfiles/home_dir/JMartinBb/Screen Shot 2020-05-06 at 6.49.56 PM.png" width="400" height="938" alt="Graph A" style="font-family: inherit; text-shadow: none !important; letter-spacing: normal !important; border: 0; cursor: default; padding: 0px; outline: 0px; font-weight: inherit; font-style: inherit; font-size: 13px; vertical-align: middle; max-width: 100%; height: auto; margin: 0px;"&gt;&lt;/p&gt;  &lt;p style="font-family: inherit; text-shadow: none !important; letter-spacing: normal !important; margin: 0px 0px 1em; padding: 0px; border: 0px; outline: 0px; font-weight: inherit; font-style: inherit; font-size: 13px;"&gt;&lt;/p&gt;  &lt;p&gt;&lt;span style="font-size: medium;"&gt;&lt;/span&gt;&lt;/p&gt;</mattext></material></flow_mat></response_label></flow_label><flow_label class="Block"><response_label ident="QUES_42756898_42760979_A130832674"><flow_mat><material><mattext texttype="text/html">&lt;p&gt;&lt;span style="font-size: medium;"&gt;Graph B&lt;/span&gt;&lt;/p&gt;  &lt;p style="font-family: inherit; text-shadow: none !important; letter-spacing: normal !important; margin: 0px 0px 1em; padding: 0px; border: 0px; outline: 0px; font-weight: inherit; font-style: inherit; font-size: 13px;"&gt;&lt;img src="csfiles/home_dir/JMartinBb/Screen Shot 2020-05-06 at 6.50.05 PM.png" width="400" height="938" alt="Graph B" style="font-family: inherit; text-shadow: none !important; letter-spacing: normal !important; border: 0; cursor: default; padding: 0px; outline: 0px; font-weight: inherit; font-style: inherit; font-size: 13px; vertical-align: middle; max-width: 100%; height: auto; margin: 0px;"&gt;&lt;/p&gt;  &lt;p style="font-family: inherit; text-shadow: none !important; letter-spacing: normal !important; margin: 0px 0px 1em; padding: 0px; border: 0px; outline: 0px; font-weight: inherit; font-style: inherit; font-size: 13px;"&gt;&lt;/p&gt;  &lt;p&gt;&lt;span style="font-size: medium;"&gt;&lt;/span&gt;&lt;/p&gt;</mattext></material></flow_mat></response_label></flow_label><flow_label class="Block"><response_label ident="QUES_42756898_42760979_A130832675"><flow_mat><material><mattext texttype="text/html">&lt;p&gt;&lt;span style="font-size: medium;"&gt;Graph C&lt;/span&gt;&lt;/p&gt;  &lt;p style="font-family: inherit; text-shadow: none !important; letter-spacing: normal !important; margin: 0px 0px 1em; padding: 0px; border: 0px; outline: 0px; font-weight: inherit; font-style: inherit; font-size: 13px;"&gt;&lt;img src="csfiles/home_dir/JMartinBb/Screen Shot 2020-05-06 at 6.50.13 PM.png" width="400" height="936" alt="Graph C" style="font-family: inherit; text-shadow: none !important; letter-spacing: normal !important; border: 0; cursor: default; padding: 0px; outline: 0px; font-weight: inherit; font-style: inherit; font-size: 13px; vertical-align: middle; max-width: 100%; height: auto; margin: 0px;"&gt;&lt;/p&gt;  &lt;p style="font-family: inherit; text-shadow: none !important; letter-spacing: normal !important; margin: 0px 0px 1em; padding: 0px; border: 0px; outline: 0px; font-weight: inherit; font-style: inherit; font-size: 13px;"&gt;&lt;/p&gt;  &lt;p&gt;&lt;span style="font-size: medium;"&gt;&lt;/span&gt;&lt;/p&gt;</mattext></material></flow_mat></response_label></flow_label><flow_label class="Block"><response_label ident="QUES_42756898_42760979_A130832676"><flow_mat><material><mattext texttype="text/html">&lt;p&gt;&lt;span style="font-size: medium;"&gt;Graph D&lt;/span&gt;&lt;/p&gt;  &lt;p style="font-family: 'Open Sans', sans-serif; text-shadow: none !important; letter-spacing: normal; margin: 0px 0px 1em; padding: 0px; border: 0px; outline: 0px; font-weight: 400; font-style: normal; font-size: small; color: #000000; font-variant-ligatures: normal; font-variant-caps: normal; orphans: 2; text-align: start; text-indent: 0px; text-transform: none; white-space: normal; widows: 2; word-spacing: 0px; -webkit-text-stroke-width: 0px; text-decoration-style: initial; text-decoration-color: initial;"&gt;&lt;span style="font-size: 14pt; font-family: 'Avenir Next', sans-serif; color: #292b2c; background-image: initial; background-position: initial; background-size: initial; background-repeat: initial; background-attachment: initial; background-origin: initial; background-clip: initial;"&gt;&lt;img src="csfiles/home_dir/JMartinBb/Screen Shot 2020-05-06 at 6.50.22 PM.png" width="400" height="936" alt="Graph D" style="font-family: inherit; text-shadow: none !important; letter-spacing: normal !important; border: 0; cursor: default; padding: 0px; outline: 0px; font-weight: inherit; font-style: inherit; font-size: 18.6667px; vertical-align: middle; max-width: 100%; height: auto; margin: 0px;"&gt;&lt;/span&gt;&lt;/p&gt;  &lt;p style="font-family: 'Open Sans', sans-serif; text-shadow: none !important; letter-spacing: normal; margin: 0px 0px 1em; padding: 0px; border: 0px; outline: 0px; font-weight: 400; font-style: normal; font-size: small; color: #000000; font-variant-ligatures: normal; font-variant-caps: normal; orphans: 2; text-align: start; text-indent: 0px; text-transform: none; white-space: normal; widows: 2; word-spacing: 0px; -webkit-text-stroke-width: 0px; text-decoration-style: initial; text-decoration-color: initial;"&gt;&lt;/p&gt;  &lt;p&gt;&lt;span style="font-size: medium;"&gt;&amp;nbsp;&lt;/span&gt;&lt;/p&gt;</mattext></material></flow_mat></response_label></flow_label><flow_label class="Block"><response_label ident="QUES_42756898_42760979_A130832677"><flow_mat><material><mattext texttype="text/html">&lt;p&gt;&lt;span style="color: #000000; font-family: 'Open Sans', sans-serif; font-size: medium; font-style: normal; font-variant-ligatures: normal; font-variant-caps: normal; font-weight: 400; letter-spacing: normal; orphans: 2; text-align: start; text-indent: 0px; text-transform: none; white-space: normal; widows: 2; word-spacing: 0px; -webkit-text-stroke-width: 0px; text-decoration-style: initial; text-decoration-color: initial; float: none; display: inline !important;"&gt;Graph E&lt;/span&gt;&lt;/p&gt;  &lt;p style="font-family: 'Open Sans', sans-serif; text-shadow: none !important; letter-spacing: normal; margin: 0px 0px 1em; padding: 0px; border: 0px; outline: 0px; font-weight: 400; font-style: normal; font-size: small; color: #000000; font-variant-ligatures: normal; font-variant-caps: normal; orphans: 2; text-align: start; text-indent: 0px; text-transform: none; white-space: normal; widows: 2; word-spacing: 0px; -webkit-text-stroke-width: 0px; text-decoration-style: initial; text-decoration-color: initial;"&gt;&lt;span style="font-size: 14pt; font-family: 'Avenir Next', sans-serif; color: #292b2c; background-image: initial; background-position: initial; background-size: initial; background-repeat: initial; background-attachment: initial; background-origin: initial; background-clip: initial;"&gt;&lt;img src="csfiles/home_dir/JMartinBb/Screen Shot 2020-05-06 at 6.50.31 PM.png" width="400" height="936" alt="Graph E" style="font-family: inherit; text-shadow: none !important; letter-spacing: normal !important; border: 0; cursor: default; padding: 0px; outline: 0px; font-weight: inherit; font-style: inherit; font-size: 18.6667px; vertical-align: middle; max-width: 100%; height: auto; margin: 0px;"&gt;&lt;/span&gt;&lt;/p&gt;  &lt;p&gt;&lt;span style="color: #000000; font-family: 'Open Sans', sans-serif; font-size: medium; font-style: normal; font-variant-ligatures: normal; font-variant-caps: normal; font-weight: 400; letter-spacing: normal; orphans: 2; text-align: start; text-indent: 0px; text-transform: none; white-space: normal; widows: 2; word-spacing: 0px; -webkit-text-stroke-width: 0px; text-decoration-style: initial; text-decoration-color: initial; float: none; display: inline !important;"&gt;&lt;/span&gt;&lt;/p&gt;</mattext></material></flow_mat></response_label></flow_label></render_choice></response_lid></flow></presentation><resprocessing><respcondition title="Response Condition 1"><conditionvar><varequal respident="QUES_42756898_42760979_LID">QUES_42756898_42760979_A130832673</varequal></conditionvar><setvar action="Set">0.000000000</setvar><displayfeedback feedbacktype="Response" linkrefid="QUES_42756898_42760979_IF130832673" /></respcondition><respcondition title="Response Condition 2"><conditionvar><varequal respident="QUES_42756898_42760979_LID">QUES_42756898_42760979_A130832674</varequal></conditionvar><setvar action="Set">0.000000000</setvar><displayfeedback feedbacktype="Response" linkrefid="QUES_42756898_42760979_IF130832674" /></respcondition><respcondition title="Response Condition 3"><conditionvar><varequal respident="QUES_42756898_42760979_LID">QUES_42756898_42760979_A130832675</varequal></conditionvar><setvar action="Set">0.000000000</setvar><displayfeedback feedbacktype="Response" linkrefid="QUES_42756898_42760979_IF130832675" /></respcondition><respcondition title="Response Condition 4"><conditionvar><varequal respident="QUES_42756898_42760979_LID">QUES_42756898_42760979_A130832676</varequal></conditionvar><setvar action="Set">100.000000000</setvar><displayfeedback feedbacktype="Response" linkrefid="QUES_42756898_42760979_IF130832676" /></respcondition><respcondition title="Response Condition 5"><conditionvar><varequal respident="QUES_42756898_42760979_LID">QUES_42756898_42760979_A130832677</varequal></conditionvar><setvar action="Set">0.000000000</setvar><displayfeedback feedbacktype="Response" linkrefid="QUES_42756898_42760979_IF130832677" /></respcondition></resprocessing><itemfeedback ident="QUES_42756898_42760979_IF130832673"><material><mattext texttype="text/plain" /></material></itemfeedback><itemfeedback ident="QUES_42756898_42760979_IF130832674"><material><mattext texttype="text/plain" /></material></itemfeedback><itemfeedback ident="QUES_42756898_42760979_IF130832675"><material><mattext texttype="text/plain" /></material></itemfeedback><itemfeedback ident="QUES_42756898_42760979_IF130832676"><material><mattext texttype="text/plain" /></material></itemfeedback><itemfeedback ident="QUES_42756898_42760979_IF130832677"><material><mattext texttype="text/plain" /></material></itemfeedback></item><item ident="OBJ_1651092" label="QUES_42756899_42773812" d2l_2p0:page="1"><itemmetadata><qtimetadata><qti_metadatafield><fieldlabel>qmd_computerscored</fieldlabel><fieldentry>yes</fieldentry></qti_metadatafield><qti_metadatafield><fieldlabel>qmd_questiontype</fieldlabel><fieldentry>Multiple Choice</fieldentry></qti_metadatafield><qti_metadatafield><fieldlabel>qmd_weighting</fieldlabel><fieldentry>1.000000000</fieldentry></qti_metadatafield><qti_metadatafield><fieldlabel>qmd_globalid</fieldlabel><fieldentry>112e4f03-9f59-4764-befe-00e665633871</fieldentry></qti_metadatafield><qti_metadatafield><fieldlabel>qmd_displayid</fieldlabel><fieldentry>Sample Course-74098</fieldentry></qti_metadatafield></qtimetadata></itemmetadata><itemproc_extension><d2l_2p0:difficulty>3</d2l_2p0:difficulty><d2l_2p0:isbonus>no</d2l_2p0:isbonus><d2l_2p0:ismandatory>yes</d2l_2p0:ismandatory></itemproc_extension><presentation><flow><material><mattext texttype="text/html">&lt;p&gt;&lt;span style="font-size: medium; font-family: 'Avenir Next', sans-serif; color: #292b2c; background-image: initial; background-position: initial; background-size: initial; background-repeat: initial; background-attachment: initial; background-origin: initial; background-clip: initial;"&gt;Imagine the bottle below being filled with water.&lt;/span&gt;&lt;/p&gt;  &lt;p&gt;&lt;span style="font-size: medium; font-family: 'Avenir Next', sans-serif; color: #292b2c; background-image: initial; background-position: initial; background-size: initial; background-repeat: initial; background-attachment: initial; background-origin: initial; background-clip: initial;"&gt;&lt;img src="csfiles/home_dir/JMartinBb/Screen%20Shot%202020-05-06%20at%206.50.43%20PM.png" width="200" height="287" alt="Bottle 4"&gt;&lt;/span&gt;&lt;/p&gt;  &lt;p&gt;&lt;span style="font-size: medium; font-family: 'Avenir Next', sans-serif; color: #292b2c; background-image: initial; background-position: initial; background-size: initial; background-repeat: initial; background-attachment: initial; background-origin: initial; background-clip: initial;"&gt;Which of the following graphs most accurately represents the relationship between the volume of water in the bottle and the distance from the surface of the water to the top of the bottle?&lt;/span&gt;&lt;/p&gt;</mattext></material><response_extension><d2l_2p0:display_style>2</d2l_2p0:display_style><d2l_2p0:enumeration>6</d2l_2p0:enumeration><d2l_2p0:grading_type>0</d2l_2p0:grading_type></response_extension><response_lid ident="QUES_42756899_42773812_LID" rcardinality="Single"><render_choice shuffle="no"><flow_label class="Block"><response_label ident="QUES_42756899_42773812_A130886566"><flow_mat><material><mattext texttype="text/html">&lt;p&gt;&lt;span style="font-size: medium;"&gt;Graph A&lt;/span&gt;&lt;/p&gt;  &lt;p style="font-family: inherit; text-shadow: none !important; letter-spacing: normal !important; margin: 0px 0px 1em; padding: 0px; border: 0px; outline: 0px; font-weight: inherit; font-style: inherit; font-size: 13px;"&gt;&lt;span style="font-size: medium;"&gt;&lt;img src="csfiles/home_dir/JMartinBb/Screen%20Shot%202020-05-06%20at%206.50.51%20PM.png" width="400" height="938" alt="Graph A" style="font-family: inherit; text-shadow: none !important; letter-spacing: normal !important; border: 0; cursor: default; padding: 0px; outline: 0px; font-weight: inherit; font-style: inherit; font-size: 16px; vertical-align: middle; max-width: 100%; height: auto; margin: 0px;"&gt;&lt;/span&gt;&lt;/p&gt;  &lt;p style="font-family: inherit; text-shadow: none !important; letter-spacing: normal !important; margin: 0px 0px 1em; padding: 0px; border: 0px; outline: 0px; font-weight: inherit; font-style: inherit; font-size: 13px;"&gt;&lt;/p&gt;  &lt;p&gt;&lt;span style="font-size: medium;"&gt;&lt;/span&gt;&lt;/p&gt;</mattext></material></flow_mat></response_label></flow_label><flow_label class="Block"><response_label ident="QUES_42756899_42773812_A130886567"><flow_mat><material><mattext texttype="text/html">&lt;p&gt;&lt;span style="font-size: medium;"&gt;Graph B&lt;/span&gt;&lt;/p&gt;  &lt;p style="font-family: inherit; text-shadow: none !important; letter-spacing: normal !important; margin: 0px 0px 1em; padding: 0px; border: 0px; outline: 0px; font-weight: inherit; font-style: inherit; font-size: 13px;"&gt;&lt;span style="font-size: medium;"&gt;&lt;img src="csfiles/home_dir/JMartinBb/Screen%20Shot%202020-05-06%20at%206.51.03%20PM.png" width="400" height="938" alt="Graph B" style="font-family: inherit; text-shadow: none !important; letter-spacing: normal !important; border: 0; cursor: default; padding: 0px; outline: 0px; font-weight: inherit; font-style: inherit; font-size: 16px; vertical-align: middle; max-width: 100%; height: auto; margin: 0px;"&gt;&lt;/span&gt;&lt;/p&gt;  &lt;p style="font-family: inherit; text-shadow: none !important; letter-spacing: normal !important; margin: 0px 0px 1em; padding: 0px; border: 0px; outline: 0px; font-weight: inherit; font-style: inherit; font-size: 13px;"&gt;&lt;/p&gt;  &lt;p&gt;&lt;span style="font-size: medium;"&gt;&lt;/span&gt;&lt;/p&gt;</mattext></material></flow_mat></response_label></flow_label><flow_label class="Block"><response_label ident="QUES_42756899_42773812_A130886568"><flow_mat><material><mattext texttype="text/html">&lt;p&gt;&lt;span style="font-size: medium;"&gt;Graph C&lt;/span&gt;&lt;/p&gt;  &lt;p style="font-family: inherit; text-shadow: none !important; letter-spacing: normal !important; margin: 0px 0px 1em; padding: 0px; border: 0px; outline: 0px; font-weight: inherit; font-style: inherit; font-size: 13px;"&gt;&lt;span style="font-size: medium;"&gt;&lt;img src="csfiles/home_dir/JMartinBb/Screen%20Shot%202020-05-06%20at%206.51.14%20PM.png" width="400" height="938" alt="Graph C" style="font-family: inherit; text-shadow: none !important; letter-spacing: normal !important; border: 0; cursor: default; padding: 0px; outline: 0px; font-weight: inherit; font-style: inherit; font-size: 16px; vertical-align: middle; max-width: 100%; height: auto; margin: 0px;"&gt;&lt;/span&gt;&lt;/p&gt;  &lt;p style="font-family: inherit; text-shadow: none !important; letter-spacing: normal !important; margin: 0px 0px 1em; padding: 0px; border: 0px; outline: 0px; font-weight: inherit; font-style: inherit; font-size: 13px;"&gt;&lt;/p&gt;  &lt;p&gt;&lt;span style="font-size: medium;"&gt;&lt;/span&gt;&lt;/p&gt;</mattext></material></flow_mat></response_label></flow_label><flow_label class="Block"><response_label ident="QUES_42756899_42773812_A130886569"><flow_mat><material><mattext texttype="text/html">&lt;p&gt;&lt;span style="color: #000000; font-family: 'Open Sans', sans-serif; font-size: medium; font-style: normal; font-variant-ligatures: normal; font-variant-caps: normal; font-weight: 400; letter-spacing: normal; orphans: 2; text-align: start; text-indent: 0px; text-transform: none; white-space: normal; widows: 2; word-spacing: 0px; -webkit-text-stroke-width: 0px; text-decoration-style: initial; text-decoration-color: initial; float: none; display: inline !important;"&gt;Graph D&lt;/span&gt;&lt;/p&gt;  &lt;p style="font-family: inherit; text-shadow: none !important; letter-spacing: normal !important; margin: 0px 0px 1em; padding: 0px; border: 0px; outline: 0px; font-weight: inherit; font-style: inherit; font-size: 13px;"&gt;&lt;span style="font-size: medium;"&gt;&lt;img src="csfiles/home_dir/JMartinBb/Screen%20Shot%202020-05-06%20at%206.51.22%20PM.png" width="400" height="938" alt="Graph D" style="font-family: inherit; text-shadow: none !important; letter-spacing: normal !important; border: 0; cursor: default; padding: 0px; outline: 0px; font-weight: inherit; font-style: inherit; font-size: 16px; vertical-align: middle; max-width: 100%; height: auto; margin: 0px;"&gt;&lt;/span&gt;&lt;/p&gt;  &lt;p style="font-family: inherit; text-shadow: none !important; letter-spacing: normal !important; margin: 0px 0px 1em; padding: 0px; border: 0px; outline: 0px; font-weight: inherit; font-style: inherit; font-size: 13px;"&gt;&lt;/p&gt;  &lt;p&gt;&lt;span style="color: #000000; font-family: 'Open Sans', sans-serif; font-size: medium; font-style: normal; font-variant-ligatures: normal; font-variant-caps: normal; font-weight: 400; letter-spacing: normal; orphans: 2; text-align: start; text-indent: 0px; text-transform: none; white-space: normal; widows: 2; word-spacing: 0px; -webkit-text-stroke-width: 0px; text-decoration-style: initial; text-decoration-color: initial; float: none; display: inline !important;"&gt;&lt;/span&gt;&lt;/p&gt;</mattext></material></flow_mat></response_label></flow_label><flow_label class="Block"><response_label ident="QUES_42756899_42773812_A130886570"><flow_mat><material><mattext texttype="text/html">&lt;p&gt;&lt;span style="color: #000000; font-family: 'Open Sans', sans-serif; font-size: medium; font-style: normal; font-variant-ligatures: normal; font-variant-caps: normal; font-weight: 400; letter-spacing: normal; orphans: 2; text-align: start; text-indent: 0px; text-transform: none; white-space: normal; widows: 2; word-spacing: 0px; -webkit-text-stroke-width: 0px; text-decoration-style: initial; text-decoration-color: initial; float: none; display: inline !important;"&gt;Graph E&lt;/span&gt;&lt;/p&gt;  &lt;p style="font-family: 'Open Sans', sans-serif; text-shadow: none !important; letter-spacing: normal; margin: 0px 0px 1em; padding: 0px; border: 0px; outline: 0px; font-weight: 400; font-style: normal; font-size: small; color: #000000; font-variant-ligatures: normal; font-variant-caps: normal; orphans: 2; text-align: start; text-indent: 0px; text-transform: none; white-space: normal; widows: 2; word-spacing: 0px; -webkit-text-stroke-width: 0px; text-decoration-style: initial; text-decoration-color: initial;"&gt;&lt;span style="font-size: medium;"&gt;&lt;img src="csfiles/home_dir/JMartinBb/Screen%20Shot%202020-05-06%20at%206.51.32%20PM.png" width="400" height="934" alt="Graph E" style="font-family: inherit; text-shadow: none !important; letter-spacing: normal !important; border: 0; cursor: default; padding: 0px; outline: 0px; font-weight: inherit; font-style: inherit; font-size: 16px; vertical-align: middle; max-width: 100%; height: auto; margin: 0px;"&gt;&lt;/span&gt;&lt;/p&gt;  &lt;p&gt;&lt;span style="color: #000000; font-family: 'Open Sans', sans-serif; font-size: medium; font-style: normal; font-variant-ligatures: normal; font-variant-caps: normal; font-weight: 400; letter-spacing: normal; orphans: 2; text-align: start; text-indent: 0px; text-transform: none; white-space: normal; widows: 2; word-spacing: 0px; -webkit-text-stroke-width: 0px; text-decoration-style: initial; text-decoration-color: initial; float: none; display: inline !important;"&gt;&lt;/span&gt;&lt;/p&gt;</mattext></material></flow_mat></response_label></flow_label></render_choice></response_lid></flow></presentation><resprocessing><respcondition title="Response Condition 1"><conditionvar><varequal respident="QUES_42756899_42773812_LID">QUES_42756899_42773812_A130886566</varequal></conditionvar><setvar action="Set">0.000000000</setvar><displayfeedback feedbacktype="Response" linkrefid="QUES_42756899_42773812_IF130886566" /></respcondition><respcondition title="Response Condition 2"><conditionvar><varequal respident="QUES_42756899_42773812_LID">QUES_42756899_42773812_A130886567</varequal></conditionvar><setvar action="Set">100.000000000</setvar><displayfeedback feedbacktype="Response" linkrefid="QUES_42756899_42773812_IF130886567" /></respcondition><respcondition title="Response Condition 3"><conditionvar><varequal respident="QUES_42756899_42773812_LID">QUES_42756899_42773812_A130886568</varequal></conditionvar><setvar action="Set">0.000000000</setvar><displayfeedback feedbacktype="Response" linkrefid="QUES_42756899_42773812_IF130886568" /></respcondition><respcondition title="Response Condition 4"><conditionvar><varequal respident="QUES_42756899_42773812_LID">QUES_42756899_42773812_A130886569</varequal></conditionvar><setvar action="Set">0.000000000</setvar><displayfeedback feedbacktype="Response" linkrefid="QUES_42756899_42773812_IF130886569" /></respcondition><respcondition title="Response Condition 5"><conditionvar><varequal respident="QUES_42756899_42773812_LID">QUES_42756899_42773812_A130886570</varequal></conditionvar><setvar action="Set">0.000000000</setvar><displayfeedback feedbacktype="Response" linkrefid="QUES_42756899_42773812_IF130886570" /></respcondition></resprocessing><itemfeedback ident="QUES_42756899_42773812_IF130886566"><material><mattext texttype="text/plain" /></material></itemfeedback><itemfeedback ident="QUES_42756899_42773812_IF130886567"><material><mattext texttype="text/plain" /></material></itemfeedback><itemfeedback ident="QUES_42756899_42773812_IF130886568"><material><mattext texttype="text/plain" /></material></itemfeedback><itemfeedback ident="QUES_42756899_42773812_IF130886569"><material><mattext texttype="text/plain" /></material></itemfeedback><itemfeedback ident="QUES_42756899_42773812_IF130886570"><material><mattext texttype="text/plain" /></material></itemfeedback></item></section></assessment></questestinterop>