﻿<?xml version="1.0" encoding="UTF-8"?><questestinterop xmlns:d2l_2p0="http://desire2learn.com/xsd/d2lcp_v2p0"><assessment d2l_2p0:id="424" title="Using the Definition of the Derivative PostVideo Questions" ident="res_quiz_122379" d2l_2p0:resource_code="ef9e56cc46d3486a98963923-104"><rubric><flow_mat><material><mattext d2l_2p0:isdisplayed="yes" texttype="text/html">&lt;p&gt;&lt;span style="color: #292b2c; font-family: 'Avenir Next', sans-serif; font-size: medium; font-style: normal; font-variant-ligatures: normal; font-variant-caps: normal; font-weight: 400; letter-spacing: normal; orphans: 2; text-align: start; text-indent: 0px; text-transform: none; white-space: normal; widows: 2; word-spacing: 0px; -webkit-text-stroke-width: 0px; text-decoration-style: initial; text-decoration-color: initial; float: none; display: inline !important;"&gt;Answer all questions.&lt;/span&gt;&lt;/p&gt;</mattext></material></flow_mat></rubric><assessmentcontrol hintswitch="no" solutionswitch="yes" feedbackswitch="no" /><presentation_material><flow_mat><material label="page header"><mattext d2l_2p0:isdisplayed="no" texttype="text/html" /></material><material label="page footer"><mattext d2l_2p0:isdisplayed="no" texttype="text/html" /></material></flow_mat></presentation_material><assess_procextension><d2l_2p0:intro_message d2l_2p0:isdisplayed="yes" texttype="text/html">&lt;p&gt;&lt;span style="color: #292b2c; font-family: 'Avenir Next', sans-serif; font-size: medium; font-style: normal; font-variant-ligatures: normal; font-variant-caps: normal; font-weight: 400; letter-spacing: normal; orphans: 2; text-align: start; text-indent: 0px; text-transform: none; white-space: normal; widows: 2; word-spacing: 0px; -webkit-text-stroke-width: 0px; text-decoration-style: initial; text-decoration-color: initial; float: none; display: inline !important;"&gt;PostVideo Questions are intended to measure your learning from the video. This is for a grade. You get three attempts. Your last attempt is the only attempt that counts toward your grade.&lt;/span&gt;&lt;/p&gt;</d2l_2p0:intro_message><d2l_2p0:disable_right_click>no</d2l_2p0:disable_right_click><d2l_2p0:disable_pager_access>no</d2l_2p0:disable_pager_access><is_active>yes</is_active><d2l_2p0:date_start /><d2l_2p0:date_end /><d2l_2p0:date_due /><d2l_2p0:has_schedule_event>no</d2l_2p0:has_schedule_event><d2l_2p0:is_attempt_Rldb>no</d2l_2p0:is_attempt_Rldb><d2l_2p0:is_subview_Rldb>no</d2l_2p0:is_subview_Rldb><d2l_2p0:time_limit>120</d2l_2p0:time_limit><d2l_2p0:show_clock>yes</d2l_2p0:show_clock><d2l_2p0:enforce_time_limit>yes</d2l_2p0:enforce_time_limit><d2l_2p0:grace_period>5</d2l_2p0:grace_period><d2l_2p0:late_limit>0</d2l_2p0:late_limit><d2l_2p0:attempts_allowed>3</d2l_2p0:attempts_allowed><d2l_2p0:attempt_restrictions /><d2l_2p0:mark_calculation_type>1</d2l_2p0:mark_calculation_type><d2l_2p0:is_forward_only>no</d2l_2p0:is_forward_only></assess_procextension><assessfeedback title=""><rubric><flow_mat><material><mattext texttype="yes">Your quiz has been submitted successfully.</mattext></material></flow_mat></rubric><d2l_2p0:duration>0</d2l_2p0:duration><d2l_2p0:response_display_type_id>1</d2l_2p0:response_display_type_id><d2l_2p0:show_correct_answers>no</d2l_2p0:show_correct_answers><d2l_2p0:submission_restrictip>no</d2l_2p0:submission_restrictip><d2l_2p0:show_class_average>no</d2l_2p0:show_class_average><d2l_2p0:show_score_distribution>no</d2l_2p0:show_score_distribution></assessfeedback><section ident="CONTAINER_SECTION"><item ident="OBJ_1651101" label="QUES_42756908_42760989" d2l_2p0:page="1"><itemmetadata><qtimetadata><qti_metadatafield><fieldlabel>qmd_computerscored</fieldlabel><fieldentry>yes</fieldentry></qti_metadatafield><qti_metadatafield><fieldlabel>qmd_questiontype</fieldlabel><fieldentry>Multiple Choice</fieldentry></qti_metadatafield><qti_metadatafield><fieldlabel>qmd_weighting</fieldlabel><fieldentry>1.000000000</fieldentry></qti_metadatafield><qti_metadatafield><fieldlabel>qmd_globalid</fieldlabel><fieldentry>f9161cbb-8350-48ab-a8fc-1e1fab449ac4</fieldentry></qti_metadatafield><qti_metadatafield><fieldlabel>qmd_displayid</fieldlabel><fieldentry>Sample Course-74107</fieldentry></qti_metadatafield></qtimetadata></itemmetadata><itemproc_extension><d2l_2p0:difficulty>3</d2l_2p0:difficulty><d2l_2p0:isbonus>no</d2l_2p0:isbonus><d2l_2p0:ismandatory>yes</d2l_2p0:ismandatory></itemproc_extension><presentation><flow><material><mattext texttype="text/html">&lt;p&gt;&lt;span style="font-size: 14pt; font-family: 'Avenir Next', sans-serif; color: #292b2c; background-image: initial; background-position: initial; background-size: initial; background-repeat: initial; background-attachment: initial; background-origin: initial; background-clip: initial;"&gt;Which of the following expressions represents the instantaneous&amp;nbsp;rate of change of&amp;nbsp;&lt;img align="middle" alt="square root of 5 x plus 2 end root" class="Wirisformula" data-mathml="«math xmlns=¨http://www.w3.org/1998/Math/MathML¨»«msqrt»«mn»5«/mn»«mi»x«/mi»«mo»+«/mo»«mn»2«/mn»«/msqrt»«/math»" src="csfiles/home_dir/JMartinBb/Math Images/66f95600da030bd219e3bffac1f0fac7.png"&gt;&amp;nbsp;with respect to &lt;img align="middle" alt="x" class="Wirisformula" data-mathml="«math xmlns=¨http://www.w3.org/1998/Math/MathML¨»«mi»x«/mi»«/math»" src="csfiles/home_dir/JMartinBb/Math Images/0906011f3a5875232c2aad39e52caca7(2).png"&gt;&amp;nbsp;when &lt;img align="middle" alt="x equals 1" class="Wirisformula" data-mathml="«math xmlns=¨http://www.w3.org/1998/Math/MathML¨»«mi»x«/mi»«mo»=«/mo»«mn»1«/mn»«/math»" src="csfiles/home_dir/JMartinBb/Math Images/cb11eae41b9c031c6fd81e97d7710666.png"&gt;?&lt;/span&gt;&lt;/p&gt;</mattext></material><response_extension><d2l_2p0:display_style>2</d2l_2p0:display_style><d2l_2p0:enumeration>6</d2l_2p0:enumeration><d2l_2p0:grading_type>0</d2l_2p0:grading_type></response_extension><response_lid ident="QUES_42756908_42760989_LID" rcardinality="Single"><render_choice shuffle="no"><flow_label class="Block"><response_label ident="QUES_42756908_42760989_A130832727"><flow_mat><material><mattext texttype="text/html">&lt;p&gt;&lt;span style="font-size: 14.0pt; font-family: 'Avenir Next',sans-serif;"&gt;&lt;img align="middle" alt="limit as increment x rightwards arrow 0 of fraction numerator square root of 5 open parentheses 1 plus increment x close parentheses plus 2 end root minus square root of 5 open parentheses 1 close parentheses plus 2 end root over denominator increment x end fraction" class="Wirisformula" data-mathml="«math xmlns=¨http://www.w3.org/1998/Math/MathML¨»«munder»«mi»lim«/mi»«mrow»«mo»§#8710;«/mo»«mi»x«/mi»«mo»§#8594;«/mo»«mn»0«/mn»«/mrow»«/munder»«mfrac»«mrow»«msqrt»«mn»5«/mn»«mfenced»«mrow»«mn»1«/mn»«mo»+«/mo»«mo»§#8710;«/mo»«mi»x«/mi»«/mrow»«/mfenced»«mo»+«/mo»«mn»2«/mn»«/msqrt»«mo»-«/mo»«msqrt»«mn»5«/mn»«mfenced»«mn»1«/mn»«/mfenced»«mo»+«/mo»«mn»2«/mn»«/msqrt»«/mrow»«mrow»«mo»§#8710;«/mo»«mi»x«/mi»«/mrow»«/mfrac»«/math»" src="csfiles/home_dir/JMartinBb/Math Images/6caa2ab5b4e5c45797c68f2ddbf88916.png"&gt;&lt;br&gt;&lt;/span&gt;&lt;/p&gt;</mattext></material></flow_mat></response_label></flow_label><flow_label class="Block"><response_label ident="QUES_42756908_42760989_A130832728"><flow_mat><material><mattext texttype="text/html">&lt;p&gt;&lt;span style="font-size: 14.0pt; font-family: 'Avenir Next',sans-serif;"&gt;&lt;img align="middle" alt="limit as increment x rightwards arrow 1 of square root of 5 open parentheses 1 plus increment x close parentheses plus 2 end root" class="Wirisformula" data-mathml="«math xmlns=¨http://www.w3.org/1998/Math/MathML¨»«munder»«mi»lim«/mi»«mrow»«mo»§#8710;«/mo»«mi»x«/mi»«mo»§#8594;«/mo»«mn»1«/mn»«/mrow»«/munder»«msqrt»«mn»5«/mn»«mfenced»«mrow»«mn»1«/mn»«mo»+«/mo»«mo»§#8710;«/mo»«mi»x«/mi»«/mrow»«/mfenced»«mo»+«/mo»«mn»2«/mn»«/msqrt»«/math»" src="csfiles/home_dir/JMartinBb/Math Images/bd71264dcaf2a74261fb8de301e66a98.png"&gt;&lt;br&gt;&lt;/span&gt;&lt;/p&gt;</mattext></material></flow_mat></response_label></flow_label><flow_label class="Block"><response_label ident="QUES_42756908_42760989_A130832729"><flow_mat><material><mattext texttype="text/html">&lt;p&gt;&lt;span style="font-size: 14.0pt; font-family: 'Avenir Next',sans-serif;"&gt;&lt;img align="middle" alt="limit as increment x rightwards arrow 0 of fraction numerator square root of 5 open parentheses 1 plus increment x close parentheses plus 2 end root over denominator increment x end fraction" class="Wirisformula" data-mathml="«math xmlns=¨http://www.w3.org/1998/Math/MathML¨»«munder»«mi»lim«/mi»«mrow»«mo»§#8710;«/mo»«mi»x«/mi»«mo»§#8594;«/mo»«mn»0«/mn»«/mrow»«/munder»«mfrac»«msqrt»«mn»5«/mn»«mfenced»«mrow»«mn»1«/mn»«mo»+«/mo»«mo»§#8710;«/mo»«mi»x«/mi»«/mrow»«/mfenced»«mo»+«/mo»«mn»2«/mn»«/msqrt»«mrow»«mo»§#8710;«/mo»«mi»x«/mi»«/mrow»«/mfrac»«/math»" src="csfiles/home_dir/JMartinBb/Math Images/fd5c9d2b5fe493ec7eb1472fa2218f52.png"&gt;&lt;br&gt;&lt;/span&gt;&lt;/p&gt;</mattext></material></flow_mat></response_label></flow_label><flow_label class="Block"><response_label ident="QUES_42756908_42760989_A130832730"><flow_mat><material><mattext texttype="text/html">&lt;p&gt;&lt;span style="font-size: 14pt; font-family: 'Avenir Next', sans-serif;"&gt;&lt;img align="middle" alt="limit as increment x rightwards arrow 1 of fraction numerator square root of 5 open parentheses 1 plus increment x close parentheses plus 2 end root minus square root of 5 open parentheses 1 close parentheses plus 2 end root over denominator increment x end fraction" class="Wirisformula" data-mathml="«math xmlns=¨http://www.w3.org/1998/Math/MathML¨»«munder»«mi»lim«/mi»«mrow»«mo»§#8710;«/mo»«mi»x«/mi»«mo»§#8594;«/mo»«mn»1«/mn»«/mrow»«/munder»«mfrac»«mrow»«msqrt»«mn»5«/mn»«mfenced»«mrow»«mn»1«/mn»«mo»+«/mo»«mo»§#8710;«/mo»«mi»x«/mi»«/mrow»«/mfenced»«mo»+«/mo»«mn»2«/mn»«/msqrt»«mo»-«/mo»«msqrt»«mn»5«/mn»«mfenced»«mn»1«/mn»«/mfenced»«mo»+«/mo»«mn»2«/mn»«/msqrt»«/mrow»«mrow»«mo»§#8710;«/mo»«mi»x«/mi»«/mrow»«/mfrac»«/math»" src="csfiles/home_dir/JMartinBb/Math Images/ae465839b6b3dbb6e0ffcceedd51ca15.png"&gt;&lt;br&gt;&lt;/span&gt;&lt;/p&gt;</mattext></material></flow_mat></response_label></flow_label><flow_label class="Block"><response_label ident="QUES_42756908_42760989_A130832731"><flow_mat><material><mattext texttype="text/html">&lt;p&gt;&lt;span style="font-size: 14.0pt; font-family: 'Avenir Next',sans-serif;"&gt;&lt;img align="middle" alt="limit as increment x rightwards arrow 0 of square root of 5 x plus 2 end root" class="Wirisformula" data-mathml="«math xmlns=¨http://www.w3.org/1998/Math/MathML¨»«munder»«mi»lim«/mi»«mrow»«mo»§#8710;«/mo»«mi»x«/mi»«mo»§#8594;«/mo»«mn»0«/mn»«/mrow»«/munder»«msqrt»«mn»5«/mn»«mi»x«/mi»«mo»+«/mo»«mn»2«/mn»«/msqrt»«/math»" src="csfiles/home_dir/JMartinBb/Math Images/9e90f9502618fce8afd0b85863c55d96.png"&gt;&lt;br&gt;&lt;/span&gt;&lt;/p&gt;</mattext></material></flow_mat></response_label></flow_label></render_choice></response_lid></flow></presentation><resprocessing><respcondition title="Response Condition 1"><conditionvar><varequal respident="QUES_42756908_42760989_LID">QUES_42756908_42760989_A130832727</varequal></conditionvar><setvar action="Set">100.000000000</setvar><displayfeedback feedbacktype="Response" linkrefid="QUES_42756908_42760989_IF130832727" /></respcondition><respcondition title="Response Condition 2"><conditionvar><varequal respident="QUES_42756908_42760989_LID">QUES_42756908_42760989_A130832728</varequal></conditionvar><setvar action="Set">0.000000000</setvar><displayfeedback feedbacktype="Response" linkrefid="QUES_42756908_42760989_IF130832728" /></respcondition><respcondition title="Response Condition 3"><conditionvar><varequal respident="QUES_42756908_42760989_LID">QUES_42756908_42760989_A130832729</varequal></conditionvar><setvar action="Set">0.000000000</setvar><displayfeedback feedbacktype="Response" linkrefid="QUES_42756908_42760989_IF130832729" /></respcondition><respcondition title="Response Condition 4"><conditionvar><varequal respident="QUES_42756908_42760989_LID">QUES_42756908_42760989_A130832730</varequal></conditionvar><setvar action="Set">0.000000000</setvar><displayfeedback feedbacktype="Response" linkrefid="QUES_42756908_42760989_IF130832730" /></respcondition><respcondition title="Response Condition 5"><conditionvar><varequal respident="QUES_42756908_42760989_LID">QUES_42756908_42760989_A130832731</varequal></conditionvar><setvar action="Set">0.000000000</setvar><displayfeedback feedbacktype="Response" linkrefid="QUES_42756908_42760989_IF130832731" /></respcondition></resprocessing><itemfeedback ident="QUES_42756908_42760989_IF130832727"><material><mattext texttype="text/plain" /></material></itemfeedback><itemfeedback ident="QUES_42756908_42760989_IF130832728"><material><mattext texttype="text/plain" /></material></itemfeedback><itemfeedback ident="QUES_42756908_42760989_IF130832729"><material><mattext texttype="text/plain" /></material></itemfeedback><itemfeedback ident="QUES_42756908_42760989_IF130832730"><material><mattext texttype="text/plain" /></material></itemfeedback><itemfeedback ident="QUES_42756908_42760989_IF130832731"><material><mattext texttype="text/plain" /></material></itemfeedback></item><item ident="OBJ_1651102" label="QUES_42756909_42760990" d2l_2p0:page="1"><itemmetadata><qtimetadata><qti_metadatafield><fieldlabel>qmd_computerscored</fieldlabel><fieldentry>yes</fieldentry></qti_metadatafield><qti_metadatafield><fieldlabel>qmd_questiontype</fieldlabel><fieldentry>Multiple Choice</fieldentry></qti_metadatafield><qti_metadatafield><fieldlabel>qmd_weighting</fieldlabel><fieldentry>1.000000000</fieldentry></qti_metadatafield><qti_metadatafield><fieldlabel>qmd_globalid</fieldlabel><fieldentry>a3007613-e19b-440a-ade4-b96723f2ea98</fieldentry></qti_metadatafield><qti_metadatafield><fieldlabel>qmd_displayid</fieldlabel><fieldentry>Sample Course-74108</fieldentry></qti_metadatafield></qtimetadata></itemmetadata><itemproc_extension><d2l_2p0:difficulty>3</d2l_2p0:difficulty><d2l_2p0:isbonus>no</d2l_2p0:isbonus><d2l_2p0:ismandatory>yes</d2l_2p0:ismandatory></itemproc_extension><presentation><flow><material><mattext texttype="text/html">&lt;p&gt;&lt;span style="color: #000000; font-family: 'Avenir Next', sans-serif; font-size: 18.6667px; font-style: normal; font-variant-ligatures: normal; font-variant-caps: normal; font-weight: 400; letter-spacing: normal; orphans: 2; text-align: start; text-indent: 0px; text-transform: none; white-space: normal; widows: 2; word-spacing: 0px; -webkit-text-stroke-width: 0px; text-decoration-style: initial; text-decoration-color: initial; float: none; display: inline !important;"&gt;&lt;img align="middle" alt="limit as increment x rightwards arrow 0 of fraction numerator square root of 5 plus increment x end root minus square root of 5 over denominator increment x end fraction" class="Wirisformula" data-mathml="«math xmlns=¨http://www.w3.org/1998/Math/MathML¨»«munder»«mi»lim«/mi»«mrow»«mo»§#8710;«/mo»«mi»x«/mi»«mo»§#8594;«/mo»«mn»0«/mn»«/mrow»«/munder»«mfrac»«mrow»«msqrt»«mn»5«/mn»«mo»+«/mo»«mo»§#8710;«/mo»«mi»x«/mi»«/msqrt»«mo»-«/mo»«msqrt»«mn»5«/mn»«/msqrt»«/mrow»«mrow»«mo»§#8710;«/mo»«mi»x«/mi»«/mrow»«/mfrac»«/math»" src="csfiles/home_dir/JMartinBb/Math Images/a7321ca5a36976782fe5fd635611d682.png"&gt;&lt;/span&gt;&amp;nbsp;&lt;span style="font-family: 'Avenir Next', sans-serif; letter-spacing: normal; margin: 0px; padding: 0px; border: 0px; outline: 0px; font-weight: 400; font-style: normal; font-size: 14pt; color: #000000; font-variant-ligatures: normal; font-variant-caps: normal; orphans: 2; text-align: start; text-indent: 0px; text-transform: none; white-space: normal; widows: 2; word-spacing: 0px; -webkit-text-stroke-width: 0px; text-decoration-style: initial; text-decoration-color: initial; text-shadow: none !important;"&gt;is equal to which of the following values?&lt;/span&gt;&lt;span style="font-family: 'Courier New'; letter-spacing: normal; margin: 0px; padding: 0px; border: 0px; outline: 0px; font-weight: 400; font-style: normal; font-size: 14pt; color: #000000; font-variant-ligatures: normal; font-variant-caps: normal; orphans: 2; text-align: start; text-indent: 0px; text-transform: none; white-space: normal; widows: 2; word-spacing: 0px; -webkit-text-stroke-width: 0px; text-decoration-style: initial; text-decoration-color: initial; text-shadow: none !important;"&gt;&lt;/span&gt;&lt;/p&gt;  &lt;p&gt;&lt;br&gt;&lt;/p&gt;</mattext></material><response_extension><d2l_2p0:display_style>2</d2l_2p0:display_style><d2l_2p0:enumeration>6</d2l_2p0:enumeration><d2l_2p0:grading_type>0</d2l_2p0:grading_type></response_extension><response_lid ident="QUES_42756909_42760990_LID" rcardinality="Single"><render_choice shuffle="no"><flow_label class="Block"><response_label ident="QUES_42756909_42760990_A130832732"><flow_mat><material><mattext texttype="text/html">&lt;p&gt;&lt;span style="font-size: medium;"&gt;0&lt;/span&gt;&lt;/p&gt;</mattext></material></flow_mat></response_label></flow_label><flow_label class="Block"><response_label ident="QUES_42756909_42760990_A130832733"><flow_mat><material><mattext texttype="text/html">&lt;p&gt;&lt;img align="middle" alt="1 fifth" class="Wirisformula" data-mathml="«math xmlns=¨http://www.w3.org/1998/Math/MathML¨»«mfrac»«mn»1«/mn»«mn»5«/mn»«/mfrac»«/math»" src="csfiles/home_dir/JMartinBb/Math Images/72c5afd0acbe3c78e736586a236780ef.png"&gt;&lt;/p&gt;</mattext></material></flow_mat></response_label></flow_label><flow_label class="Block"><response_label ident="QUES_42756909_42760990_A130832734"><flow_mat><material><mattext texttype="text/html">&lt;p&gt;&lt;img align="middle" alt="2 square root of 5" class="Wirisformula" data-mathml="«math xmlns=¨http://www.w3.org/1998/Math/MathML¨»«mn»2«/mn»«msqrt»«mn»5«/mn»«/msqrt»«/math»" src="csfiles/home_dir/JMartinBb/Math Images/e9c7797b4e9a2a3c3f866809a75c3e75.png"&gt;&lt;/p&gt;</mattext></material></flow_mat></response_label></flow_label><flow_label class="Block"><response_label ident="QUES_42756909_42760990_A130832735"><flow_mat><material><mattext texttype="text/html">&lt;p&gt;&lt;span style="font-size: medium;"&gt;1&lt;/span&gt;&lt;/p&gt;</mattext></material></flow_mat></response_label></flow_label><flow_label class="Block"><response_label ident="QUES_42756909_42760990_A130832736"><flow_mat><material><mattext texttype="text/html">&lt;p&gt;&lt;img align="middle" alt="fraction numerator 1 over denominator 2 square root of 5 end fraction" class="Wirisformula" data-mathml="«math xmlns=¨http://www.w3.org/1998/Math/MathML¨»«mfrac»«mn»1«/mn»«mrow»«mn»2«/mn»«msqrt»«mn»5«/mn»«/msqrt»«/mrow»«/mfrac»«/math»" src="csfiles/home_dir/JMartinBb/Math Images/98e0f17d61738af0c9ae2517b8257218.png"&gt;&lt;/p&gt;</mattext></material></flow_mat></response_label></flow_label></render_choice></response_lid></flow></presentation><resprocessing><respcondition title="Response Condition 1"><conditionvar><varequal respident="QUES_42756909_42760990_LID">QUES_42756909_42760990_A130832732</varequal></conditionvar><setvar action="Set">0.000000000</setvar><displayfeedback feedbacktype="Response" linkrefid="QUES_42756909_42760990_IF130832732" /></respcondition><respcondition title="Response Condition 2"><conditionvar><varequal respident="QUES_42756909_42760990_LID">QUES_42756909_42760990_A130832733</varequal></conditionvar><setvar action="Set">0.000000000</setvar><displayfeedback feedbacktype="Response" linkrefid="QUES_42756909_42760990_IF130832733" /></respcondition><respcondition title="Response Condition 3"><conditionvar><varequal respident="QUES_42756909_42760990_LID">QUES_42756909_42760990_A130832734</varequal></conditionvar><setvar action="Set">0.000000000</setvar><displayfeedback feedbacktype="Response" linkrefid="QUES_42756909_42760990_IF130832734" /></respcondition><respcondition title="Response Condition 4"><conditionvar><varequal respident="QUES_42756909_42760990_LID">QUES_42756909_42760990_A130832735</varequal></conditionvar><setvar action="Set">0.000000000</setvar><displayfeedback feedbacktype="Response" linkrefid="QUES_42756909_42760990_IF130832735" /></respcondition><respcondition title="Response Condition 5"><conditionvar><varequal respident="QUES_42756909_42760990_LID">QUES_42756909_42760990_A130832736</varequal></conditionvar><setvar action="Set">100.000000000</setvar><displayfeedback feedbacktype="Response" linkrefid="QUES_42756909_42760990_IF130832736" /></respcondition></resprocessing><itemfeedback ident="QUES_42756909_42760990_IF130832732"><material><mattext texttype="text/plain" /></material></itemfeedback><itemfeedback ident="QUES_42756909_42760990_IF130832733"><material><mattext texttype="text/plain" /></material></itemfeedback><itemfeedback ident="QUES_42756909_42760990_IF130832734"><material><mattext texttype="text/plain" /></material></itemfeedback><itemfeedback ident="QUES_42756909_42760990_IF130832735"><material><mattext texttype="text/plain" /></material></itemfeedback><itemfeedback ident="QUES_42756909_42760990_IF130832736"><material><mattext texttype="text/plain" /></material></itemfeedback></item></section></assessment></questestinterop>