﻿<?xml version="1.0" encoding="UTF-8"?><questestinterop xmlns:d2l_2p0="http://desire2learn.com/xsd/d2lcp_v2p0"><assessment d2l_2p0:id="465" title="The Mean Value Theorem Task" ident="res_quiz_122420" d2l_2p0:resource_code="ef9e56cc46d3486a98963923-145"><rubric><flow_mat><material><mattext d2l_2p0:isdisplayed="no" texttype="text/html" /></material></flow_mat></rubric><assessmentcontrol hintswitch="no" solutionswitch="yes" feedbackswitch="no" /><presentation_material><flow_mat><material label="page header"><mattext d2l_2p0:isdisplayed="no" texttype="text/html" /></material><material label="page footer"><mattext d2l_2p0:isdisplayed="no" texttype="text/html" /></material></flow_mat></presentation_material><assess_procextension><d2l_2p0:intro_message d2l_2p0:isdisplayed="yes" texttype="text/html">Respondus</d2l_2p0:intro_message><d2l_2p0:disable_right_click>no</d2l_2p0:disable_right_click><d2l_2p0:disable_pager_access>no</d2l_2p0:disable_pager_access><is_active>yes</is_active><d2l_2p0:date_start /><d2l_2p0:date_end /><d2l_2p0:date_due /><d2l_2p0:has_schedule_event>no</d2l_2p0:has_schedule_event><d2l_2p0:is_attempt_Rldb>no</d2l_2p0:is_attempt_Rldb><d2l_2p0:is_subview_Rldb>no</d2l_2p0:is_subview_Rldb><d2l_2p0:time_limit>120</d2l_2p0:time_limit><d2l_2p0:show_clock>yes</d2l_2p0:show_clock><d2l_2p0:enforce_time_limit>yes</d2l_2p0:enforce_time_limit><d2l_2p0:grace_period>5</d2l_2p0:grace_period><d2l_2p0:late_limit>0</d2l_2p0:late_limit><d2l_2p0:attempts_allowed>3</d2l_2p0:attempts_allowed><d2l_2p0:attempt_restrictions /><d2l_2p0:mark_calculation_type>1</d2l_2p0:mark_calculation_type><d2l_2p0:is_forward_only>no</d2l_2p0:is_forward_only></assess_procextension><assessfeedback title=""><rubric><flow_mat><material><mattext texttype="yes">Your quiz has been submitted successfully.</mattext></material></flow_mat></rubric><d2l_2p0:duration>0</d2l_2p0:duration><d2l_2p0:response_display_type_id>1</d2l_2p0:response_display_type_id><d2l_2p0:show_correct_answers>no</d2l_2p0:show_correct_answers><d2l_2p0:submission_restrictip>no</d2l_2p0:submission_restrictip><d2l_2p0:show_class_average>no</d2l_2p0:show_class_average><d2l_2p0:show_score_distribution>no</d2l_2p0:show_score_distribution></assessfeedback><section ident="CONTAINER_SECTION"><item ident="OBJ_1651205" label="QUES_42757012_42761093" d2l_2p0:page="1"><itemmetadata><qtimetadata><qti_metadatafield><fieldlabel>qmd_computerscored</fieldlabel><fieldentry>yes</fieldentry></qti_metadatafield><qti_metadatafield><fieldlabel>qmd_questiontype</fieldlabel><fieldentry>Multiple Choice</fieldentry></qti_metadatafield><qti_metadatafield><fieldlabel>qmd_weighting</fieldlabel><fieldentry>1.000000000</fieldentry></qti_metadatafield><qti_metadatafield><fieldlabel>qmd_globalid</fieldlabel><fieldentry>3e1fb8fa-a890-44ee-ac1b-0d4ec143edc6</fieldentry></qti_metadatafield><qti_metadatafield><fieldlabel>qmd_displayid</fieldlabel><fieldentry>Sample Course-74211</fieldentry></qti_metadatafield></qtimetadata></itemmetadata><itemproc_extension><d2l_2p0:difficulty>3</d2l_2p0:difficulty><d2l_2p0:isbonus>no</d2l_2p0:isbonus><d2l_2p0:ismandatory>yes</d2l_2p0:ismandatory></itemproc_extension><presentation><flow><material><mattext texttype="text/html">&lt;!--RsQ_001--&gt;&lt;span style="font-family:'Arial';"&gt;For the following graph, locate a value &lt;/span&gt;&lt;span style="font-family:'Arial'; color:#000000;"&gt;&lt;IMG src="ppg/respondus/Mean_Value_Theorem_Task_BB_Test/eq_fcc652.gif" alt="equation" border=0 align="absmiddle"&gt;&lt;/span&gt;&lt;span style="font-family:'Arial';"&gt; in the interval (-2,7) where &lt;/span&gt;&lt;span style="font-family:'Arial'; color:#000000;"&gt;&lt;IMG src="ppg/respondus/Mean_Value_Theorem_Task_BB_Test/eq_fcc661.gif" alt="equation" border=0 align="absmiddle"&gt;&lt;/span&gt;&lt;span style="font-family:'Arial';"&gt;&lt;br&gt;&lt;/span&gt;&lt;span style="font-family:'Arial'; color:#000000;"&gt;&lt;IMG src="ppg/respondus/Mean_Value_Theorem_Task_BB_Test/in_a.png" alt="image" align="bottom" border=0&gt;&lt;/span&gt;&lt;span style="font-family:'Arial';"&gt; &lt;/span&gt;</mattext></material><response_extension><d2l_2p0:display_style>2</d2l_2p0:display_style><d2l_2p0:enumeration>6</d2l_2p0:enumeration><d2l_2p0:grading_type>0</d2l_2p0:grading_type></response_extension><response_lid ident="QUES_42757012_42761093_LID" rcardinality="Single"><render_choice shuffle="no"><flow_label class="Block"><response_label ident="QUES_42757012_42761093_A130833312"><flow_mat><material><mattext texttype="text/html">&lt;span style="font-family:'Arial';"&gt;-1&lt;/span&gt;</mattext></material></flow_mat></response_label></flow_label><flow_label class="Block"><response_label ident="QUES_42757012_42761093_A130833313"><flow_mat><material><mattext texttype="text/html">&lt;span style="font-family:'Arial';"&gt;&lt;IMG src="ppg/respondus/Mean_Value_Theorem_Task_BB_Test/eq_fcc699.gif" alt="equation" border=0 align="absmiddle"&gt;&lt;/span&gt;</mattext></material></flow_mat></response_label></flow_label><flow_label class="Block"><response_label ident="QUES_42757012_42761093_A130833314"><flow_mat><material><mattext texttype="text/html">&lt;span style="font-family:'Arial';"&gt;2&lt;/span&gt;</mattext></material></flow_mat></response_label></flow_label><flow_label class="Block"><response_label ident="QUES_42757012_42761093_A130833315"><flow_mat><material><mattext texttype="text/html">&lt;span style="font-family:'Arial';"&gt;3&lt;/span&gt;</mattext></material></flow_mat></response_label></flow_label><flow_label class="Block"><response_label ident="QUES_42757012_42761093_A130833316"><flow_mat><material><mattext texttype="text/html">&lt;span style="font-family:'Arial';"&gt;5&lt;/span&gt;</mattext></material></flow_mat></response_label></flow_label><flow_label class="Block"><response_label ident="QUES_42757012_42761093_A130833317"><flow_mat><material><mattext texttype="text/html">&lt;span style="font-family:'Arial';"&gt;No such point exists&lt;/span&gt;</mattext></material></flow_mat></response_label></flow_label></render_choice></response_lid></flow></presentation><resprocessing><respcondition title="Response Condition 1"><conditionvar><varequal respident="QUES_42757012_42761093_LID">QUES_42757012_42761093_A130833312</varequal></conditionvar><setvar action="Set">0.000000000</setvar><displayfeedback feedbacktype="Response" linkrefid="QUES_42757012_42761093_IF130833312" /></respcondition><respcondition title="Response Condition 2"><conditionvar><varequal respident="QUES_42757012_42761093_LID">QUES_42757012_42761093_A130833313</varequal></conditionvar><setvar action="Set">0.000000000</setvar><displayfeedback feedbacktype="Response" linkrefid="QUES_42757012_42761093_IF130833313" /></respcondition><respcondition title="Response Condition 3"><conditionvar><varequal respident="QUES_42757012_42761093_LID">QUES_42757012_42761093_A130833314</varequal></conditionvar><setvar action="Set">100.000000000</setvar><displayfeedback feedbacktype="Response" linkrefid="QUES_42757012_42761093_IF130833314" /></respcondition><respcondition title="Response Condition 4"><conditionvar><varequal respident="QUES_42757012_42761093_LID">QUES_42757012_42761093_A130833315</varequal></conditionvar><setvar action="Set">0.000000000</setvar><displayfeedback feedbacktype="Response" linkrefid="QUES_42757012_42761093_IF130833315" /></respcondition><respcondition title="Response Condition 5"><conditionvar><varequal respident="QUES_42757012_42761093_LID">QUES_42757012_42761093_A130833316</varequal></conditionvar><setvar action="Set">0.000000000</setvar><displayfeedback feedbacktype="Response" linkrefid="QUES_42757012_42761093_IF130833316" /></respcondition><respcondition title="Response Condition 6"><conditionvar><varequal respident="QUES_42757012_42761093_LID">QUES_42757012_42761093_A130833317</varequal></conditionvar><setvar action="Set">0.000000000</setvar><displayfeedback feedbacktype="Response" linkrefid="QUES_42757012_42761093_IF130833317" /></respcondition></resprocessing><itemfeedback ident="QUES_42757012_42761093_IF130833312"><material><mattext texttype="text/plain" /></material></itemfeedback><itemfeedback ident="QUES_42757012_42761093_IF130833313"><material><mattext texttype="text/plain" /></material></itemfeedback><itemfeedback ident="QUES_42757012_42761093_IF130833314"><material><mattext texttype="text/plain" /></material></itemfeedback><itemfeedback ident="QUES_42757012_42761093_IF130833315"><material><mattext texttype="text/plain" /></material></itemfeedback><itemfeedback ident="QUES_42757012_42761093_IF130833316"><material><mattext texttype="text/plain" /></material></itemfeedback><itemfeedback ident="QUES_42757012_42761093_IF130833317"><material><mattext texttype="text/plain" /></material></itemfeedback></item><item ident="OBJ_1651206" label="QUES_42757013_42761094" d2l_2p0:page="1"><itemmetadata><qtimetadata><qti_metadatafield><fieldlabel>qmd_computerscored</fieldlabel><fieldentry>yes</fieldentry></qti_metadatafield><qti_metadatafield><fieldlabel>qmd_questiontype</fieldlabel><fieldentry>Multiple Choice</fieldentry></qti_metadatafield><qti_metadatafield><fieldlabel>qmd_weighting</fieldlabel><fieldentry>1.000000000</fieldentry></qti_metadatafield><qti_metadatafield><fieldlabel>qmd_globalid</fieldlabel><fieldentry>a6d5c2af-f451-4d6f-8cee-236ff7e39ce4</fieldentry></qti_metadatafield><qti_metadatafield><fieldlabel>qmd_displayid</fieldlabel><fieldentry>Sample Course-74212</fieldentry></qti_metadatafield></qtimetadata></itemmetadata><itemproc_extension><d2l_2p0:difficulty>3</d2l_2p0:difficulty><d2l_2p0:isbonus>no</d2l_2p0:isbonus><d2l_2p0:ismandatory>yes</d2l_2p0:ismandatory></itemproc_extension><presentation><flow><material><mattext texttype="text/html">&lt;!--RsQ_002--&gt;&lt;span style="font-family:'Arial';"&gt;For the following graph, locate a value &lt;/span&gt;&lt;span style="font-family:'Arial'; color:#000000;"&gt;&lt;IMG src="ppg/respondus/Mean_Value_Theorem_Task_BB_Test/eq_fcc6f7.gif" alt="equation" border=0 align="absmiddle"&gt;&lt;/span&gt;&lt;span style="font-family:'Arial';"&gt; in the interval (-2,7) where &lt;/span&gt;&lt;span style="font-family:'Arial'; color:#000000;"&gt;&lt;IMG src="ppg/respondus/Mean_Value_Theorem_Task_BB_Test/eq_fcc705.gif" alt="equation" border=0 align="absmiddle"&gt;&lt;/span&gt;&lt;span style="font-family:'Arial';"&gt;.&lt;br&gt;&lt;/span&gt;&lt;span style="font-family:'Arial'; color:#000000;"&gt;&lt;IMG src="ppg/respondus/Mean_Value_Theorem_Task_BB_Test/in_b.png" alt="image" align="bottom" border=0&gt;&lt;/span&gt;&lt;span style="font-family:'Arial';"&gt; &lt;/span&gt;</mattext></material><response_extension><d2l_2p0:display_style>2</d2l_2p0:display_style><d2l_2p0:enumeration>6</d2l_2p0:enumeration><d2l_2p0:grading_type>0</d2l_2p0:grading_type></response_extension><response_lid ident="QUES_42757013_42761094_LID" rcardinality="Single"><render_choice shuffle="no"><flow_label class="Block"><response_label ident="QUES_42757013_42761094_A130833318"><flow_mat><material><mattext texttype="text/html">&lt;span style="font-family:'Arial';"&gt;-1&lt;/span&gt;</mattext></material></flow_mat></response_label></flow_label><flow_label class="Block"><response_label ident="QUES_42757013_42761094_A130833319"><flow_mat><material><mattext texttype="text/html">&lt;span style="font-family:'Arial';"&gt;2&lt;/span&gt;</mattext></material></flow_mat></response_label></flow_label><flow_label class="Block"><response_label ident="QUES_42757013_42761094_A130833320"><flow_mat><material><mattext texttype="text/html">&lt;span style="font-family:'Arial';"&gt;4&lt;/span&gt;</mattext></material></flow_mat></response_label></flow_label><flow_label class="Block"><response_label ident="QUES_42757013_42761094_A130833321"><flow_mat><material><mattext texttype="text/html">&lt;span style="font-family:'Arial';"&gt;6&lt;/span&gt;</mattext></material></flow_mat></response_label></flow_label><flow_label class="Block"><response_label ident="QUES_42757013_42761094_A130833322"><flow_mat><material><mattext texttype="text/html">&lt;span style="font-family:'Arial';"&gt;No such point exists&lt;/span&gt;</mattext></material></flow_mat></response_label></flow_label></render_choice></response_lid></flow></presentation><resprocessing><respcondition title="Response Condition 1"><conditionvar><varequal respident="QUES_42757013_42761094_LID">QUES_42757013_42761094_A130833318</varequal></conditionvar><setvar action="Set">0.000000000</setvar><displayfeedback feedbacktype="Response" linkrefid="QUES_42757013_42761094_IF130833318" /></respcondition><respcondition title="Response Condition 2"><conditionvar><varequal respident="QUES_42757013_42761094_LID">QUES_42757013_42761094_A130833319</varequal></conditionvar><setvar action="Set">0.000000000</setvar><displayfeedback feedbacktype="Response" linkrefid="QUES_42757013_42761094_IF130833319" /></respcondition><respcondition title="Response Condition 3"><conditionvar><varequal respident="QUES_42757013_42761094_LID">QUES_42757013_42761094_A130833320</varequal></conditionvar><setvar action="Set">0.000000000</setvar><displayfeedback feedbacktype="Response" linkrefid="QUES_42757013_42761094_IF130833320" /></respcondition><respcondition title="Response Condition 4"><conditionvar><varequal respident="QUES_42757013_42761094_LID">QUES_42757013_42761094_A130833321</varequal></conditionvar><setvar action="Set">0.000000000</setvar><displayfeedback feedbacktype="Response" linkrefid="QUES_42757013_42761094_IF130833321" /></respcondition><respcondition title="Response Condition 5"><conditionvar><varequal respident="QUES_42757013_42761094_LID">QUES_42757013_42761094_A130833322</varequal></conditionvar><setvar action="Set">100.000000000</setvar><displayfeedback feedbacktype="Response" linkrefid="QUES_42757013_42761094_IF130833322" /></respcondition></resprocessing><itemfeedback ident="QUES_42757013_42761094_IF130833318"><material><mattext texttype="text/plain" /></material></itemfeedback><itemfeedback ident="QUES_42757013_42761094_IF130833319"><material><mattext texttype="text/plain" /></material></itemfeedback><itemfeedback ident="QUES_42757013_42761094_IF130833320"><material><mattext texttype="text/plain" /></material></itemfeedback><itemfeedback ident="QUES_42757013_42761094_IF130833321"><material><mattext texttype="text/plain" /></material></itemfeedback><itemfeedback ident="QUES_42757013_42761094_IF130833322"><material><mattext texttype="text/plain" /></material></itemfeedback></item><item ident="OBJ_1651207" label="QUES_42757014_42761095" d2l_2p0:page="1"><itemmetadata><qtimetadata><qti_metadatafield><fieldlabel>qmd_computerscored</fieldlabel><fieldentry>yes</fieldentry></qti_metadatafield><qti_metadatafield><fieldlabel>qmd_questiontype</fieldlabel><fieldentry>Multiple Choice</fieldentry></qti_metadatafield><qti_metadatafield><fieldlabel>qmd_weighting</fieldlabel><fieldentry>1.000000000</fieldentry></qti_metadatafield><qti_metadatafield><fieldlabel>qmd_globalid</fieldlabel><fieldentry>d4c5de9f-0e56-454b-a495-7ccc0424ce7d</fieldentry></qti_metadatafield><qti_metadatafield><fieldlabel>qmd_displayid</fieldlabel><fieldentry>Sample Course-74213</fieldentry></qti_metadatafield></qtimetadata></itemmetadata><itemproc_extension><d2l_2p0:difficulty>3</d2l_2p0:difficulty><d2l_2p0:isbonus>no</d2l_2p0:isbonus><d2l_2p0:ismandatory>yes</d2l_2p0:ismandatory></itemproc_extension><presentation><flow><material><mattext texttype="text/html">&lt;!--RsQ_003--&gt;&lt;span style="font-family:'Arial';"&gt;For the following graph, locate a value &lt;/span&gt;&lt;span style="font-family:'Arial'; color:#000000;"&gt;&lt;IMG src="ppg/respondus/Mean_Value_Theorem_Task_BB_Test/eq_fcc76b.gif" alt="equation" border=0 align="absmiddle"&gt;&lt;/span&gt;&lt;span style="font-family:'Arial';"&gt; in the interval (-2,7) where &lt;/span&gt;&lt;span style="font-family:'Arial'; color:#000000;"&gt;&lt;IMG src="ppg/respondus/Mean_Value_Theorem_Task_BB_Test/eq_fcc778.gif" alt="equation" border=0 align="absmiddle"&gt;&lt;/span&gt;&lt;span style="font-family:'Arial';"&gt;.&lt;br&gt;&lt;/span&gt;&lt;span style="font-family:'Arial'; color:#000000;"&gt;&lt;IMG src="ppg/respondus/Mean_Value_Theorem_Task_BB_Test/in_c.png" alt="image" align="bottom" border=0&gt;&lt;/span&gt;&lt;span style="font-family:'Arial';"&gt; &lt;/span&gt;</mattext></material><response_extension><d2l_2p0:display_style>2</d2l_2p0:display_style><d2l_2p0:enumeration>6</d2l_2p0:enumeration><d2l_2p0:grading_type>0</d2l_2p0:grading_type></response_extension><response_lid ident="QUES_42757014_42761095_LID" rcardinality="Single"><render_choice shuffle="no"><flow_label class="Block"><response_label ident="QUES_42757014_42761095_A130833323"><flow_mat><material><mattext texttype="text/html">&lt;span style="font-family:'Arial';"&gt;1&lt;/span&gt;</mattext></material></flow_mat></response_label></flow_label><flow_label class="Block"><response_label ident="QUES_42757014_42761095_A130833324"><flow_mat><material><mattext texttype="text/html">&lt;span style="font-family:'Arial';"&gt;2&lt;/span&gt;</mattext></material></flow_mat></response_label></flow_label><flow_label class="Block"><response_label ident="QUES_42757014_42761095_A130833325"><flow_mat><material><mattext texttype="text/html">&lt;span style="font-family:'Arial';"&gt;3&lt;/span&gt;</mattext></material></flow_mat></response_label></flow_label><flow_label class="Block"><response_label ident="QUES_42757014_42761095_A130833326"><flow_mat><material><mattext texttype="text/html">&lt;span style="font-family:'Arial';"&gt;4.25&lt;/span&gt;</mattext></material></flow_mat></response_label></flow_label><flow_label class="Block"><response_label ident="QUES_42757014_42761095_A130833327"><flow_mat><material><mattext texttype="text/html">&lt;span style="font-family:'Arial';"&gt;6&lt;/span&gt;</mattext></material></flow_mat></response_label></flow_label><flow_label class="Block"><response_label ident="QUES_42757014_42761095_A130833328"><flow_mat><material><mattext texttype="text/html">&lt;span style="font-family:'Arial';"&gt;No such point exists&lt;/span&gt;</mattext></material></flow_mat></response_label></flow_label></render_choice></response_lid></flow></presentation><resprocessing><respcondition title="Response Condition 1"><conditionvar><varequal respident="QUES_42757014_42761095_LID">QUES_42757014_42761095_A130833323</varequal></conditionvar><setvar action="Set">0.000000000</setvar><displayfeedback feedbacktype="Response" linkrefid="QUES_42757014_42761095_IF130833323" /></respcondition><respcondition title="Response Condition 2"><conditionvar><varequal respident="QUES_42757014_42761095_LID">QUES_42757014_42761095_A130833324</varequal></conditionvar><setvar action="Set">0.000000000</setvar><displayfeedback feedbacktype="Response" linkrefid="QUES_42757014_42761095_IF130833324" /></respcondition><respcondition title="Response Condition 3"><conditionvar><varequal respident="QUES_42757014_42761095_LID">QUES_42757014_42761095_A130833325</varequal></conditionvar><setvar action="Set">0.000000000</setvar><displayfeedback feedbacktype="Response" linkrefid="QUES_42757014_42761095_IF130833325" /></respcondition><respcondition title="Response Condition 4"><conditionvar><varequal respident="QUES_42757014_42761095_LID">QUES_42757014_42761095_A130833326</varequal></conditionvar><setvar action="Set">0.000000000</setvar><displayfeedback feedbacktype="Response" linkrefid="QUES_42757014_42761095_IF130833326" /></respcondition><respcondition title="Response Condition 5"><conditionvar><varequal respident="QUES_42757014_42761095_LID">QUES_42757014_42761095_A130833327</varequal></conditionvar><setvar action="Set">0.000000000</setvar><displayfeedback feedbacktype="Response" linkrefid="QUES_42757014_42761095_IF130833327" /></respcondition><respcondition title="Response Condition 6"><conditionvar><varequal respident="QUES_42757014_42761095_LID">QUES_42757014_42761095_A130833328</varequal></conditionvar><setvar action="Set">100.000000000</setvar><displayfeedback feedbacktype="Response" linkrefid="QUES_42757014_42761095_IF130833328" /></respcondition></resprocessing><itemfeedback ident="QUES_42757014_42761095_IF130833323"><material><mattext texttype="text/plain" /></material></itemfeedback><itemfeedback ident="QUES_42757014_42761095_IF130833324"><material><mattext texttype="text/plain" /></material></itemfeedback><itemfeedback ident="QUES_42757014_42761095_IF130833325"><material><mattext texttype="text/plain" /></material></itemfeedback><itemfeedback ident="QUES_42757014_42761095_IF130833326"><material><mattext texttype="text/plain" /></material></itemfeedback><itemfeedback ident="QUES_42757014_42761095_IF130833327"><material><mattext texttype="text/plain" /></material></itemfeedback><itemfeedback ident="QUES_42757014_42761095_IF130833328"><material><mattext texttype="text/plain" /></material></itemfeedback></item></section></assessment></questestinterop>