﻿<?xml version="1.0" encoding="UTF-8"?><questestinterop xmlns:d2l_2p0="http://desire2learn.com/xsd/d2lcp_v2p0"><assessment d2l_2p0:id="416" title="Constant Rate of Change PostVideo Questions" ident="res_quiz_122371" d2l_2p0:resource_code="ef9e56cc46d3486a98963923-96"><rubric><flow_mat><material><mattext d2l_2p0:isdisplayed="yes" texttype="text/html">&lt;p&gt;&lt;span style="color: #292b2c; font-family: 'Avenir Next', sans-serif; font-size: medium; font-style: normal; font-variant-ligatures: normal; font-variant-caps: normal; font-weight: 400; letter-spacing: normal; orphans: 2; text-align: start; text-indent: 0px; text-transform: none; white-space: normal; widows: 2; word-spacing: 0px; -webkit-text-stroke-width: 0px; text-decoration-style: initial; text-decoration-color: initial; float: none; display: inline !important;"&gt;Answer all questions.&lt;/span&gt;&lt;/p&gt;</mattext></material></flow_mat></rubric><assessmentcontrol hintswitch="no" solutionswitch="yes" feedbackswitch="no" /><presentation_material><flow_mat><material label="page header"><mattext d2l_2p0:isdisplayed="no" texttype="text/html" /></material><material label="page footer"><mattext d2l_2p0:isdisplayed="no" texttype="text/html" /></material></flow_mat></presentation_material><assess_procextension><d2l_2p0:intro_message d2l_2p0:isdisplayed="yes" texttype="text/html">&lt;p&gt;&lt;span style="color: #292b2c; font-family: 'Avenir Next', sans-serif; font-size: medium; font-style: normal; font-variant-ligatures: normal; font-variant-caps: normal; font-weight: 400; letter-spacing: normal; orphans: 2; text-align: start; text-indent: 0px; text-transform: none; white-space: normal; widows: 2; word-spacing: 0px; -webkit-text-stroke-width: 0px; text-decoration-style: initial; text-decoration-color: initial; float: none; display: inline !important;"&gt;PostVideo Questions are intended to measure your learning from the video. This is for a grade. You get three attempts. Your last attempt is the only attempt that counts toward your grade.&lt;/span&gt;&lt;/p&gt;</d2l_2p0:intro_message><d2l_2p0:disable_right_click>no</d2l_2p0:disable_right_click><d2l_2p0:disable_pager_access>no</d2l_2p0:disable_pager_access><is_active>yes</is_active><d2l_2p0:date_start /><d2l_2p0:date_end /><d2l_2p0:date_due /><d2l_2p0:has_schedule_event>no</d2l_2p0:has_schedule_event><d2l_2p0:is_attempt_Rldb>no</d2l_2p0:is_attempt_Rldb><d2l_2p0:is_subview_Rldb>no</d2l_2p0:is_subview_Rldb><d2l_2p0:time_limit>120</d2l_2p0:time_limit><d2l_2p0:show_clock>yes</d2l_2p0:show_clock><d2l_2p0:enforce_time_limit>yes</d2l_2p0:enforce_time_limit><d2l_2p0:grace_period>5</d2l_2p0:grace_period><d2l_2p0:late_limit>0</d2l_2p0:late_limit><d2l_2p0:attempts_allowed>3</d2l_2p0:attempts_allowed><d2l_2p0:attempt_restrictions /><d2l_2p0:mark_calculation_type>1</d2l_2p0:mark_calculation_type><d2l_2p0:is_forward_only>no</d2l_2p0:is_forward_only></assess_procextension><assessfeedback title=""><rubric><flow_mat><material><mattext texttype="yes">Your quiz has been submitted successfully.</mattext></material></flow_mat></rubric><d2l_2p0:duration>0</d2l_2p0:duration><d2l_2p0:response_display_type_id>1</d2l_2p0:response_display_type_id><d2l_2p0:show_correct_answers>no</d2l_2p0:show_correct_answers><d2l_2p0:submission_restrictip>no</d2l_2p0:submission_restrictip><d2l_2p0:show_class_average>no</d2l_2p0:show_class_average><d2l_2p0:show_score_distribution>no</d2l_2p0:show_score_distribution></assessfeedback><section ident="CONTAINER_SECTION"><item ident="OBJ_1651081" label="QUES_42756888_42760969" d2l_2p0:page="1"><itemmetadata><qtimetadata><qti_metadatafield><fieldlabel>qmd_computerscored</fieldlabel><fieldentry>yes</fieldentry></qti_metadatafield><qti_metadatafield><fieldlabel>qmd_questiontype</fieldlabel><fieldentry>Multiple Choice</fieldentry></qti_metadatafield><qti_metadatafield><fieldlabel>qmd_weighting</fieldlabel><fieldentry>1.000000000</fieldentry></qti_metadatafield><qti_metadatafield><fieldlabel>qmd_globalid</fieldlabel><fieldentry>476fd7d4-b5de-4db7-bf0b-0bcd9b36dca5</fieldentry></qti_metadatafield><qti_metadatafield><fieldlabel>qmd_displayid</fieldlabel><fieldentry>Sample Course-74087</fieldentry></qti_metadatafield></qtimetadata></itemmetadata><itemproc_extension><d2l_2p0:difficulty>3</d2l_2p0:difficulty><d2l_2p0:isbonus>no</d2l_2p0:isbonus><d2l_2p0:ismandatory>yes</d2l_2p0:ismandatory></itemproc_extension><presentation><flow><material><mattext texttype="text/html">&lt;p style="margin-top: 0in; margin-right: -.25in; margin-bottom: .0001pt; margin-left: .25in; text-indent: -.25in;"&gt;&lt;/p&gt;  &lt;p style="margin-right: -.25in;"&gt;&lt;span style="font-family: 'Avenir Next',sans-serif;"&gt;&lt;span style="font-size: medium;"&gt;A candle has been burning at a constant rate of change of 2.25 inches per hour. The candle has been burning for 4 hours and is 4.5 inches tall. What was the length of the candle before it was lit?&lt;/span&gt;&lt;b&gt;&lt;/b&gt;&lt;/span&gt;&lt;/p&gt;  &lt;p style="margin-top: 0in; margin-right: -.25in; margin-bottom: .0001pt; margin-left: .25in; text-indent: -.25in;"&gt;&lt;/p&gt;</mattext></material><response_extension><d2l_2p0:display_style>2</d2l_2p0:display_style><d2l_2p0:enumeration>6</d2l_2p0:enumeration><d2l_2p0:grading_type>0</d2l_2p0:grading_type></response_extension><response_lid ident="QUES_42756888_42760969_LID" rcardinality="Single"><render_choice shuffle="no"><flow_label class="Block"><response_label ident="QUES_42756888_42760969_A130832627"><flow_mat><material><mattext texttype="text/html">&lt;p&gt;&lt;span style="color: #000000; font-family: 'Avenir Next', sans-serif; font-size: medium; font-style: normal; font-variant-ligatures: normal; font-variant-caps: normal; font-weight: 400; letter-spacing: normal; orphans: 2; text-align: start; text-indent: -24px; text-transform: none; white-space: normal; widows: 2; word-spacing: 0px; -webkit-text-stroke-width: 0px; text-decoration-style: initial; text-decoration-color: initial; float: none; display: inline !important;"&gt;4.5 inches&lt;/span&gt;&lt;/p&gt;</mattext></material></flow_mat></response_label></flow_label><flow_label class="Block"><response_label ident="QUES_42756888_42760969_A130832628"><flow_mat><material><mattext texttype="text/html">&lt;p&gt;&lt;span style="color: #000000; font-family: 'Avenir Next', sans-serif; font-size: medium; font-style: normal; font-variant-ligatures: normal; font-variant-caps: normal; font-weight: 400; letter-spacing: normal; orphans: 2; text-align: start; text-indent: -24px; text-transform: none; white-space: normal; widows: 2; word-spacing: 0px; -webkit-text-stroke-width: 0px; text-decoration-style: initial; text-decoration-color: initial; float: none; display: inline !important;"&gt;6.75 inches&lt;/span&gt;&lt;/p&gt;</mattext></material></flow_mat></response_label></flow_label><flow_label class="Block"><response_label ident="QUES_42756888_42760969_A130832629"><flow_mat><material><mattext texttype="text/html">&lt;p&gt;&lt;span style="color: #000000; font-family: 'Avenir Next', sans-serif; font-size: medium; font-style: normal; font-variant-ligatures: normal; font-variant-caps: normal; font-weight: 400; letter-spacing: normal; orphans: 2; text-align: start; text-indent: -24px; text-transform: none; white-space: normal; widows: 2; word-spacing: 0px; -webkit-text-stroke-width: 0px; text-decoration-style: initial; text-decoration-color: initial; float: none; display: inline !important;"&gt;9 inches&lt;/span&gt;&lt;/p&gt;</mattext></material></flow_mat></response_label></flow_label><flow_label class="Block"><response_label ident="QUES_42756888_42760969_A130832630"><flow_mat><material><mattext texttype="text/html">&lt;p&gt;&lt;span style="color: #000000; font-family: 'Avenir Next', sans-serif; font-size: medium; font-style: normal; font-variant-ligatures: normal; font-variant-caps: normal; font-weight: 400; letter-spacing: normal; orphans: 2; text-align: start; text-indent: -24px; text-transform: none; white-space: normal; widows: 2; word-spacing: 0px; -webkit-text-stroke-width: 0px; text-decoration-style: initial; text-decoration-color: initial; float: none; display: inline !important;"&gt;13.5 inches&lt;/span&gt;&lt;/p&gt;</mattext></material></flow_mat></response_label></flow_label><flow_label class="Block"><response_label ident="QUES_42756888_42760969_A130832631"><flow_mat><material><mattext texttype="text/html">&lt;p&gt;&lt;span style="color: #000000; font-family: 'Avenir Next', sans-serif; font-size: medium; font-style: normal; font-variant-ligatures: normal; font-variant-caps: normal; font-weight: 400; letter-spacing: normal; orphans: 2; text-align: start; text-indent: -24px; text-transform: none; white-space: normal; widows: 2; word-spacing: 0px; -webkit-text-stroke-width: 0px; text-decoration-style: initial; text-decoration-color: initial; float: none; display: inline !important;"&gt;20.25 inches&lt;/span&gt;&lt;/p&gt;</mattext></material></flow_mat></response_label></flow_label></render_choice></response_lid></flow></presentation><resprocessing><respcondition title="Response Condition 1"><conditionvar><varequal respident="QUES_42756888_42760969_LID">QUES_42756888_42760969_A130832627</varequal></conditionvar><setvar action="Set">0.000000000</setvar><displayfeedback feedbacktype="Response" linkrefid="QUES_42756888_42760969_IF130832627" /></respcondition><respcondition title="Response Condition 2"><conditionvar><varequal respident="QUES_42756888_42760969_LID">QUES_42756888_42760969_A130832628</varequal></conditionvar><setvar action="Set">0.000000000</setvar><displayfeedback feedbacktype="Response" linkrefid="QUES_42756888_42760969_IF130832628" /></respcondition><respcondition title="Response Condition 3"><conditionvar><varequal respident="QUES_42756888_42760969_LID">QUES_42756888_42760969_A130832629</varequal></conditionvar><setvar action="Set">0.000000000</setvar><displayfeedback feedbacktype="Response" linkrefid="QUES_42756888_42760969_IF130832629" /></respcondition><respcondition title="Response Condition 4"><conditionvar><varequal respident="QUES_42756888_42760969_LID">QUES_42756888_42760969_A130832630</varequal></conditionvar><setvar action="Set">100.000000000</setvar><displayfeedback feedbacktype="Response" linkrefid="QUES_42756888_42760969_IF130832630" /></respcondition><respcondition title="Response Condition 5"><conditionvar><varequal respident="QUES_42756888_42760969_LID">QUES_42756888_42760969_A130832631</varequal></conditionvar><setvar action="Set">0.000000000</setvar><displayfeedback feedbacktype="Response" linkrefid="QUES_42756888_42760969_IF130832631" /></respcondition></resprocessing><itemfeedback ident="QUES_42756888_42760969_IF130832627"><material><mattext texttype="text/plain" /></material></itemfeedback><itemfeedback ident="QUES_42756888_42760969_IF130832628"><material><mattext texttype="text/plain" /></material></itemfeedback><itemfeedback ident="QUES_42756888_42760969_IF130832629"><material><mattext texttype="text/plain" /></material></itemfeedback><itemfeedback ident="QUES_42756888_42760969_IF130832630"><material><mattext texttype="text/plain" /></material></itemfeedback><itemfeedback ident="QUES_42756888_42760969_IF130832631"><material><mattext texttype="text/plain" /></material></itemfeedback></item><item ident="OBJ_1651082" label="QUES_42756889_42760970" d2l_2p0:page="1"><itemmetadata><qtimetadata><qti_metadatafield><fieldlabel>qmd_computerscored</fieldlabel><fieldentry>yes</fieldentry></qti_metadatafield><qti_metadatafield><fieldlabel>qmd_questiontype</fieldlabel><fieldentry>Multiple Choice</fieldentry></qti_metadatafield><qti_metadatafield><fieldlabel>qmd_weighting</fieldlabel><fieldentry>1.000000000</fieldentry></qti_metadatafield><qti_metadatafield><fieldlabel>qmd_globalid</fieldlabel><fieldentry>746042b3-41f7-439f-85a2-a238af589e26</fieldentry></qti_metadatafield><qti_metadatafield><fieldlabel>qmd_displayid</fieldlabel><fieldentry>Sample Course-74088</fieldentry></qti_metadatafield></qtimetadata></itemmetadata><itemproc_extension><d2l_2p0:difficulty>3</d2l_2p0:difficulty><d2l_2p0:isbonus>no</d2l_2p0:isbonus><d2l_2p0:ismandatory>yes</d2l_2p0:ismandatory></itemproc_extension><presentation><flow><material><mattext texttype="text/html">&lt;p&gt;&lt;span style="font-family: 'Avenir Next', sans-serif; font-size: medium;"&gt;When only half full, an Olympic sized swimming pool holds 330,000 gallons of water. Water is being pumped out of an Olympic pool at a constant rate. Every increase of five minutes in the number of minutes &lt;i&gt;x&lt;/i&gt; since half full, the amount of water in the pool decreases by 120 gallons. &lt;/span&gt;&lt;/p&gt;  &lt;p&gt;&lt;span style="font-family: 'Avenir Next', sans-serif; font-size: medium;"&gt;Which of the following statements is definitely true? (Note: ∆&lt;i&gt;y&lt;/i&gt; can be read as "change in &lt;i&gt;y&lt;/i&gt;" and ∆&lt;i&gt;x&lt;/i&gt; as "change in &lt;i&gt;x&lt;/i&gt;.")&lt;/span&gt;&lt;/p&gt;</mattext></material><response_extension><d2l_2p0:display_style>2</d2l_2p0:display_style><d2l_2p0:enumeration>4</d2l_2p0:enumeration><d2l_2p0:grading_type>0</d2l_2p0:grading_type></response_extension><response_lid ident="QUES_42756889_42760970_LID" rcardinality="Single"><render_choice shuffle="no"><flow_label class="Block"><response_label ident="QUES_42756889_42760970_A130832632"><flow_mat><material><mattext texttype="text/html">&lt;p&gt;&lt;span style="font-size: medium; font-family: 'Avenir Next', sans-serif;"&gt;∆&lt;i&gt;x&lt;/i&gt; = –24∆&lt;i&gt;y&lt;/i&gt;&lt;/span&gt;&lt;/p&gt;</mattext></material></flow_mat></response_label></flow_label><flow_label class="Block"><response_label ident="QUES_42756889_42760970_A130832633"><flow_mat><material><mattext texttype="text/html">&lt;p&gt;&lt;span style="font-size: medium;"&gt;&lt;i&gt;&lt;span style="font-family: 'Avenir Next', sans-serif;"&gt;x&lt;/span&gt;&lt;/i&gt;&lt;span style="font-family: 'Avenir Next', sans-serif;"&gt; = –24&lt;i&gt;y&lt;/i&gt;&lt;/span&gt;&lt;/span&gt;&lt;/p&gt;</mattext></material></flow_mat></response_label></flow_label><flow_label class="Block"><response_label ident="QUES_42756889_42760970_A130832634"><flow_mat><material><mattext texttype="text/html">&lt;p&gt;&lt;i&gt;&lt;span style="font-size: 12.0pt; font-family: 'Avenir Next',sans-serif;"&gt;y&lt;/span&gt;&lt;/i&gt;&lt;span style="font-size: 12.0pt; font-family: 'Avenir Next',sans-serif;"&gt; = –24&lt;i&gt;x&lt;/i&gt;&lt;/span&gt;&lt;/p&gt;</mattext></material></flow_mat></response_label></flow_label><flow_label class="Block"><response_label ident="QUES_42756889_42760970_A130832635"><flow_mat><material><mattext texttype="text/html">&lt;p&gt;&lt;span style="font-size: 12.0pt; font-family: 'Avenir Next',sans-serif;"&gt;∆&lt;i&gt;y&lt;/i&gt; = –24∆&lt;i&gt;x&lt;/i&gt;&lt;/span&gt;&lt;/p&gt;</mattext></material></flow_mat></response_label></flow_label><flow_label class="Block"><response_label ident="QUES_42756889_42760970_A130832636"><flow_mat><material><mattext texttype="text/html">&lt;p&gt;&lt;span style="font-size: medium; font-family: 'Avenir Next', sans-serif;"&gt;Only statements (a) and (b) are definitely true.&lt;/span&gt;&lt;/p&gt;</mattext></material></flow_mat></response_label></flow_label><flow_label class="Block"><response_label ident="QUES_42756889_42760970_A130832637"><flow_mat><material><mattext texttype="text/html">&lt;p&gt;&lt;span style="font-size: medium; font-family: 'Avenir Next', sans-serif;"&gt;Only statements (c) and (d) are definitely true.&lt;/span&gt;&lt;/p&gt;</mattext></material></flow_mat></response_label></flow_label></render_choice></response_lid></flow></presentation><resprocessing><respcondition title="Response Condition 1"><conditionvar><varequal respident="QUES_42756889_42760970_LID">QUES_42756889_42760970_A130832632</varequal></conditionvar><setvar action="Set">0.000000000</setvar><displayfeedback feedbacktype="Response" linkrefid="QUES_42756889_42760970_IF130832632" /></respcondition><respcondition title="Response Condition 2"><conditionvar><varequal respident="QUES_42756889_42760970_LID">QUES_42756889_42760970_A130832633</varequal></conditionvar><setvar action="Set">0.000000000</setvar><displayfeedback feedbacktype="Response" linkrefid="QUES_42756889_42760970_IF130832633" /></respcondition><respcondition title="Response Condition 3"><conditionvar><varequal respident="QUES_42756889_42760970_LID">QUES_42756889_42760970_A130832634</varequal></conditionvar><setvar action="Set">0.000000000</setvar><displayfeedback feedbacktype="Response" linkrefid="QUES_42756889_42760970_IF130832634" /></respcondition><respcondition title="Response Condition 4"><conditionvar><varequal respident="QUES_42756889_42760970_LID">QUES_42756889_42760970_A130832635</varequal></conditionvar><setvar action="Set">100.000000000</setvar><displayfeedback feedbacktype="Response" linkrefid="QUES_42756889_42760970_IF130832635" /></respcondition><respcondition title="Response Condition 5"><conditionvar><varequal respident="QUES_42756889_42760970_LID">QUES_42756889_42760970_A130832636</varequal></conditionvar><setvar action="Set">0.000000000</setvar><displayfeedback feedbacktype="Response" linkrefid="QUES_42756889_42760970_IF130832636" /></respcondition><respcondition title="Response Condition 6"><conditionvar><varequal respident="QUES_42756889_42760970_LID">QUES_42756889_42760970_A130832637</varequal></conditionvar><setvar action="Set">0.000000000</setvar><displayfeedback feedbacktype="Response" linkrefid="QUES_42756889_42760970_IF130832637" /></respcondition></resprocessing><itemfeedback ident="QUES_42756889_42760970_IF130832632"><material><mattext texttype="text/plain" /></material></itemfeedback><itemfeedback ident="QUES_42756889_42760970_IF130832633"><material><mattext texttype="text/plain" /></material></itemfeedback><itemfeedback ident="QUES_42756889_42760970_IF130832634"><material><mattext texttype="text/plain" /></material></itemfeedback><itemfeedback ident="QUES_42756889_42760970_IF130832635"><material><mattext texttype="text/plain" /></material></itemfeedback><itemfeedback ident="QUES_42756889_42760970_IF130832636"><material><mattext texttype="text/plain" /></material></itemfeedback><itemfeedback ident="QUES_42756889_42760970_IF130832637"><material><mattext texttype="text/plain" /></material></itemfeedback></item></section></assessment></questestinterop>