﻿<?xml version="1.0" encoding="UTF-8"?><questestinterop xmlns:d2l_2p0="http://desire2learn.com/xsd/d2lcp_v2p0"><assessment d2l_2p0:id="468" title="L'Hopital's Rule PreVideo Questions" ident="res_quiz_122423" d2l_2p0:resource_code="ef9e56cc46d3486a98963923-148"><rubric><flow_mat><material><mattext d2l_2p0:isdisplayed="no" texttype="text/html" /></material></flow_mat></rubric><assessmentcontrol hintswitch="no" solutionswitch="yes" feedbackswitch="no" /><presentation_material><flow_mat><material label="page header"><mattext d2l_2p0:isdisplayed="no" texttype="text/html" /></material><material label="page footer"><mattext d2l_2p0:isdisplayed="no" texttype="text/html" /></material></flow_mat></presentation_material><assess_procextension><d2l_2p0:intro_message d2l_2p0:isdisplayed="yes" texttype="text/html">Respondus</d2l_2p0:intro_message><d2l_2p0:disable_right_click>no</d2l_2p0:disable_right_click><d2l_2p0:disable_pager_access>no</d2l_2p0:disable_pager_access><is_active>yes</is_active><d2l_2p0:date_start /><d2l_2p0:date_end /><d2l_2p0:date_due /><d2l_2p0:has_schedule_event>no</d2l_2p0:has_schedule_event><d2l_2p0:is_attempt_Rldb>no</d2l_2p0:is_attempt_Rldb><d2l_2p0:is_subview_Rldb>no</d2l_2p0:is_subview_Rldb><d2l_2p0:time_limit>120</d2l_2p0:time_limit><d2l_2p0:show_clock>yes</d2l_2p0:show_clock><d2l_2p0:enforce_time_limit>yes</d2l_2p0:enforce_time_limit><d2l_2p0:grace_period>5</d2l_2p0:grace_period><d2l_2p0:late_limit>0</d2l_2p0:late_limit><d2l_2p0:attempts_allowed>3</d2l_2p0:attempts_allowed><d2l_2p0:attempt_restrictions /><d2l_2p0:mark_calculation_type>1</d2l_2p0:mark_calculation_type><d2l_2p0:is_forward_only>no</d2l_2p0:is_forward_only></assess_procextension><assessfeedback title=""><rubric><flow_mat><material><mattext texttype="yes">Your quiz has been submitted successfully.</mattext></material></flow_mat></rubric><d2l_2p0:duration>0</d2l_2p0:duration><d2l_2p0:response_display_type_id>1</d2l_2p0:response_display_type_id><d2l_2p0:show_correct_answers>no</d2l_2p0:show_correct_answers><d2l_2p0:submission_restrictip>no</d2l_2p0:submission_restrictip><d2l_2p0:show_class_average>no</d2l_2p0:show_class_average><d2l_2p0:show_score_distribution>no</d2l_2p0:show_score_distribution></assessfeedback><section ident="CONTAINER_SECTION"><item ident="OBJ_1651216" label="QUES_42757023_42761104" d2l_2p0:page="1"><itemmetadata><qtimetadata><qti_metadatafield><fieldlabel>qmd_computerscored</fieldlabel><fieldentry>yes</fieldentry></qti_metadatafield><qti_metadatafield><fieldlabel>qmd_questiontype</fieldlabel><fieldentry>Multiple Choice</fieldentry></qti_metadatafield><qti_metadatafield><fieldlabel>qmd_weighting</fieldlabel><fieldentry>1.000000000</fieldentry></qti_metadatafield><qti_metadatafield><fieldlabel>qmd_globalid</fieldlabel><fieldentry>64557459-70af-4d93-ba01-0acdfbaefd5f</fieldentry></qti_metadatafield><qti_metadatafield><fieldlabel>qmd_displayid</fieldlabel><fieldentry>Sample Course-74222</fieldentry></qti_metadatafield></qtimetadata></itemmetadata><itemproc_extension><d2l_2p0:difficulty>3</d2l_2p0:difficulty><d2l_2p0:isbonus>no</d2l_2p0:isbonus><d2l_2p0:ismandatory>yes</d2l_2p0:ismandatory></itemproc_extension><presentation><flow><material><mattext texttype="text/html">&lt;!--RsQ_001--&gt;&lt;span style="font-family:'Arial';"&gt;Evaluate the limit: &lt;/span&gt;&lt;span style="font-family:'Arial'; color:#000000;"&gt;&lt;IMG src="ppg/respondus/L'Hopital's_Rule_Pre_BB_Test/eq_fb6088.gif" alt="equation" border=0 align="absmiddle"&gt;&lt;/span&gt;&lt;span style="font-family:'Arial';"&gt; &lt;/span&gt;</mattext></material><response_extension><d2l_2p0:display_style>2</d2l_2p0:display_style><d2l_2p0:enumeration>6</d2l_2p0:enumeration><d2l_2p0:grading_type>0</d2l_2p0:grading_type></response_extension><response_lid ident="QUES_42757023_42761104_LID" rcardinality="Single"><render_choice shuffle="no"><flow_label class="Block"><response_label ident="QUES_42757023_42761104_A130833403"><flow_mat><material><mattext texttype="text/html">&lt;span style="font-family:'Arial';"&gt;0&lt;/span&gt;</mattext></material></flow_mat></response_label></flow_label><flow_label class="Block"><response_label ident="QUES_42757023_42761104_A130833404"><flow_mat><material><mattext texttype="text/html">&lt;span style="font-family:'Arial';"&gt;1&lt;/span&gt;</mattext></material></flow_mat></response_label></flow_label><flow_label class="Block"><response_label ident="QUES_42757023_42761104_A130833405"><flow_mat><material><mattext texttype="text/html">&lt;span style="font-family:'Arial';"&gt;2&lt;/span&gt;</mattext></material></flow_mat></response_label></flow_label><flow_label class="Block"><response_label ident="QUES_42757023_42761104_A130833406"><flow_mat><material><mattext texttype="text/html">&lt;span style="font-family:'Arial';"&gt;&lt;IMG src="ppg/respondus/L'Hopital's_Rule_Pre_BB_Test/eq_fb648c.gif" alt="equation" border=0 align="absmiddle"&gt;&lt;/span&gt;</mattext></material></flow_mat></response_label></flow_label><flow_label class="Block"><response_label ident="QUES_42757023_42761104_A130833407"><flow_mat><material><mattext texttype="text/html">&lt;span style="font-family:'Arial';"&gt;&lt;IMG src="ppg/respondus/L'Hopital's_Rule_Pre_BB_Test/eq_fb6497.gif" alt="equation" border=0 align="absmiddle"&gt;&lt;/span&gt;</mattext></material></flow_mat></response_label></flow_label><flow_label class="Block"><response_label ident="QUES_42757023_42761104_A130833408"><flow_mat><material><mattext texttype="text/html">&lt;span style="font-family:'Arial';"&gt;DNE (not including an infinite limit)&lt;/span&gt;</mattext></material></flow_mat></response_label></flow_label></render_choice></response_lid></flow></presentation><resprocessing><respcondition title="Response Condition 1"><conditionvar><varequal respident="QUES_42757023_42761104_LID">QUES_42757023_42761104_A130833403</varequal></conditionvar><setvar action="Set">0.000000000</setvar><displayfeedback feedbacktype="Response" linkrefid="QUES_42757023_42761104_IF130833403" /></respcondition><respcondition title="Response Condition 2"><conditionvar><varequal respident="QUES_42757023_42761104_LID">QUES_42757023_42761104_A130833404</varequal></conditionvar><setvar action="Set">0.000000000</setvar><displayfeedback feedbacktype="Response" linkrefid="QUES_42757023_42761104_IF130833404" /></respcondition><respcondition title="Response Condition 3"><conditionvar><varequal respident="QUES_42757023_42761104_LID">QUES_42757023_42761104_A130833405</varequal></conditionvar><setvar action="Set">100.000000000</setvar><displayfeedback feedbacktype="Response" linkrefid="QUES_42757023_42761104_IF130833405" /></respcondition><respcondition title="Response Condition 4"><conditionvar><varequal respident="QUES_42757023_42761104_LID">QUES_42757023_42761104_A130833406</varequal></conditionvar><setvar action="Set">0.000000000</setvar><displayfeedback feedbacktype="Response" linkrefid="QUES_42757023_42761104_IF130833406" /></respcondition><respcondition title="Response Condition 5"><conditionvar><varequal respident="QUES_42757023_42761104_LID">QUES_42757023_42761104_A130833407</varequal></conditionvar><setvar action="Set">0.000000000</setvar><displayfeedback feedbacktype="Response" linkrefid="QUES_42757023_42761104_IF130833407" /></respcondition><respcondition title="Response Condition 6"><conditionvar><varequal respident="QUES_42757023_42761104_LID">QUES_42757023_42761104_A130833408</varequal></conditionvar><setvar action="Set">0.000000000</setvar><displayfeedback feedbacktype="Response" linkrefid="QUES_42757023_42761104_IF130833408" /></respcondition></resprocessing><itemfeedback ident="QUES_42757023_42761104_IF130833403"><material><mattext texttype="text/plain" /></material></itemfeedback><itemfeedback ident="QUES_42757023_42761104_IF130833404"><material><mattext texttype="text/plain" /></material></itemfeedback><itemfeedback ident="QUES_42757023_42761104_IF130833405"><material><mattext texttype="text/plain" /></material></itemfeedback><itemfeedback ident="QUES_42757023_42761104_IF130833406"><material><mattext texttype="text/plain" /></material></itemfeedback><itemfeedback ident="QUES_42757023_42761104_IF130833407"><material><mattext texttype="text/plain" /></material></itemfeedback><itemfeedback ident="QUES_42757023_42761104_IF130833408"><material><mattext texttype="text/plain" /></material></itemfeedback></item><item ident="OBJ_1651217" label="QUES_42757024_42761105" d2l_2p0:page="1"><itemmetadata><qtimetadata><qti_metadatafield><fieldlabel>qmd_computerscored</fieldlabel><fieldentry>yes</fieldentry></qti_metadatafield><qti_metadatafield><fieldlabel>qmd_questiontype</fieldlabel><fieldentry>Multiple Choice</fieldentry></qti_metadatafield><qti_metadatafield><fieldlabel>qmd_weighting</fieldlabel><fieldentry>1.000000000</fieldentry></qti_metadatafield><qti_metadatafield><fieldlabel>qmd_globalid</fieldlabel><fieldentry>591e524c-c817-4d40-8486-7a667b73701b</fieldentry></qti_metadatafield><qti_metadatafield><fieldlabel>qmd_displayid</fieldlabel><fieldentry>Sample Course-74223</fieldentry></qti_metadatafield></qtimetadata></itemmetadata><itemproc_extension><d2l_2p0:difficulty>3</d2l_2p0:difficulty><d2l_2p0:isbonus>no</d2l_2p0:isbonus><d2l_2p0:ismandatory>yes</d2l_2p0:ismandatory></itemproc_extension><presentation><flow><material><mattext texttype="text/html">&lt;!--RsQ_002--&gt;&lt;span style="font-family:'Arial';"&gt;Evaluate the limit: &lt;/span&gt;&lt;span style="font-family:'Arial'; color:#000000;"&gt;&lt;IMG src="ppg/respondus/L'Hopital's_Rule_Pre_BB_Test/eq_fb64eb.gif" alt="equation" border=0 align="absmiddle"&gt;&lt;/span&gt;&lt;span style="font-family:'Arial';"&gt; &lt;/span&gt;</mattext></material><response_extension><d2l_2p0:display_style>2</d2l_2p0:display_style><d2l_2p0:enumeration>6</d2l_2p0:enumeration><d2l_2p0:grading_type>0</d2l_2p0:grading_type></response_extension><response_lid ident="QUES_42757024_42761105_LID" rcardinality="Single"><render_choice shuffle="no"><flow_label class="Block"><response_label ident="QUES_42757024_42761105_A130833409"><flow_mat><material><mattext texttype="text/html">&lt;span style="font-family:'Arial';"&gt;&lt;IMG src="ppg/respondus/L'Hopital's_Rule_Pre_BB_Test/eq_fb6521.gif" alt="equation" border=0 align="absmiddle"&gt;&lt;/span&gt;</mattext></material></flow_mat></response_label></flow_label><flow_label class="Block"><response_label ident="QUES_42757024_42761105_A130833410"><flow_mat><material><mattext texttype="text/html">&lt;span style="font-family:'Arial';"&gt;-2&lt;/span&gt;</mattext></material></flow_mat></response_label></flow_label><flow_label class="Block"><response_label ident="QUES_42757024_42761105_A130833411"><flow_mat><material><mattext texttype="text/html">&lt;span style="font-family:'Arial';"&gt;0&lt;/span&gt;</mattext></material></flow_mat></response_label></flow_label><flow_label class="Block"><response_label ident="QUES_42757024_42761105_A130833412"><flow_mat><material><mattext texttype="text/html">&lt;span style="font-family:'Arial';"&gt;2&lt;/span&gt;</mattext></material></flow_mat></response_label></flow_label><flow_label class="Block"><response_label ident="QUES_42757024_42761105_A130833413"><flow_mat><material><mattext texttype="text/html">&lt;span style="font-family:'Arial';"&gt;&lt;IMG src="ppg/respondus/L'Hopital's_Rule_Pre_BB_Test/eq_fb653d.gif" alt="equation" border=0 align="absmiddle"&gt;&lt;/span&gt;</mattext></material></flow_mat></response_label></flow_label><flow_label class="Block"><response_label ident="QUES_42757024_42761105_A130833414"><flow_mat><material><mattext texttype="text/html">&lt;span style="font-family:'Arial';"&gt;DNE (not including an infinite limit)&lt;/span&gt;</mattext></material></flow_mat></response_label></flow_label></render_choice></response_lid></flow></presentation><resprocessing><respcondition title="Response Condition 1"><conditionvar><varequal respident="QUES_42757024_42761105_LID">QUES_42757024_42761105_A130833409</varequal></conditionvar><setvar action="Set">0.000000000</setvar><displayfeedback feedbacktype="Response" linkrefid="QUES_42757024_42761105_IF130833409" /></respcondition><respcondition title="Response Condition 2"><conditionvar><varequal respident="QUES_42757024_42761105_LID">QUES_42757024_42761105_A130833410</varequal></conditionvar><setvar action="Set">0.000000000</setvar><displayfeedback feedbacktype="Response" linkrefid="QUES_42757024_42761105_IF130833410" /></respcondition><respcondition title="Response Condition 3"><conditionvar><varequal respident="QUES_42757024_42761105_LID">QUES_42757024_42761105_A130833411</varequal></conditionvar><setvar action="Set">100.000000000</setvar><displayfeedback feedbacktype="Response" linkrefid="QUES_42757024_42761105_IF130833411" /></respcondition><respcondition title="Response Condition 4"><conditionvar><varequal respident="QUES_42757024_42761105_LID">QUES_42757024_42761105_A130833412</varequal></conditionvar><setvar action="Set">0.000000000</setvar><displayfeedback feedbacktype="Response" linkrefid="QUES_42757024_42761105_IF130833412" /></respcondition><respcondition title="Response Condition 5"><conditionvar><varequal respident="QUES_42757024_42761105_LID">QUES_42757024_42761105_A130833413</varequal></conditionvar><setvar action="Set">0.000000000</setvar><displayfeedback feedbacktype="Response" linkrefid="QUES_42757024_42761105_IF130833413" /></respcondition><respcondition title="Response Condition 6"><conditionvar><varequal respident="QUES_42757024_42761105_LID">QUES_42757024_42761105_A130833414</varequal></conditionvar><setvar action="Set">0.000000000</setvar><displayfeedback feedbacktype="Response" linkrefid="QUES_42757024_42761105_IF130833414" /></respcondition></resprocessing><itemfeedback ident="QUES_42757024_42761105_IF130833409"><material><mattext texttype="text/plain" /></material></itemfeedback><itemfeedback ident="QUES_42757024_42761105_IF130833410"><material><mattext texttype="text/plain" /></material></itemfeedback><itemfeedback ident="QUES_42757024_42761105_IF130833411"><material><mattext texttype="text/plain" /></material></itemfeedback><itemfeedback ident="QUES_42757024_42761105_IF130833412"><material><mattext texttype="text/plain" /></material></itemfeedback><itemfeedback ident="QUES_42757024_42761105_IF130833413"><material><mattext texttype="text/plain" /></material></itemfeedback><itemfeedback ident="QUES_42757024_42761105_IF130833414"><material><mattext texttype="text/plain" /></material></itemfeedback></item><item ident="OBJ_1651218" label="QUES_42757025_42761106" d2l_2p0:page="1"><itemmetadata><qtimetadata><qti_metadatafield><fieldlabel>qmd_computerscored</fieldlabel><fieldentry>yes</fieldentry></qti_metadatafield><qti_metadatafield><fieldlabel>qmd_questiontype</fieldlabel><fieldentry>Multiple Choice</fieldentry></qti_metadatafield><qti_metadatafield><fieldlabel>qmd_weighting</fieldlabel><fieldentry>1.000000000</fieldentry></qti_metadatafield><qti_metadatafield><fieldlabel>qmd_globalid</fieldlabel><fieldentry>8ee69cc6-7600-4f2c-94a3-fc3fb6f4a9b1</fieldentry></qti_metadatafield><qti_metadatafield><fieldlabel>qmd_displayid</fieldlabel><fieldentry>Sample Course-74224</fieldentry></qti_metadatafield></qtimetadata></itemmetadata><itemproc_extension><d2l_2p0:difficulty>3</d2l_2p0:difficulty><d2l_2p0:isbonus>no</d2l_2p0:isbonus><d2l_2p0:ismandatory>yes</d2l_2p0:ismandatory></itemproc_extension><presentation><flow><material><mattext texttype="text/html">&lt;!--RsQ_003--&gt;&lt;span style="font-family:'Arial';"&gt;The graphs of &lt;/span&gt;&lt;span style="font-family:'Arial'; color:#000000;"&gt;&lt;IMG src="ppg/respondus/L'Hopital's_Rule_Pre_BB_Test/eq_fb659b.gif" alt="equation" border=0 align="absmiddle"&gt;&lt;/span&gt;&lt;span style="font-family:'Arial';"&gt; and &lt;/span&gt;&lt;span style="font-family:'Arial'; color:#000000;"&gt;&lt;IMG src="ppg/respondus/L'Hopital's_Rule_Pre_BB_Test/eq_fb65a0.gif" alt="equation" border=0 align="absmiddle"&gt;&lt;/span&gt;&lt;span style="font-family:'Arial';"&gt; and the equations of their tangent lines (dashed lines) at the point (3, 0) are given below. Note: &lt;/span&gt;&lt;span style="font-family:'Arial'; color:#000000;"&gt;&lt;IMG src="ppg/respondus/L'Hopital's_Rule_Pre_BB_Test/eq_fb65c8.gif" alt="equation" border=0 align="absmiddle"&gt;&lt;/span&gt;&lt;span style="font-family:'Arial';"&gt; and &lt;/span&gt;&lt;span style="font-family:'Arial'; color:#000000;"&gt;&lt;IMG src="ppg/respondus/L'Hopital's_Rule_Pre_BB_Test/eq_fb65d5.gif" alt="equation" border=0 align="absmiddle"&gt;&lt;/span&gt;&lt;span style="font-family:'Arial';"&gt;.&lt;br&gt;&lt;/span&gt;&lt;span style="font-family:'Arial'; color:#000000;"&gt;&lt;IMG src="ppg/respondus/L'Hopital's_Rule_Pre_BB_Test/pre_q3a.png" alt="image" align="bottom" border=0&gt;&lt;/span&gt;&lt;span style="font-family:'Arial';"&gt; &lt;br&gt;Use the graphs of &lt;/span&gt;&lt;span style="font-family:'Arial'; color:#000000;"&gt;&lt;IMG src="ppg/respondus/L'Hopital's_Rule_Pre_BB_Test/eq_fb76dd.gif" alt="equation" border=0 align="absmiddle"&gt;&lt;/span&gt;&lt;span style="font-family:'Arial';"&gt; and &lt;/span&gt;&lt;span style="font-family:'Arial'; color:#000000;"&gt;&lt;IMG src="ppg/respondus/L'Hopital's_Rule_Pre_BB_Test/eq_fb76e1.gif" alt="equation" border=0 align="absmiddle"&gt;&lt;/span&gt;&lt;span style="font-family:'Arial';"&gt; and the questions of their tangent lines at (3,0) to evaluate &lt;/span&gt;&lt;span style="font-family:'Arial'; color:#000000;"&gt;&lt;IMG src="ppg/respondus/L'Hopital's_Rule_Pre_BB_Test/eq_fb76f0.gif" alt="equation" border=0 align="absmiddle"&gt;&lt;/span&gt;&lt;span style="font-family:'Arial';"&gt;. &lt;/span&gt;</mattext></material><response_extension><d2l_2p0:display_style>2</d2l_2p0:display_style><d2l_2p0:enumeration>6</d2l_2p0:enumeration><d2l_2p0:grading_type>0</d2l_2p0:grading_type></response_extension><response_lid ident="QUES_42757025_42761106_LID" rcardinality="Single"><render_choice shuffle="no"><flow_label class="Block"><response_label ident="QUES_42757025_42761106_A130833415"><flow_mat><material><mattext texttype="text/html">&lt;span style="font-family:'Arial';"&gt;0&lt;/span&gt;</mattext></material></flow_mat></response_label></flow_label><flow_label class="Block"><response_label ident="QUES_42757025_42761106_A130833416"><flow_mat><material><mattext texttype="text/html">&lt;span style="font-family:'Arial';"&gt;0.66&lt;/span&gt;</mattext></material></flow_mat></response_label></flow_label><flow_label class="Block"><response_label ident="QUES_42757025_42761106_A130833417"><flow_mat><material><mattext texttype="text/html">&lt;span style="font-family:'Arial';"&gt;1.47&lt;/span&gt;</mattext></material></flow_mat></response_label></flow_label><flow_label class="Block"><response_label ident="QUES_42757025_42761106_A130833418"><flow_mat><material><mattext texttype="text/html">&lt;span style="font-family:'Arial';"&gt;&lt;IMG src="ppg/respondus/L'Hopital's_Rule_Pre_BB_Test/eq_fb6694.gif" alt="equation" border=0 align="absmiddle"&gt;&lt;/span&gt;</mattext></material></flow_mat></response_label></flow_label><flow_label class="Block"><response_label ident="QUES_42757025_42761106_A130833419"><flow_mat><material><mattext texttype="text/html">&lt;span style="font-family:'Arial';"&gt;&lt;IMG src="ppg/respondus/L'Hopital's_Rule_Pre_BB_Test/eq_fb66b6.gif" alt="equation" border=0 align="absmiddle"&gt;&lt;/span&gt;</mattext></material></flow_mat></response_label></flow_label><flow_label class="Block"><response_label ident="QUES_42757025_42761106_A130833420"><flow_mat><material><mattext texttype="text/html">&lt;span style="font-family:'Arial';"&gt;3&lt;/span&gt;</mattext></material></flow_mat></response_label></flow_label><flow_label class="Block"><response_label ident="QUES_42757025_42761106_A130833421"><flow_mat><material><mattext texttype="text/html">&lt;span style="font-family:'Arial';"&gt;&lt;IMG src="ppg/respondus/L'Hopital's_Rule_Pre_BB_Test/eq_fb66cf.gif" alt="equation" border=0 align="absmiddle"&gt;&lt;/span&gt;</mattext></material></flow_mat></response_label></flow_label></render_choice></response_lid></flow></presentation><resprocessing><respcondition title="Response Condition 1"><conditionvar><varequal respident="QUES_42757025_42761106_LID">QUES_42757025_42761106_A130833415</varequal></conditionvar><setvar action="Set">0.000000000</setvar><displayfeedback feedbacktype="Response" linkrefid="QUES_42757025_42761106_IF130833415" /></respcondition><respcondition title="Response Condition 2"><conditionvar><varequal respident="QUES_42757025_42761106_LID">QUES_42757025_42761106_A130833416</varequal></conditionvar><setvar action="Set">0.000000000</setvar><displayfeedback feedbacktype="Response" linkrefid="QUES_42757025_42761106_IF130833416" /></respcondition><respcondition title="Response Condition 3"><conditionvar><varequal respident="QUES_42757025_42761106_LID">QUES_42757025_42761106_A130833417</varequal></conditionvar><setvar action="Set">0.000000000</setvar><displayfeedback feedbacktype="Response" linkrefid="QUES_42757025_42761106_IF130833417" /></respcondition><respcondition title="Response Condition 4"><conditionvar><varequal respident="QUES_42757025_42761106_LID">QUES_42757025_42761106_A130833418</varequal></conditionvar><setvar action="Set">100.000000000</setvar><displayfeedback feedbacktype="Response" linkrefid="QUES_42757025_42761106_IF130833418" /></respcondition><respcondition title="Response Condition 5"><conditionvar><varequal respident="QUES_42757025_42761106_LID">QUES_42757025_42761106_A130833419</varequal></conditionvar><setvar action="Set">0.000000000</setvar><displayfeedback feedbacktype="Response" linkrefid="QUES_42757025_42761106_IF130833419" /></respcondition><respcondition title="Response Condition 6"><conditionvar><varequal respident="QUES_42757025_42761106_LID">QUES_42757025_42761106_A130833420</varequal></conditionvar><setvar action="Set">0.000000000</setvar><displayfeedback feedbacktype="Response" linkrefid="QUES_42757025_42761106_IF130833420" /></respcondition><respcondition title="Response Condition 7"><conditionvar><varequal respident="QUES_42757025_42761106_LID">QUES_42757025_42761106_A130833421</varequal></conditionvar><setvar action="Set">0.000000000</setvar><displayfeedback feedbacktype="Response" linkrefid="QUES_42757025_42761106_IF130833421" /></respcondition></resprocessing><itemfeedback ident="QUES_42757025_42761106_IF130833415"><material><mattext texttype="text/plain" /></material></itemfeedback><itemfeedback ident="QUES_42757025_42761106_IF130833416"><material><mattext texttype="text/plain" /></material></itemfeedback><itemfeedback ident="QUES_42757025_42761106_IF130833417"><material><mattext texttype="text/plain" /></material></itemfeedback><itemfeedback ident="QUES_42757025_42761106_IF130833418"><material><mattext texttype="text/plain" /></material></itemfeedback><itemfeedback ident="QUES_42757025_42761106_IF130833419"><material><mattext texttype="text/plain" /></material></itemfeedback><itemfeedback ident="QUES_42757025_42761106_IF130833420"><material><mattext texttype="text/plain" /></material></itemfeedback><itemfeedback ident="QUES_42757025_42761106_IF130833421"><material><mattext texttype="text/plain" /></material></itemfeedback></item></section></assessment></questestinterop>