﻿<?xml version="1.0" encoding="UTF-8"?><questestinterop xmlns:d2l_2p0="http://desire2learn.com/xsd/d2lcp_v2p0"><assessment d2l_2p0:id="466" title="The Mean Value Theorem PreVideo Questions" ident="res_quiz_122421" d2l_2p0:resource_code="ef9e56cc46d3486a98963923-146"><rubric><flow_mat><material><mattext d2l_2p0:isdisplayed="no" texttype="text/html" /></material></flow_mat></rubric><assessmentcontrol hintswitch="no" solutionswitch="yes" feedbackswitch="no" /><presentation_material><flow_mat><material label="page header"><mattext d2l_2p0:isdisplayed="no" texttype="text/html" /></material><material label="page footer"><mattext d2l_2p0:isdisplayed="no" texttype="text/html" /></material></flow_mat></presentation_material><assess_procextension><d2l_2p0:intro_message d2l_2p0:isdisplayed="yes" texttype="text/html">Respondus</d2l_2p0:intro_message><d2l_2p0:disable_right_click>no</d2l_2p0:disable_right_click><d2l_2p0:disable_pager_access>no</d2l_2p0:disable_pager_access><is_active>yes</is_active><d2l_2p0:date_start /><d2l_2p0:date_end /><d2l_2p0:date_due /><d2l_2p0:has_schedule_event>no</d2l_2p0:has_schedule_event><d2l_2p0:is_attempt_Rldb>no</d2l_2p0:is_attempt_Rldb><d2l_2p0:is_subview_Rldb>no</d2l_2p0:is_subview_Rldb><d2l_2p0:time_limit>120</d2l_2p0:time_limit><d2l_2p0:show_clock>yes</d2l_2p0:show_clock><d2l_2p0:enforce_time_limit>yes</d2l_2p0:enforce_time_limit><d2l_2p0:grace_period>5</d2l_2p0:grace_period><d2l_2p0:late_limit>0</d2l_2p0:late_limit><d2l_2p0:attempts_allowed>3</d2l_2p0:attempts_allowed><d2l_2p0:attempt_restrictions /><d2l_2p0:mark_calculation_type>1</d2l_2p0:mark_calculation_type><d2l_2p0:is_forward_only>no</d2l_2p0:is_forward_only></assess_procextension><assessfeedback title=""><rubric><flow_mat><material><mattext texttype="yes">Your quiz has been submitted successfully.</mattext></material></flow_mat></rubric><d2l_2p0:duration>0</d2l_2p0:duration><d2l_2p0:response_display_type_id>1</d2l_2p0:response_display_type_id><d2l_2p0:show_correct_answers>no</d2l_2p0:show_correct_answers><d2l_2p0:submission_restrictip>no</d2l_2p0:submission_restrictip><d2l_2p0:show_class_average>no</d2l_2p0:show_class_average><d2l_2p0:show_score_distribution>no</d2l_2p0:show_score_distribution></assessfeedback><section ident="CONTAINER_SECTION"><item ident="OBJ_1651208" label="QUES_42757015_42761096" d2l_2p0:page="1"><itemmetadata><qtimetadata><qti_metadatafield><fieldlabel>qmd_computerscored</fieldlabel><fieldentry>yes</fieldentry></qti_metadatafield><qti_metadatafield><fieldlabel>qmd_questiontype</fieldlabel><fieldentry>Multiple Choice</fieldentry></qti_metadatafield><qti_metadatafield><fieldlabel>qmd_weighting</fieldlabel><fieldentry>1.000000000</fieldentry></qti_metadatafield><qti_metadatafield><fieldlabel>qmd_globalid</fieldlabel><fieldentry>2c04a39f-7c62-4602-8e47-9159a99ec49d</fieldentry></qti_metadatafield><qti_metadatafield><fieldlabel>qmd_displayid</fieldlabel><fieldentry>Sample Course-74214</fieldentry></qti_metadatafield></qtimetadata></itemmetadata><itemproc_extension><d2l_2p0:difficulty>3</d2l_2p0:difficulty><d2l_2p0:isbonus>no</d2l_2p0:isbonus><d2l_2p0:ismandatory>yes</d2l_2p0:ismandatory></itemproc_extension><presentation><flow><material><mattext texttype="text/html">&lt;!--RsQ_001--&gt;&lt;span style="font-family:'Arial';"&gt;Use the following graphs for this question:&lt;br&gt;Graph I &lt;br&gt;&lt;/span&gt;&lt;span style="font-family:'Arial'; color:#000000;"&gt;&lt;IMG src="ppg/respondus/Mean_Value_Theorem_Pre_BB_Test/prei.png" alt="image" align="bottom" border=0&gt;&lt;/span&gt;&lt;span style="font-family:'Arial';"&gt;&lt;br&gt;Graph II&lt;br&gt;&lt;/span&gt;&lt;span style="font-family:'Arial'; color:#000000;"&gt;&lt;IMG src="ppg/respondus/Mean_Value_Theorem_Pre_BB_Test/preii.png" alt="image" align="bottom" border=0&gt;&lt;/span&gt;&lt;span style="font-family:'Arial';"&gt; &lt;br&gt;Graph III &lt;br&gt;&lt;/span&gt;&lt;span style="font-family:'Arial'; color:#000000;"&gt;&lt;IMG src="ppg/respondus/Mean_Value_Theorem_Pre_BB_Test/preiii.png" alt="image" align="bottom" border=0&gt;&lt;/span&gt;&lt;span style="font-family:'Arial';"&gt;&lt;br&gt;Graph IV &lt;br&gt;&lt;/span&gt;&lt;span style="font-family:'Arial'; color:#000000;"&gt;&lt;IMG src="ppg/respondus/Mean_Value_Theorem_Pre_BB_Test/preiv.png" alt="image" align="bottom" border=0&gt;&lt;/span&gt;&lt;span style="font-family:'Arial';"&gt;&lt;br&gt;&lt;/span&gt;&lt;span style="font-family:'Arial'; color:#000000;"&gt;Graph V&lt;/span&gt;&lt;span style="font-family:'Arial';"&gt;&lt;br&gt;&lt;/span&gt;&lt;span style="font-family:'Arial'; color:#000000;"&gt;&lt;IMG src="ppg/respondus/Mean_Value_Theorem_Pre_BB_Test/prev.png" alt="image" align="bottom" border=0&gt;&lt;/span&gt;&lt;span style="font-family:'Arial';"&gt; &lt;br&gt;For which of the graphs from I) - V) above, if any, is there a value for &lt;/span&gt;&lt;span style="font-family:'Arial'; color:#000000;"&gt;&lt;IMG src="ppg/respondus/Mean_Value_Theorem_Pre_BB_Test/eq_fcb4c5.gif" alt="equation" border=0 align="absmiddle"&gt;&lt;/span&gt;&lt;span style="font-family:'Arial';"&gt; in (-4,6) where &lt;/span&gt;&lt;span style="font-family:'Arial'; color:#000000;"&gt;&lt;IMG src="ppg/respondus/Mean_Value_Theorem_Pre_BB_Test/eq_fcb4d3.gif" alt="equation" border=0 align="absmiddle"&gt;&lt;/span&gt;&lt;span style="font-family:'Arial';"&gt;? &lt;/span&gt;</mattext></material><response_extension><d2l_2p0:display_style>2</d2l_2p0:display_style><d2l_2p0:enumeration>6</d2l_2p0:enumeration><d2l_2p0:grading_type>0</d2l_2p0:grading_type></response_extension><response_lid ident="QUES_42757015_42761096_LID" rcardinality="Single"><render_choice shuffle="no"><flow_label class="Block"><response_label ident="QUES_42757015_42761096_A130833329"><flow_mat><material><mattext texttype="text/html">&lt;span style="font-family:'Arial';"&gt;Graph I) only&lt;/span&gt;</mattext></material></flow_mat></response_label></flow_label><flow_label class="Block"><response_label ident="QUES_42757015_42761096_A130833330"><flow_mat><material><mattext texttype="text/html">&lt;span style="font-family:'Arial';"&gt;Graph II) only&lt;/span&gt;</mattext></material></flow_mat></response_label></flow_label><flow_label class="Block"><response_label ident="QUES_42757015_42761096_A130833331"><flow_mat><material><mattext texttype="text/html">&lt;span style="font-family:'Arial';"&gt;Graph III) only&lt;/span&gt;</mattext></material></flow_mat></response_label></flow_label><flow_label class="Block"><response_label ident="QUES_42757015_42761096_A130833332"><flow_mat><material><mattext texttype="text/html">&lt;span style="font-family:'Arial';"&gt;Graph IV) only &lt;/span&gt;</mattext></material></flow_mat></response_label></flow_label><flow_label class="Block"><response_label ident="QUES_42757015_42761096_A130833333"><flow_mat><material><mattext texttype="text/html">&lt;span style="font-family:'Arial';"&gt;Graph V) only &lt;/span&gt;</mattext></material></flow_mat></response_label></flow_label><flow_label class="Block"><response_label ident="QUES_42757015_42761096_A130833334"><flow_mat><material><mattext texttype="text/html">&lt;span style="font-family:'Arial';"&gt;Graph III) and Graph IV) only&lt;/span&gt;</mattext></material></flow_mat></response_label></flow_label><flow_label class="Block"><response_label ident="QUES_42757015_42761096_A130833335"><flow_mat><material><mattext texttype="text/html">&lt;span style="font-family:'Arial';"&gt;Graph IV) and Graph V) only&lt;/span&gt;</mattext></material></flow_mat></response_label></flow_label><flow_label class="Block"><response_label ident="QUES_42757015_42761096_A130833336"><flow_mat><material><mattext texttype="text/html">&lt;span style="font-family:'Arial';"&gt;Graph I), Graph IV) and Graph V) only&lt;/span&gt;</mattext></material></flow_mat></response_label></flow_label><flow_label class="Block"><response_label ident="QUES_42757015_42761096_A130833337"><flow_mat><material><mattext texttype="text/html">&lt;span style="font-family:'Arial';"&gt;Graph III), Graph IV) and Graph V) only&lt;/span&gt;</mattext></material></flow_mat></response_label></flow_label><flow_label class="Block"><response_label ident="QUES_42757015_42761096_A130833338"><flow_mat><material><mattext texttype="text/html">&lt;span style="font-family:'Arial';"&gt;Graph I), Graph II), Graph IV), and Graph V) only&lt;/span&gt;</mattext></material></flow_mat></response_label></flow_label><flow_label class="Block"><response_label ident="QUES_42757015_42761096_A130833339"><flow_mat><material><mattext texttype="text/html">&lt;span style="font-family:'Arial';"&gt;Graph I), Graph III), Graph IV), and Graph V) only&lt;/span&gt;</mattext></material></flow_mat></response_label></flow_label><flow_label class="Block"><response_label ident="QUES_42757015_42761096_A130833340"><flow_mat><material><mattext texttype="text/html">&lt;span style="font-family:'Arial';"&gt;All five functions have a value for &lt;/span&gt;&lt;span style="font-family:'Arial'; color:#000000;"&gt;&lt;IMG src="ppg/respondus/Mean_Value_Theorem_Pre_BB_Test/eq_fcb631.gif" alt="equation" border=0 align="absmiddle"&gt;&lt;/span&gt;&lt;span style="font-family:'Arial';"&gt; in (-4,6) where &lt;/span&gt;&lt;span style="font-family:'Arial'; color:#000000;"&gt;&lt;IMG src="ppg/respondus/Mean_Value_Theorem_Pre_BB_Test/eq_fcb63b.gif" alt="equation" border=0 align="absmiddle"&gt;&lt;/span&gt;&lt;span style="font-family:'Arial';"&gt; &lt;/span&gt;</mattext></material></flow_mat></response_label></flow_label><flow_label class="Block"><response_label ident="QUES_42757015_42761096_A130833341"><flow_mat><material><mattext texttype="text/html">&lt;span style="font-family:'Arial';"&gt;None of the graphs have a value for &lt;/span&gt;&lt;span style="font-family:'Arial'; color:#000000;"&gt;&lt;IMG src="ppg/respondus/Mean_Value_Theorem_Pre_BB_Test/eq_fcb65f.gif" alt="equation" border=0 align="absmiddle"&gt;&lt;/span&gt;&lt;span style="font-family:'Arial';"&gt; where &lt;/span&gt;&lt;span style="font-family:'Arial'; color:#000000;"&gt;&lt;IMG src="ppg/respondus/Mean_Value_Theorem_Pre_BB_Test/eq_fcb664.gif" alt="equation" border=0 align="absmiddle"&gt;&lt;/span&gt;&lt;span style="font-family:'Arial';"&gt; &lt;/span&gt;</mattext></material></flow_mat></response_label></flow_label></render_choice></response_lid></flow></presentation><resprocessing><respcondition title="Response Condition 1"><conditionvar><varequal respident="QUES_42757015_42761096_LID">QUES_42757015_42761096_A130833329</varequal></conditionvar><setvar action="Set">0.000000000</setvar><displayfeedback feedbacktype="Response" linkrefid="QUES_42757015_42761096_IF130833329" /></respcondition><respcondition title="Response Condition 2"><conditionvar><varequal respident="QUES_42757015_42761096_LID">QUES_42757015_42761096_A130833330</varequal></conditionvar><setvar action="Set">0.000000000</setvar><displayfeedback feedbacktype="Response" linkrefid="QUES_42757015_42761096_IF130833330" /></respcondition><respcondition title="Response Condition 3"><conditionvar><varequal respident="QUES_42757015_42761096_LID">QUES_42757015_42761096_A130833331</varequal></conditionvar><setvar action="Set">0.000000000</setvar><displayfeedback feedbacktype="Response" linkrefid="QUES_42757015_42761096_IF130833331" /></respcondition><respcondition title="Response Condition 4"><conditionvar><varequal respident="QUES_42757015_42761096_LID">QUES_42757015_42761096_A130833332</varequal></conditionvar><setvar action="Set">0.000000000</setvar><displayfeedback feedbacktype="Response" linkrefid="QUES_42757015_42761096_IF130833332" /></respcondition><respcondition title="Response Condition 5"><conditionvar><varequal respident="QUES_42757015_42761096_LID">QUES_42757015_42761096_A130833333</varequal></conditionvar><setvar action="Set">0.000000000</setvar><displayfeedback feedbacktype="Response" linkrefid="QUES_42757015_42761096_IF130833333" /></respcondition><respcondition title="Response Condition 6"><conditionvar><varequal respident="QUES_42757015_42761096_LID">QUES_42757015_42761096_A130833334</varequal></conditionvar><setvar action="Set">0.000000000</setvar><displayfeedback feedbacktype="Response" linkrefid="QUES_42757015_42761096_IF130833334" /></respcondition><respcondition title="Response Condition 7"><conditionvar><varequal respident="QUES_42757015_42761096_LID">QUES_42757015_42761096_A130833335</varequal></conditionvar><setvar action="Set">100.000000000</setvar><displayfeedback feedbacktype="Response" linkrefid="QUES_42757015_42761096_IF130833335" /></respcondition><respcondition title="Response Condition 8"><conditionvar><varequal respident="QUES_42757015_42761096_LID">QUES_42757015_42761096_A130833336</varequal></conditionvar><setvar action="Set">0.000000000</setvar><displayfeedback feedbacktype="Response" linkrefid="QUES_42757015_42761096_IF130833336" /></respcondition><respcondition title="Response Condition 9"><conditionvar><varequal respident="QUES_42757015_42761096_LID">QUES_42757015_42761096_A130833337</varequal></conditionvar><setvar action="Set">0.000000000</setvar><displayfeedback feedbacktype="Response" linkrefid="QUES_42757015_42761096_IF130833337" /></respcondition><respcondition title="Response Condition 10"><conditionvar><varequal respident="QUES_42757015_42761096_LID">QUES_42757015_42761096_A130833338</varequal></conditionvar><setvar action="Set">0.000000000</setvar><displayfeedback feedbacktype="Response" linkrefid="QUES_42757015_42761096_IF130833338" /></respcondition><respcondition title="Response Condition 11"><conditionvar><varequal respident="QUES_42757015_42761096_LID">QUES_42757015_42761096_A130833339</varequal></conditionvar><setvar action="Set">0.000000000</setvar><displayfeedback feedbacktype="Response" linkrefid="QUES_42757015_42761096_IF130833339" /></respcondition><respcondition title="Response Condition 12"><conditionvar><varequal respident="QUES_42757015_42761096_LID">QUES_42757015_42761096_A130833340</varequal></conditionvar><setvar action="Set">0.000000000</setvar><displayfeedback feedbacktype="Response" linkrefid="QUES_42757015_42761096_IF130833340" /></respcondition><respcondition title="Response Condition 13"><conditionvar><varequal respident="QUES_42757015_42761096_LID">QUES_42757015_42761096_A130833341</varequal></conditionvar><setvar action="Set">0.000000000</setvar><displayfeedback feedbacktype="Response" linkrefid="QUES_42757015_42761096_IF130833341" /></respcondition></resprocessing><itemfeedback ident="QUES_42757015_42761096_IF130833329"><material><mattext texttype="text/plain" /></material></itemfeedback><itemfeedback ident="QUES_42757015_42761096_IF130833330"><material><mattext texttype="text/plain" /></material></itemfeedback><itemfeedback ident="QUES_42757015_42761096_IF130833331"><material><mattext texttype="text/plain" /></material></itemfeedback><itemfeedback ident="QUES_42757015_42761096_IF130833332"><material><mattext texttype="text/plain" /></material></itemfeedback><itemfeedback ident="QUES_42757015_42761096_IF130833333"><material><mattext texttype="text/plain" /></material></itemfeedback><itemfeedback ident="QUES_42757015_42761096_IF130833334"><material><mattext texttype="text/plain" /></material></itemfeedback><itemfeedback ident="QUES_42757015_42761096_IF130833335"><material><mattext texttype="text/plain" /></material></itemfeedback><itemfeedback ident="QUES_42757015_42761096_IF130833336"><material><mattext texttype="text/plain" /></material></itemfeedback><itemfeedback ident="QUES_42757015_42761096_IF130833337"><material><mattext texttype="text/plain" /></material></itemfeedback><itemfeedback ident="QUES_42757015_42761096_IF130833338"><material><mattext texttype="text/plain" /></material></itemfeedback><itemfeedback ident="QUES_42757015_42761096_IF130833339"><material><mattext texttype="text/plain" /></material></itemfeedback><itemfeedback ident="QUES_42757015_42761096_IF130833340"><material><mattext texttype="text/plain" /></material></itemfeedback><itemfeedback ident="QUES_42757015_42761096_IF130833341"><material><mattext texttype="text/plain" /></material></itemfeedback></item><item ident="OBJ_1651209" label="QUES_42757016_42761097" d2l_2p0:page="1"><itemmetadata><qtimetadata><qti_metadatafield><fieldlabel>qmd_computerscored</fieldlabel><fieldentry>yes</fieldentry></qti_metadatafield><qti_metadatafield><fieldlabel>qmd_questiontype</fieldlabel><fieldentry>Multiple Choice</fieldentry></qti_metadatafield><qti_metadatafield><fieldlabel>qmd_weighting</fieldlabel><fieldentry>1.000000000</fieldentry></qti_metadatafield><qti_metadatafield><fieldlabel>qmd_globalid</fieldlabel><fieldentry>d71ad669-95b2-4654-9725-ed5b4278f901</fieldentry></qti_metadatafield><qti_metadatafield><fieldlabel>qmd_displayid</fieldlabel><fieldentry>Sample Course-74215</fieldentry></qti_metadatafield></qtimetadata></itemmetadata><itemproc_extension><d2l_2p0:difficulty>3</d2l_2p0:difficulty><d2l_2p0:isbonus>no</d2l_2p0:isbonus><d2l_2p0:ismandatory>yes</d2l_2p0:ismandatory></itemproc_extension><presentation><flow><material><mattext texttype="text/html">&lt;!--RsQ_002--&gt;&lt;span style="font-family:'Arial';"&gt;For this question use the following graphs:&lt;br&gt;Graph I&lt;br&gt;&lt;/span&gt;&lt;span style="font-family:'Arial'; color:#000000;"&gt;&lt;IMG src="ppg/respondus/Mean_Value_Theorem_Pre_BB_Test/prei.png" alt="image" align="bottom" border=0&gt;&lt;/span&gt;&lt;span style="font-family:'Arial';"&gt;&lt;br&gt;Graph II&lt;br&gt;&lt;/span&gt;&lt;span style="font-family:'Arial'; color:#000000;"&gt;&lt;IMG src="ppg/respondus/Mean_Value_Theorem_Pre_BB_Test/preii.png" alt="image" align="bottom" border=0&gt;&lt;/span&gt;&lt;span style="font-family:'Arial';"&gt;&lt;br&gt;Graph III&lt;br&gt;&lt;/span&gt;&lt;span style="font-family:'Arial'; color:#000000;"&gt;&lt;IMG src="ppg/respondus/Mean_Value_Theorem_Pre_BB_Test/preiii.png" alt="image" align="bottom" border=0&gt;&lt;/span&gt;&lt;span style="font-family:'Arial';"&gt;&lt;br&gt;Graph IV&lt;br&gt;&lt;/span&gt;&lt;span style="font-family:'Arial'; color:#000000;"&gt;&lt;IMG src="ppg/respondus/Mean_Value_Theorem_Pre_BB_Test/preiv.png" alt="image" align="bottom" border=0&gt;&lt;/span&gt;&lt;span style="font-family:'Arial';"&gt;&lt;br&gt;Graph V&lt;br&gt;&lt;/span&gt;&lt;span style="font-family:'Arial'; color:#000000;"&gt;&lt;IMG src="ppg/respondus/Mean_Value_Theorem_Pre_BB_Test/prev.png" alt="image" align="bottom" border=0&gt;&lt;/span&gt;&lt;span style="font-family:'Arial';"&gt;&lt;br&gt;For which of the graphs from I) - V) above, if any, is continuous over [-4,6], differentiable over (-4,6), AND there is a value for &lt;/span&gt;&lt;span style="font-family:'Arial'; color:#000000;"&gt;&lt;IMG src="ppg/respondus/Mean_Value_Theorem_Pre_BB_Test/eq_fcbff5.gif" alt="equation" border=0 align="absmiddle"&gt;&lt;/span&gt;&lt;span style="font-family:'Arial';"&gt; in (4,6) where &lt;/span&gt;&lt;span style="font-family:'Arial'; color:#000000;"&gt;&lt;IMG src="ppg/respondus/Mean_Value_Theorem_Pre_BB_Test/eq_fcb8da.gif" alt="equation" border=0 align="absmiddle"&gt;&lt;/span&gt;&lt;span style="font-family:'Arial';"&gt;? &lt;/span&gt;</mattext></material><response_extension><d2l_2p0:display_style>2</d2l_2p0:display_style><d2l_2p0:enumeration>6</d2l_2p0:enumeration><d2l_2p0:grading_type>0</d2l_2p0:grading_type></response_extension><response_lid ident="QUES_42757016_42761097_LID" rcardinality="Single"><render_choice shuffle="no"><flow_label class="Block"><response_label ident="QUES_42757016_42761097_A130833342"><flow_mat><material><mattext texttype="text/html">&lt;span style="font-family:'Arial';"&gt;Graph I) only&lt;/span&gt;</mattext></material></flow_mat></response_label></flow_label><flow_label class="Block"><response_label ident="QUES_42757016_42761097_A130833343"><flow_mat><material><mattext texttype="text/html">&lt;span style="font-family:'Arial';"&gt;Graph II) only&lt;/span&gt;</mattext></material></flow_mat></response_label></flow_label><flow_label class="Block"><response_label ident="QUES_42757016_42761097_A130833344"><flow_mat><material><mattext texttype="text/html">&lt;span style="font-family:'Arial';"&gt;Graph III) only&lt;/span&gt;</mattext></material></flow_mat></response_label></flow_label><flow_label class="Block"><response_label ident="QUES_42757016_42761097_A130833345"><flow_mat><material><mattext texttype="text/html">&lt;span style="font-family:'Arial';"&gt;Graph IV) only&lt;/span&gt;</mattext></material></flow_mat></response_label></flow_label><flow_label class="Block"><response_label ident="QUES_42757016_42761097_A130833346"><flow_mat><material><mattext texttype="text/html">&lt;span style="font-family:'Arial';"&gt;Graph V) only&lt;/span&gt;</mattext></material></flow_mat></response_label></flow_label><flow_label class="Block"><response_label ident="QUES_42757016_42761097_A130833347"><flow_mat><material><mattext texttype="text/html">&lt;span style="font-family:'Arial';"&gt;Graph III) and Graph IV) only&lt;/span&gt;</mattext></material></flow_mat></response_label></flow_label><flow_label class="Block"><response_label ident="QUES_42757016_42761097_A130833348"><flow_mat><material><mattext texttype="text/html">&lt;span style="font-family:'Arial';"&gt;Graph IV) and Graph V) only&lt;/span&gt;</mattext></material></flow_mat></response_label></flow_label><flow_label class="Block"><response_label ident="QUES_42757016_42761097_A130833349"><flow_mat><material><mattext texttype="text/html">&lt;span style="font-family:'Arial';"&gt;Graph I), Graph IV) and Graph V) only &lt;/span&gt;</mattext></material></flow_mat></response_label></flow_label><flow_label class="Block"><response_label ident="QUES_42757016_42761097_A130833350"><flow_mat><material><mattext texttype="text/html">&lt;span style="font-family:'Arial';"&gt;Graph III), Graph IV) and Graph V) only &lt;/span&gt;</mattext></material></flow_mat></response_label></flow_label><flow_label class="Block"><response_label ident="QUES_42757016_42761097_A130833351"><flow_mat><material><mattext texttype="text/html">&lt;span style="font-family:'Arial';"&gt;raph I), Graph II), Graph IV), and Graph V) only &lt;/span&gt;</mattext></material></flow_mat></response_label></flow_label><flow_label class="Block"><response_label ident="QUES_42757016_42761097_A130833352"><flow_mat><material><mattext texttype="text/html">&lt;span style="font-family:'Arial';"&gt;Graph I), Graph III), Graph IV), and Graph V) only&lt;/span&gt;</mattext></material></flow_mat></response_label></flow_label><flow_label class="Block"><response_label ident="QUES_42757016_42761097_A130833353"><flow_mat><material><mattext texttype="text/html">&lt;span style="font-family:'Arial';"&gt;All five functions satisfy these three conditions &lt;/span&gt;</mattext></material></flow_mat></response_label></flow_label><flow_label class="Block"><response_label ident="QUES_42757016_42761097_A130833354"><flow_mat><material><mattext texttype="text/html">&lt;span style="font-family:'Arial';"&gt;None of the graphs have functions that satisfy these three conditions&lt;/span&gt;</mattext></material></flow_mat></response_label></flow_label></render_choice></response_lid></flow></presentation><resprocessing><respcondition title="Response Condition 1"><conditionvar><varequal respident="QUES_42757016_42761097_LID">QUES_42757016_42761097_A130833342</varequal></conditionvar><setvar action="Set">0.000000000</setvar><displayfeedback feedbacktype="Response" linkrefid="QUES_42757016_42761097_IF130833342" /></respcondition><respcondition title="Response Condition 2"><conditionvar><varequal respident="QUES_42757016_42761097_LID">QUES_42757016_42761097_A130833343</varequal></conditionvar><setvar action="Set">0.000000000</setvar><displayfeedback feedbacktype="Response" linkrefid="QUES_42757016_42761097_IF130833343" /></respcondition><respcondition title="Response Condition 3"><conditionvar><varequal respident="QUES_42757016_42761097_LID">QUES_42757016_42761097_A130833344</varequal></conditionvar><setvar action="Set">0.000000000</setvar><displayfeedback feedbacktype="Response" linkrefid="QUES_42757016_42761097_IF130833344" /></respcondition><respcondition title="Response Condition 4"><conditionvar><varequal respident="QUES_42757016_42761097_LID">QUES_42757016_42761097_A130833345</varequal></conditionvar><setvar action="Set">0.000000000</setvar><displayfeedback feedbacktype="Response" linkrefid="QUES_42757016_42761097_IF130833345" /></respcondition><respcondition title="Response Condition 5"><conditionvar><varequal respident="QUES_42757016_42761097_LID">QUES_42757016_42761097_A130833346</varequal></conditionvar><setvar action="Set">0.000000000</setvar><displayfeedback feedbacktype="Response" linkrefid="QUES_42757016_42761097_IF130833346" /></respcondition><respcondition title="Response Condition 6"><conditionvar><varequal respident="QUES_42757016_42761097_LID">QUES_42757016_42761097_A130833347</varequal></conditionvar><setvar action="Set">0.000000000</setvar><displayfeedback feedbacktype="Response" linkrefid="QUES_42757016_42761097_IF130833347" /></respcondition><respcondition title="Response Condition 7"><conditionvar><varequal respident="QUES_42757016_42761097_LID">QUES_42757016_42761097_A130833348</varequal></conditionvar><setvar action="Set">100.000000000</setvar><displayfeedback feedbacktype="Response" linkrefid="QUES_42757016_42761097_IF130833348" /></respcondition><respcondition title="Response Condition 8"><conditionvar><varequal respident="QUES_42757016_42761097_LID">QUES_42757016_42761097_A130833349</varequal></conditionvar><setvar action="Set">0.000000000</setvar><displayfeedback feedbacktype="Response" linkrefid="QUES_42757016_42761097_IF130833349" /></respcondition><respcondition title="Response Condition 9"><conditionvar><varequal respident="QUES_42757016_42761097_LID">QUES_42757016_42761097_A130833350</varequal></conditionvar><setvar action="Set">0.000000000</setvar><displayfeedback feedbacktype="Response" linkrefid="QUES_42757016_42761097_IF130833350" /></respcondition><respcondition title="Response Condition 10"><conditionvar><varequal respident="QUES_42757016_42761097_LID">QUES_42757016_42761097_A130833351</varequal></conditionvar><setvar action="Set">0.000000000</setvar><displayfeedback feedbacktype="Response" linkrefid="QUES_42757016_42761097_IF130833351" /></respcondition><respcondition title="Response Condition 11"><conditionvar><varequal respident="QUES_42757016_42761097_LID">QUES_42757016_42761097_A130833352</varequal></conditionvar><setvar action="Set">0.000000000</setvar><displayfeedback feedbacktype="Response" linkrefid="QUES_42757016_42761097_IF130833352" /></respcondition><respcondition title="Response Condition 12"><conditionvar><varequal respident="QUES_42757016_42761097_LID">QUES_42757016_42761097_A130833353</varequal></conditionvar><setvar action="Set">0.000000000</setvar><displayfeedback feedbacktype="Response" linkrefid="QUES_42757016_42761097_IF130833353" /></respcondition><respcondition title="Response Condition 13"><conditionvar><varequal respident="QUES_42757016_42761097_LID">QUES_42757016_42761097_A130833354</varequal></conditionvar><setvar action="Set">0.000000000</setvar><displayfeedback feedbacktype="Response" linkrefid="QUES_42757016_42761097_IF130833354" /></respcondition></resprocessing><itemfeedback ident="QUES_42757016_42761097_IF130833342"><material><mattext texttype="text/plain" /></material></itemfeedback><itemfeedback ident="QUES_42757016_42761097_IF130833343"><material><mattext texttype="text/plain" /></material></itemfeedback><itemfeedback ident="QUES_42757016_42761097_IF130833344"><material><mattext texttype="text/plain" /></material></itemfeedback><itemfeedback ident="QUES_42757016_42761097_IF130833345"><material><mattext texttype="text/plain" /></material></itemfeedback><itemfeedback ident="QUES_42757016_42761097_IF130833346"><material><mattext texttype="text/plain" /></material></itemfeedback><itemfeedback ident="QUES_42757016_42761097_IF130833347"><material><mattext texttype="text/plain" /></material></itemfeedback><itemfeedback ident="QUES_42757016_42761097_IF130833348"><material><mattext texttype="text/plain" /></material></itemfeedback><itemfeedback ident="QUES_42757016_42761097_IF130833349"><material><mattext texttype="text/plain" /></material></itemfeedback><itemfeedback ident="QUES_42757016_42761097_IF130833350"><material><mattext texttype="text/plain" /></material></itemfeedback><itemfeedback ident="QUES_42757016_42761097_IF130833351"><material><mattext texttype="text/plain" /></material></itemfeedback><itemfeedback ident="QUES_42757016_42761097_IF130833352"><material><mattext texttype="text/plain" /></material></itemfeedback><itemfeedback ident="QUES_42757016_42761097_IF130833353"><material><mattext texttype="text/plain" /></material></itemfeedback><itemfeedback ident="QUES_42757016_42761097_IF130833354"><material><mattext texttype="text/plain" /></material></itemfeedback></item><item ident="OBJ_1651210" label="QUES_42757017_42761098" d2l_2p0:page="1"><itemmetadata><qtimetadata><qti_metadatafield><fieldlabel>qmd_computerscored</fieldlabel><fieldentry>yes</fieldentry></qti_metadatafield><qti_metadatafield><fieldlabel>qmd_questiontype</fieldlabel><fieldentry>Multiple Choice</fieldentry></qti_metadatafield><qti_metadatafield><fieldlabel>qmd_weighting</fieldlabel><fieldentry>1.000000000</fieldentry></qti_metadatafield><qti_metadatafield><fieldlabel>qmd_globalid</fieldlabel><fieldentry>8513169e-4dba-4554-ad61-16802f9c4a98</fieldentry></qti_metadatafield><qti_metadatafield><fieldlabel>qmd_displayid</fieldlabel><fieldentry>Sample Course-74216</fieldentry></qti_metadatafield></qtimetadata></itemmetadata><itemproc_extension><d2l_2p0:difficulty>3</d2l_2p0:difficulty><d2l_2p0:isbonus>no</d2l_2p0:isbonus><d2l_2p0:ismandatory>yes</d2l_2p0:ismandatory></itemproc_extension><presentation><flow><material><mattext texttype="text/html">&lt;!--RsQ_003--&gt;&lt;span style="font-family:'Arial';"&gt;For the graph of &lt;/span&gt;&lt;span style="font-family:'Arial'; color:#000000;"&gt;&lt;IMG src="ppg/respondus/Mean_Value_Theorem_Pre_BB_Test/eq_fcbcc0.gif" alt="equation" border=0 align="absmiddle"&gt;&lt;/span&gt;&lt;span style="font-family:'Arial';"&gt; below, identify a value for &lt;/span&gt;&lt;span style="font-family:'Arial'; color:#000000;"&gt;&lt;IMG src="ppg/respondus/Mean_Value_Theorem_Pre_BB_Test/eq_fcbcd5.gif" alt="equation" border=0 align="absmiddle"&gt;&lt;/span&gt;&lt;span style="font-family:'Arial';"&gt;, if any, from the interval (1,9) where &lt;/span&gt;&lt;span style="font-family:'Arial'; color:#000000;"&gt;&lt;IMG src="ppg/respondus/Mean_Value_Theorem_Pre_BB_Test/eq_fcbcea.gif" alt="equation" border=0 align="absmiddle"&gt;&lt;/span&gt;&lt;span style="font-family:'Arial';"&gt;.&lt;br&gt;&lt;/span&gt;&lt;span style="font-family:'Arial'; color:#000000;"&gt;&lt;IMG src="ppg/respondus/Mean_Value_Theorem_Pre_BB_Test/preq3.png" alt="image" align="bottom" border=0&gt;&lt;/span&gt;&lt;span style="font-family:'Arial';"&gt; &lt;/span&gt;</mattext></material><response_extension><d2l_2p0:display_style>2</d2l_2p0:display_style><d2l_2p0:enumeration>6</d2l_2p0:enumeration><d2l_2p0:grading_type>0</d2l_2p0:grading_type></response_extension><response_lid ident="QUES_42757017_42761098_LID" rcardinality="Single"><render_choice shuffle="no"><flow_label class="Block"><response_label ident="QUES_42757017_42761098_A130833355"><flow_mat><material><mattext texttype="text/html">&lt;span style="font-family:'Arial';"&gt;&lt;IMG src="ppg/respondus/Mean_Value_Theorem_Pre_BB_Test/eq_fcbf41.gif" alt="equation" border=0 align="absmiddle"&gt;&lt;/span&gt;</mattext></material></flow_mat></response_label></flow_label><flow_label class="Block"><response_label ident="QUES_42757017_42761098_A130833356"><flow_mat><material><mattext texttype="text/html">&lt;span style="font-family:'Arial';"&gt;&lt;IMG src="ppg/respondus/Mean_Value_Theorem_Pre_BB_Test/eq_fcbf6b.gif" alt="equation" border=0 align="absmiddle"&gt;&lt;/span&gt;</mattext></material></flow_mat></response_label></flow_label><flow_label class="Block"><response_label ident="QUES_42757017_42761098_A130833357"><flow_mat><material><mattext texttype="text/html">&lt;span style="font-family:'Arial';"&gt;&lt;IMG src="ppg/respondus/Mean_Value_Theorem_Pre_BB_Test/eq_fcbf71.gif" alt="equation" border=0 align="absmiddle"&gt;&lt;/span&gt;</mattext></material></flow_mat></response_label></flow_label><flow_label class="Block"><response_label ident="QUES_42757017_42761098_A130833358"><flow_mat><material><mattext texttype="text/html">&lt;span style="font-family:'Arial';"&gt;&lt;IMG src="ppg/respondus/Mean_Value_Theorem_Pre_BB_Test/eq_fcbf7a.gif" alt="equation" border=0 align="absmiddle"&gt;&lt;/span&gt;</mattext></material></flow_mat></response_label></flow_label><flow_label class="Block"><response_label ident="QUES_42757017_42761098_A130833359"><flow_mat><material><mattext texttype="text/html">&lt;span style="font-family:'Arial';"&gt;&lt;IMG src="ppg/respondus/Mean_Value_Theorem_Pre_BB_Test/eq_fcbf86.gif" alt="equation" border=0 align="absmiddle"&gt;&lt;/span&gt;</mattext></material></flow_mat></response_label></flow_label><flow_label class="Block"><response_label ident="QUES_42757017_42761098_A130833360"><flow_mat><material><mattext texttype="text/html">&lt;span style="font-family:'Arial';"&gt;&lt;IMG src="ppg/respondus/Mean_Value_Theorem_Pre_BB_Test/eq_fcbf8d.gif" alt="equation" border=0 align="absmiddle"&gt;&lt;/span&gt;</mattext></material></flow_mat></response_label></flow_label><flow_label class="Block"><response_label ident="QUES_42757017_42761098_A130833361"><flow_mat><material><mattext texttype="text/html">&lt;span style="font-family:'Arial';"&gt;No values for &lt;/span&gt;&lt;span style="font-family:'Arial'; color:#000000;"&gt;&lt;IMG src="ppg/respondus/Mean_Value_Theorem_Pre_BB_Test/eq_fcbf9a.gif" alt="equation" border=0 align="absmiddle"&gt;&lt;/span&gt;&lt;span style="font-family:'Arial';"&gt; exist where &lt;/span&gt;&lt;span style="font-family:'Arial'; color:#000000;"&gt;&lt;IMG src="ppg/respondus/Mean_Value_Theorem_Pre_BB_Test/eq_fcbf9f.gif" alt="equation" border=0 align="absmiddle"&gt;&lt;/span&gt;&lt;span style="font-family:'Arial';"&gt; &lt;/span&gt;</mattext></material></flow_mat></response_label></flow_label></render_choice></response_lid></flow></presentation><resprocessing><respcondition title="Response Condition 1"><conditionvar><varequal respident="QUES_42757017_42761098_LID">QUES_42757017_42761098_A130833355</varequal></conditionvar><setvar action="Set">0.000000000</setvar><displayfeedback feedbacktype="Response" linkrefid="QUES_42757017_42761098_IF130833355" /></respcondition><respcondition title="Response Condition 2"><conditionvar><varequal respident="QUES_42757017_42761098_LID">QUES_42757017_42761098_A130833356</varequal></conditionvar><setvar action="Set">0.000000000</setvar><displayfeedback feedbacktype="Response" linkrefid="QUES_42757017_42761098_IF130833356" /></respcondition><respcondition title="Response Condition 3"><conditionvar><varequal respident="QUES_42757017_42761098_LID">QUES_42757017_42761098_A130833357</varequal></conditionvar><setvar action="Set">0.000000000</setvar><displayfeedback feedbacktype="Response" linkrefid="QUES_42757017_42761098_IF130833357" /></respcondition><respcondition title="Response Condition 4"><conditionvar><varequal respident="QUES_42757017_42761098_LID">QUES_42757017_42761098_A130833358</varequal></conditionvar><setvar action="Set">0.000000000</setvar><displayfeedback feedbacktype="Response" linkrefid="QUES_42757017_42761098_IF130833358" /></respcondition><respcondition title="Response Condition 5"><conditionvar><varequal respident="QUES_42757017_42761098_LID">QUES_42757017_42761098_A130833359</varequal></conditionvar><setvar action="Set">100.000000000</setvar><displayfeedback feedbacktype="Response" linkrefid="QUES_42757017_42761098_IF130833359" /></respcondition><respcondition title="Response Condition 6"><conditionvar><varequal respident="QUES_42757017_42761098_LID">QUES_42757017_42761098_A130833360</varequal></conditionvar><setvar action="Set">0.000000000</setvar><displayfeedback feedbacktype="Response" linkrefid="QUES_42757017_42761098_IF130833360" /></respcondition><respcondition title="Response Condition 7"><conditionvar><varequal respident="QUES_42757017_42761098_LID">QUES_42757017_42761098_A130833361</varequal></conditionvar><setvar action="Set">0.000000000</setvar><displayfeedback feedbacktype="Response" linkrefid="QUES_42757017_42761098_IF130833361" /></respcondition></resprocessing><itemfeedback ident="QUES_42757017_42761098_IF130833355"><material><mattext texttype="text/plain" /></material></itemfeedback><itemfeedback ident="QUES_42757017_42761098_IF130833356"><material><mattext texttype="text/plain" /></material></itemfeedback><itemfeedback ident="QUES_42757017_42761098_IF130833357"><material><mattext texttype="text/plain" /></material></itemfeedback><itemfeedback ident="QUES_42757017_42761098_IF130833358"><material><mattext texttype="text/plain" /></material></itemfeedback><itemfeedback ident="QUES_42757017_42761098_IF130833359"><material><mattext texttype="text/plain" /></material></itemfeedback><itemfeedback ident="QUES_42757017_42761098_IF130833360"><material><mattext texttype="text/plain" /></material></itemfeedback><itemfeedback ident="QUES_42757017_42761098_IF130833361"><material><mattext texttype="text/plain" /></material></itemfeedback></item><item ident="OBJ_1651211" label="QUES_42757018_42761099" d2l_2p0:page="1"><itemmetadata><qtimetadata><qti_metadatafield><fieldlabel>qmd_computerscored</fieldlabel><fieldentry>yes</fieldentry></qti_metadatafield><qti_metadatafield><fieldlabel>qmd_questiontype</fieldlabel><fieldentry>Multiple Choice</fieldentry></qti_metadatafield><qti_metadatafield><fieldlabel>qmd_weighting</fieldlabel><fieldentry>1.000000000</fieldentry></qti_metadatafield><qti_metadatafield><fieldlabel>qmd_globalid</fieldlabel><fieldentry>3c13abee-c82f-4d18-9151-cb2629fbdb3a</fieldentry></qti_metadatafield><qti_metadatafield><fieldlabel>qmd_displayid</fieldlabel><fieldentry>Sample Course-74217</fieldentry></qti_metadatafield></qtimetadata></itemmetadata><itemproc_extension><d2l_2p0:difficulty>3</d2l_2p0:difficulty><d2l_2p0:isbonus>no</d2l_2p0:isbonus><d2l_2p0:ismandatory>yes</d2l_2p0:ismandatory></itemproc_extension><presentation><flow><material><mattext texttype="text/html">&lt;!--RsQ_004--&gt;&lt;span style="font-family:'Arial';"&gt;Two police cars are stationed 1.9 miles apart on a highway that has a speed limit of 55 miles per hour. A red sports car passes in front of the first police car and is clocked at 55 miles per hour. 0.033 hours later (2 minues), the red sports car passes in front of the second police car and is clocked at 54 miles per hour. Did the car exceed the speed limit at some time during the 0.033 hours? &lt;/span&gt;</mattext></material><response_extension><d2l_2p0:display_style>2</d2l_2p0:display_style><d2l_2p0:enumeration>6</d2l_2p0:enumeration><d2l_2p0:grading_type>0</d2l_2p0:grading_type></response_extension><response_lid ident="QUES_42757018_42761099_LID" rcardinality="Single"><render_choice shuffle="no"><flow_label class="Block"><response_label ident="QUES_42757018_42761099_A130833362"><flow_mat><material><mattext texttype="text/html">&lt;span style="font-family:'Arial';"&gt;Yes. &lt;/span&gt;</mattext></material></flow_mat></response_label></flow_label><flow_label class="Block"><response_label ident="QUES_42757018_42761099_A130833363"><flow_mat><material><mattext texttype="text/html">&lt;span style="font-family:'Arial';"&gt;No.&lt;/span&gt;</mattext></material></flow_mat></response_label></flow_label><flow_label class="Block"><response_label ident="QUES_42757018_42761099_A130833364"><flow_mat><material><mattext texttype="text/html">&lt;span style="font-family:'Arial';"&gt;Maybe, but I need more information&lt;/span&gt;</mattext></material></flow_mat></response_label></flow_label><flow_label class="Block"><response_label ident="QUES_42757018_42761099_A130833365"><flow_mat><material><mattext texttype="text/html">&lt;span style="font-family:'Arial';"&gt;I'm not sure how to answer this question.&lt;/span&gt;</mattext></material></flow_mat></response_label></flow_label></render_choice></response_lid></flow></presentation><resprocessing><respcondition title="Response Condition 1"><conditionvar><varequal respident="QUES_42757018_42761099_LID">QUES_42757018_42761099_A130833362</varequal></conditionvar><setvar action="Set">100.000000000</setvar><displayfeedback feedbacktype="Response" linkrefid="QUES_42757018_42761099_IF130833362" /></respcondition><respcondition title="Response Condition 2"><conditionvar><varequal respident="QUES_42757018_42761099_LID">QUES_42757018_42761099_A130833363</varequal></conditionvar><setvar action="Set">0.000000000</setvar><displayfeedback feedbacktype="Response" linkrefid="QUES_42757018_42761099_IF130833363" /></respcondition><respcondition title="Response Condition 3"><conditionvar><varequal respident="QUES_42757018_42761099_LID">QUES_42757018_42761099_A130833364</varequal></conditionvar><setvar action="Set">0.000000000</setvar><displayfeedback feedbacktype="Response" linkrefid="QUES_42757018_42761099_IF130833364" /></respcondition><respcondition title="Response Condition 4"><conditionvar><varequal respident="QUES_42757018_42761099_LID">QUES_42757018_42761099_A130833365</varequal></conditionvar><setvar action="Set">0.000000000</setvar><displayfeedback feedbacktype="Response" linkrefid="QUES_42757018_42761099_IF130833365" /></respcondition></resprocessing><itemfeedback ident="QUES_42757018_42761099_IF130833362"><material><mattext texttype="text/plain" /></material></itemfeedback><itemfeedback ident="QUES_42757018_42761099_IF130833363"><material><mattext texttype="text/plain" /></material></itemfeedback><itemfeedback ident="QUES_42757018_42761099_IF130833364"><material><mattext texttype="text/plain" /></material></itemfeedback><itemfeedback ident="QUES_42757018_42761099_IF130833365"><material><mattext texttype="text/plain" /></material></itemfeedback></item></section></assessment></questestinterop>