﻿<?xml version="1.0" encoding="UTF-8"?><questestinterop xmlns:d2l_2p0="http://desire2learn.com/xsd/d2lcp_v2p0"><assessment d2l_2p0:id="449" title="Graphing Derivatives Task" ident="res_quiz_122404" d2l_2p0:resource_code="ef9e56cc46d3486a98963923-129"><rubric><flow_mat><material><mattext d2l_2p0:isdisplayed="no" texttype="text/html" /></material></flow_mat></rubric><assessmentcontrol hintswitch="no" solutionswitch="yes" feedbackswitch="no" /><presentation_material><flow_mat><material label="page header"><mattext d2l_2p0:isdisplayed="no" texttype="text/html" /></material><material label="page footer"><mattext d2l_2p0:isdisplayed="no" texttype="text/html" /></material></flow_mat></presentation_material><assess_procextension><d2l_2p0:intro_message d2l_2p0:isdisplayed="yes" texttype="text/html">&lt;p&gt;Respondus&lt;/p&gt;</d2l_2p0:intro_message><d2l_2p0:disable_right_click>no</d2l_2p0:disable_right_click><d2l_2p0:disable_pager_access>no</d2l_2p0:disable_pager_access><is_active>yes</is_active><d2l_2p0:date_start /><d2l_2p0:date_end /><d2l_2p0:date_due /><d2l_2p0:has_schedule_event>no</d2l_2p0:has_schedule_event><d2l_2p0:is_attempt_Rldb>no</d2l_2p0:is_attempt_Rldb><d2l_2p0:is_subview_Rldb>no</d2l_2p0:is_subview_Rldb><d2l_2p0:time_limit>120</d2l_2p0:time_limit><d2l_2p0:show_clock>yes</d2l_2p0:show_clock><d2l_2p0:enforce_time_limit>yes</d2l_2p0:enforce_time_limit><d2l_2p0:grace_period>5</d2l_2p0:grace_period><d2l_2p0:late_limit>0</d2l_2p0:late_limit><d2l_2p0:attempts_allowed>3</d2l_2p0:attempts_allowed><d2l_2p0:attempt_restrictions /><d2l_2p0:mark_calculation_type>1</d2l_2p0:mark_calculation_type><d2l_2p0:is_forward_only>no</d2l_2p0:is_forward_only></assess_procextension><assessfeedback title=""><rubric><flow_mat><material><mattext texttype="yes">Your quiz has been submitted successfully.</mattext></material></flow_mat></rubric><d2l_2p0:duration>0</d2l_2p0:duration><d2l_2p0:response_display_type_id>1</d2l_2p0:response_display_type_id><d2l_2p0:show_correct_answers>no</d2l_2p0:show_correct_answers><d2l_2p0:submission_restrictip>no</d2l_2p0:submission_restrictip><d2l_2p0:show_class_average>no</d2l_2p0:show_class_average><d2l_2p0:show_score_distribution>no</d2l_2p0:show_score_distribution></assessfeedback><section ident="CONTAINER_SECTION"><item ident="OBJ_1651159" label="QUES_42756966_42761047" d2l_2p0:page="1"><itemmetadata><qtimetadata><qti_metadatafield><fieldlabel>qmd_computerscored</fieldlabel><fieldentry>yes</fieldentry></qti_metadatafield><qti_metadatafield><fieldlabel>qmd_questiontype</fieldlabel><fieldentry>Multiple Choice</fieldentry></qti_metadatafield><qti_metadatafield><fieldlabel>qmd_weighting</fieldlabel><fieldentry>1.000000000</fieldentry></qti_metadatafield><qti_metadatafield><fieldlabel>qmd_globalid</fieldlabel><fieldentry>3b9f17a9-caa3-48b0-a75d-f162cb22c833</fieldentry></qti_metadatafield><qti_metadatafield><fieldlabel>qmd_displayid</fieldlabel><fieldentry>Sample Course-74165</fieldentry></qti_metadatafield></qtimetadata></itemmetadata><itemproc_extension><d2l_2p0:difficulty>3</d2l_2p0:difficulty><d2l_2p0:isbonus>no</d2l_2p0:isbonus><d2l_2p0:ismandatory>yes</d2l_2p0:ismandatory></itemproc_extension><presentation><flow><material><mattext texttype="text/html">&lt;!--RsQ_001--&gt;&lt;span style="font-family:'Arial';"&gt;Below are inages of a football player throwing a football. The images are taken 0.9 seconds apart and the blue curve represents the path of the football from the beginning of his throwing motion.&lt;br&gt;&lt;/span&gt;&lt;span style="font-family:'Arial'; color:#000000;"&gt;&lt;IMG src="ppg/respondus/Graphing_Derivatives_Task_BB_nonpool/football.png" alt="image" align="bottom" border=0&gt;&lt;/span&gt;&lt;span style="font-family:'Arial';"&gt; &lt;br&gt;Several students attempted to represent the speed of the football for all moments in time from the beginning of the throwing motion. Which of the student graphs below best represents the speed of the football for all moments in time? &lt;/span&gt;</mattext></material><response_extension><d2l_2p0:display_style>2</d2l_2p0:display_style><d2l_2p0:enumeration>6</d2l_2p0:enumeration><d2l_2p0:grading_type>0</d2l_2p0:grading_type></response_extension><response_lid ident="QUES_42756966_42761047_LID" rcardinality="Single"><render_choice shuffle="no"><flow_label class="Block"><response_label ident="QUES_42756966_42761047_A130833061"><flow_mat><material><mattext texttype="text/html">&lt;span style="font-family:'Arial';"&gt;&lt;IMG src="ppg/respondus/Graphing_Derivatives_Task_BB_nonpool/choice1.png" alt="image" align="bottom" border=0&gt;&lt;/span&gt;</mattext></material></flow_mat></response_label></flow_label><flow_label class="Block"><response_label ident="QUES_42756966_42761047_A130833062"><flow_mat><material><mattext texttype="text/html">&lt;span style="font-family:'Arial';"&gt;&lt;IMG src="ppg/respondus/Graphing_Derivatives_Task_BB_nonpool/choice2.png" alt="image" align="bottom" border=0&gt;&lt;/span&gt;</mattext></material></flow_mat></response_label></flow_label><flow_label class="Block"><response_label ident="QUES_42756966_42761047_A130833063"><flow_mat><material><mattext texttype="text/html">&lt;span style="font-family:'Arial';"&gt;&lt;IMG src="ppg/respondus/Graphing_Derivatives_Task_BB_nonpool/choice3.png" alt="image" align="bottom" border=0&gt;&lt;/span&gt;</mattext></material></flow_mat></response_label></flow_label><flow_label class="Block"><response_label ident="QUES_42756966_42761047_A130833064"><flow_mat><material><mattext texttype="text/html">&lt;span style="font-family:'Arial';"&gt;&lt;IMG src="ppg/respondus/Graphing_Derivatives_Task_BB_nonpool/choice4.png" alt="image" align="bottom" border=0&gt;&lt;/span&gt;</mattext></material></flow_mat></response_label></flow_label><flow_label class="Block"><response_label ident="QUES_42756966_42761047_A130833065"><flow_mat><material><mattext texttype="text/html">&lt;span style="font-family:'Arial';"&gt;&lt;IMG src="ppg/respondus/Graphing_Derivatives_Task_BB_nonpool/choice5.png" alt="image" align="bottom" border=0&gt;&lt;/span&gt;</mattext></material></flow_mat></response_label></flow_label><flow_label class="Block"><response_label ident="QUES_42756966_42761047_A130833066"><flow_mat><material><mattext texttype="text/html">&lt;span style="font-family:'Arial';"&gt;&lt;IMG src="ppg/respondus/Graphing_Derivatives_Task_BB_nonpool/choice6.png" alt="image" align="bottom" border=0&gt;&lt;/span&gt;</mattext></material></flow_mat></response_label></flow_label></render_choice></response_lid></flow></presentation><resprocessing><respcondition title="Response Condition 1"><conditionvar><varequal respident="QUES_42756966_42761047_LID">QUES_42756966_42761047_A130833061</varequal></conditionvar><setvar action="Set">0.000000000</setvar><displayfeedback feedbacktype="Response" linkrefid="QUES_42756966_42761047_IF130833061" /></respcondition><respcondition title="Response Condition 2"><conditionvar><varequal respident="QUES_42756966_42761047_LID">QUES_42756966_42761047_A130833062</varequal></conditionvar><setvar action="Set">0.000000000</setvar><displayfeedback feedbacktype="Response" linkrefid="QUES_42756966_42761047_IF130833062" /></respcondition><respcondition title="Response Condition 3"><conditionvar><varequal respident="QUES_42756966_42761047_LID">QUES_42756966_42761047_A130833063</varequal></conditionvar><setvar action="Set">0.000000000</setvar><displayfeedback feedbacktype="Response" linkrefid="QUES_42756966_42761047_IF130833063" /></respcondition><respcondition title="Response Condition 4"><conditionvar><varequal respident="QUES_42756966_42761047_LID">QUES_42756966_42761047_A130833064</varequal></conditionvar><setvar action="Set">100.000000000</setvar><displayfeedback feedbacktype="Response" linkrefid="QUES_42756966_42761047_IF130833064" /></respcondition><respcondition title="Response Condition 5"><conditionvar><varequal respident="QUES_42756966_42761047_LID">QUES_42756966_42761047_A130833065</varequal></conditionvar><setvar action="Set">0.000000000</setvar><displayfeedback feedbacktype="Response" linkrefid="QUES_42756966_42761047_IF130833065" /></respcondition><respcondition title="Response Condition 6"><conditionvar><varequal respident="QUES_42756966_42761047_LID">QUES_42756966_42761047_A130833066</varequal></conditionvar><setvar action="Set">0.000000000</setvar><displayfeedback feedbacktype="Response" linkrefid="QUES_42756966_42761047_IF130833066" /></respcondition></resprocessing><itemfeedback ident="QUES_42756966_42761047_IF130833061"><material><mattext texttype="text/plain" /></material></itemfeedback><itemfeedback ident="QUES_42756966_42761047_IF130833062"><material><mattext texttype="text/plain" /></material></itemfeedback><itemfeedback ident="QUES_42756966_42761047_IF130833063"><material><mattext texttype="text/plain" /></material></itemfeedback><itemfeedback ident="QUES_42756966_42761047_IF130833064"><material><mattext texttype="text/plain" /></material></itemfeedback><itemfeedback ident="QUES_42756966_42761047_IF130833065"><material><mattext texttype="text/plain" /></material></itemfeedback><itemfeedback ident="QUES_42756966_42761047_IF130833066"><material><mattext texttype="text/plain" /></material></itemfeedback></item></section></assessment></questestinterop>