﻿<?xml version="1.0" encoding="UTF-8"?><questestinterop xmlns:d2l_2p0="http://desire2learn.com/xsd/d2lcp_v2p0"><assessment d2l_2p0:id="477" title="Interpreting Derivatives PostVideo Questions" ident="res_quiz_122432" d2l_2p0:resource_code="ef9e56cc46d3486a98963923-157"><rubric><flow_mat><material><mattext d2l_2p0:isdisplayed="no" texttype="text/html" /></material></flow_mat></rubric><assessmentcontrol hintswitch="no" solutionswitch="yes" feedbackswitch="no" /><presentation_material><flow_mat><material label="page header"><mattext d2l_2p0:isdisplayed="no" texttype="text/html" /></material><material label="page footer"><mattext d2l_2p0:isdisplayed="no" texttype="text/html" /></material></flow_mat></presentation_material><assess_procextension><d2l_2p0:intro_message d2l_2p0:isdisplayed="yes" texttype="text/html">Respondus</d2l_2p0:intro_message><d2l_2p0:disable_right_click>no</d2l_2p0:disable_right_click><d2l_2p0:disable_pager_access>no</d2l_2p0:disable_pager_access><is_active>yes</is_active><d2l_2p0:date_start /><d2l_2p0:date_end /><d2l_2p0:date_due /><d2l_2p0:has_schedule_event>no</d2l_2p0:has_schedule_event><d2l_2p0:is_attempt_Rldb>no</d2l_2p0:is_attempt_Rldb><d2l_2p0:is_subview_Rldb>no</d2l_2p0:is_subview_Rldb><d2l_2p0:time_limit>120</d2l_2p0:time_limit><d2l_2p0:show_clock>yes</d2l_2p0:show_clock><d2l_2p0:enforce_time_limit>yes</d2l_2p0:enforce_time_limit><d2l_2p0:grace_period>5</d2l_2p0:grace_period><d2l_2p0:late_limit>0</d2l_2p0:late_limit><d2l_2p0:attempts_allowed>3</d2l_2p0:attempts_allowed><d2l_2p0:attempt_restrictions /><d2l_2p0:mark_calculation_type>1</d2l_2p0:mark_calculation_type><d2l_2p0:is_forward_only>no</d2l_2p0:is_forward_only></assess_procextension><assessfeedback title=""><rubric><flow_mat><material><mattext texttype="yes">Your quiz has been submitted successfully.</mattext></material></flow_mat></rubric><d2l_2p0:duration>0</d2l_2p0:duration><d2l_2p0:response_display_type_id>1</d2l_2p0:response_display_type_id><d2l_2p0:show_correct_answers>no</d2l_2p0:show_correct_answers><d2l_2p0:submission_restrictip>no</d2l_2p0:submission_restrictip><d2l_2p0:show_class_average>no</d2l_2p0:show_class_average><d2l_2p0:show_score_distribution>no</d2l_2p0:show_score_distribution></assessfeedback><section ident="CONTAINER_SECTION"><item ident="OBJ_1651249" label="QUES_42757056_42761137" d2l_2p0:page="1"><itemmetadata><qtimetadata><qti_metadatafield><fieldlabel>qmd_computerscored</fieldlabel><fieldentry>yes</fieldentry></qti_metadatafield><qti_metadatafield><fieldlabel>qmd_questiontype</fieldlabel><fieldentry>Multiple Choice</fieldentry></qti_metadatafield><qti_metadatafield><fieldlabel>qmd_weighting</fieldlabel><fieldentry>1.000000000</fieldentry></qti_metadatafield><qti_metadatafield><fieldlabel>qmd_globalid</fieldlabel><fieldentry>9032b708-ec91-47d8-bf33-b29147b3be7c</fieldentry></qti_metadatafield><qti_metadatafield><fieldlabel>qmd_displayid</fieldlabel><fieldentry>Sample Course-74255</fieldentry></qti_metadatafield></qtimetadata></itemmetadata><itemproc_extension><d2l_2p0:difficulty>3</d2l_2p0:difficulty><d2l_2p0:isbonus>no</d2l_2p0:isbonus><d2l_2p0:ismandatory>yes</d2l_2p0:ismandatory></itemproc_extension><presentation><flow><material><mattext texttype="text/html">&lt;!--RsQ_001--&gt;&lt;span style="font-family:'Arial';"&gt;Water is vlowing into a tank. The function &lt;/span&gt;&lt;span style="font-family:'Arial'; color:#000000;"&gt;&lt;IMG src="ppg/respondus/Interpreting_Derivatives_Post_BB_Test/eq_22ea1d.gif" alt="equation" border=0 align="absmiddle"&gt;&lt;/span&gt;&lt;span style="font-family:'Arial';"&gt; gives the depth of the water in meters when the volume of the water in the tank is &lt;/span&gt;&lt;span style="font-family:'Arial'; color:#000000;"&gt;&lt;IMG src="ppg/respondus/Interpreting_Derivatives_Post_BB_Test/eq_22ea33.gif" alt="equation" border=0 align="absmiddle"&gt;&lt;/span&gt;&lt;span style="font-family:'Arial';"&gt; cubic meters. It turns out that &lt;/span&gt;&lt;span style="font-family:'Arial'; color:#000000;"&gt;&lt;IMG src="ppg/respondus/Interpreting_Derivatives_Post_BB_Test/eq_22ea42.gif" alt="equation" border=0 align="absmiddle"&gt;&lt;/span&gt;&lt;span style="font-family:'Arial';"&gt;. Which statement best explains the meaning of &lt;/span&gt;&lt;span style="font-family:'Arial'; color:#000000;"&gt;&lt;IMG src="ppg/respondus/Interpreting_Derivatives_Post_BB_Test/eq_22eacb.gif" alt="equation" border=0 align="absmiddle"&gt;&lt;/span&gt;&lt;span style="font-family:'Arial';"&gt;. &lt;/span&gt;</mattext></material><response_extension><d2l_2p0:display_style>2</d2l_2p0:display_style><d2l_2p0:enumeration>6</d2l_2p0:enumeration><d2l_2p0:grading_type>0</d2l_2p0:grading_type></response_extension><response_lid ident="QUES_42757056_42761137_LID" rcardinality="Single"><render_choice shuffle="no"><flow_label class="Block"><response_label ident="QUES_42757056_42761137_A130833581"><flow_mat><material><mattext texttype="text/html">&lt;span style="font-family:'Arial';"&gt;When the volume is 10 cubic meters, the depth is 2 meters.&lt;/span&gt;</mattext></material></flow_mat></response_label></flow_label><flow_label class="Block"><response_label ident="QUES_42757056_42761137_A130833582"><flow_mat><material><mattext texttype="text/html">&lt;span style="font-family:'Arial';"&gt;As the volume increased from 0 to 10 cubic meters, the depth increased by 2 meters for every cubic meter of water.&lt;/span&gt;</mattext></material></flow_mat></response_label></flow_label><flow_label class="Block"><response_label ident="QUES_42757056_42761137_A130833583"><flow_mat><material><mattext texttype="text/html">&lt;span style="font-family:'Arial';"&gt;When the volume is 10 cubic meters, the depth will increase by 2 meters. &lt;/span&gt;</mattext></material></flow_mat></response_label></flow_label><flow_label class="Block"><response_label ident="QUES_42757056_42761137_A130833584"><flow_mat><material><mattext texttype="text/html">&lt;span style="font-family:'Arial';"&gt;As volume varies by a very small amount from 10 cubic meters, the depth of the water increases by 2 times as much as the change in volume.&lt;/span&gt;</mattext></material></flow_mat></response_label></flow_label><flow_label class="Block"><response_label ident="QUES_42757056_42761137_A130833585"><flow_mat><material><mattext texttype="text/html">&lt;span style="font-family:'Arial';"&gt;The instantaneous rate of change of the depth's value with respect to volume when the volume is 10 cubic meters is 2 meters per cubic meter.&lt;/span&gt;</mattext></material></flow_mat></response_label></flow_label></render_choice></response_lid></flow></presentation><resprocessing><respcondition title="Response Condition 1"><conditionvar><varequal respident="QUES_42757056_42761137_LID">QUES_42757056_42761137_A130833581</varequal></conditionvar><setvar action="Set">0.000000000</setvar><displayfeedback feedbacktype="Response" linkrefid="QUES_42757056_42761137_IF130833581" /></respcondition><respcondition title="Response Condition 2"><conditionvar><varequal respident="QUES_42757056_42761137_LID">QUES_42757056_42761137_A130833582</varequal></conditionvar><setvar action="Set">0.000000000</setvar><displayfeedback feedbacktype="Response" linkrefid="QUES_42757056_42761137_IF130833582" /></respcondition><respcondition title="Response Condition 3"><conditionvar><varequal respident="QUES_42757056_42761137_LID">QUES_42757056_42761137_A130833583</varequal></conditionvar><setvar action="Set">0.000000000</setvar><displayfeedback feedbacktype="Response" linkrefid="QUES_42757056_42761137_IF130833583" /></respcondition><respcondition title="Response Condition 4"><conditionvar><varequal respident="QUES_42757056_42761137_LID">QUES_42757056_42761137_A130833584</varequal></conditionvar><setvar action="Set">100.000000000</setvar><displayfeedback feedbacktype="Response" linkrefid="QUES_42757056_42761137_IF130833584" /></respcondition><respcondition title="Response Condition 5"><conditionvar><varequal respident="QUES_42757056_42761137_LID">QUES_42757056_42761137_A130833585</varequal></conditionvar><setvar action="Set">0.000000000</setvar><displayfeedback feedbacktype="Response" linkrefid="QUES_42757056_42761137_IF130833585" /></respcondition></resprocessing><itemfeedback ident="QUES_42757056_42761137_IF130833581"><material><mattext texttype="text/plain" /></material></itemfeedback><itemfeedback ident="QUES_42757056_42761137_IF130833582"><material><mattext texttype="text/plain" /></material></itemfeedback><itemfeedback ident="QUES_42757056_42761137_IF130833583"><material><mattext texttype="text/plain" /></material></itemfeedback><itemfeedback ident="QUES_42757056_42761137_IF130833584"><material><mattext texttype="text/plain" /></material></itemfeedback><itemfeedback ident="QUES_42757056_42761137_IF130833585"><material><mattext texttype="text/plain" /></material></itemfeedback></item><item ident="OBJ_1651250" label="QUES_42757057_42761138" d2l_2p0:page="1"><itemmetadata><qtimetadata><qti_metadatafield><fieldlabel>qmd_computerscored</fieldlabel><fieldentry>yes</fieldentry></qti_metadatafield><qti_metadatafield><fieldlabel>qmd_questiontype</fieldlabel><fieldentry>Multiple Choice</fieldentry></qti_metadatafield><qti_metadatafield><fieldlabel>qmd_weighting</fieldlabel><fieldentry>1.000000000</fieldentry></qti_metadatafield><qti_metadatafield><fieldlabel>qmd_globalid</fieldlabel><fieldentry>f1449a00-30fd-4647-bf7a-d8b1e3ffc67a</fieldentry></qti_metadatafield><qti_metadatafield><fieldlabel>qmd_displayid</fieldlabel><fieldentry>Sample Course-74256</fieldentry></qti_metadatafield></qtimetadata></itemmetadata><itemproc_extension><d2l_2p0:difficulty>3</d2l_2p0:difficulty><d2l_2p0:isbonus>no</d2l_2p0:isbonus><d2l_2p0:ismandatory>yes</d2l_2p0:ismandatory></itemproc_extension><presentation><flow><material><mattext texttype="text/html">&lt;!--RsQ_002--&gt;&lt;span style="font-family:'Arial';"&gt;The images below show the graph of a parabola given by &lt;/span&gt;&lt;span style="font-family:'Arial'; color:#000000;"&gt;&lt;IMG src="ppg/respondus/Interpreting_Derivatives_Post_BB_Test/eq_22ebe3.gif" alt="equation" border=0 align="absmiddle"&gt;&lt;/span&gt;&lt;span style="font-family:'Arial';"&gt;. To the right is an image zoomed in on the point &lt;/span&gt;&lt;span style="font-family:'Arial'; color:#000000;"&gt;&lt;IMG src="ppg/respondus/Interpreting_Derivatives_Post_BB_Test/eq_22ebf0.gif" alt="equation" border=0 align="absmiddle"&gt;&lt;/span&gt;&lt;span style="font-family:'Arial';"&gt;. It turns out that &lt;/span&gt;&lt;span style="font-family:'Arial'; color:#000000;"&gt;&lt;IMG src="ppg/respondus/Interpreting_Derivatives_Post_BB_Test/eq_22ebfd.gif" alt="equation" border=0 align="absmiddle"&gt;&lt;/span&gt;&lt;span style="font-family:'Arial';"&gt;.&lt;br&gt;&lt;/span&gt;&lt;span style="font-family:'Arial'; color:#000000;"&gt;&lt;IMG src="ppg/respondus/Interpreting_Derivatives_Post_BB_Test/post_good.png" alt="image" align="bottom" border=0&gt;&lt;/span&gt;&lt;span style="font-family:'Arial';"&gt;&lt;br&gt;After zooming enough to where the graph of &lt;/span&gt;&lt;span style="font-family:'Arial'; color:#000000;"&gt;&lt;IMG src="ppg/respondus/Interpreting_Derivatives_Post_BB_Test/eq_22ec22.gif" alt="equation" border=0 align="absmiddle"&gt;&lt;/span&gt;&lt;span style="font-family:'Arial';"&gt; appears especially linear, which statement best describes the length of the blue vertical vector? &lt;/span&gt;</mattext></material><response_extension><d2l_2p0:display_style>2</d2l_2p0:display_style><d2l_2p0:enumeration>6</d2l_2p0:enumeration><d2l_2p0:grading_type>0</d2l_2p0:grading_type></response_extension><response_lid ident="QUES_42757057_42761138_LID" rcardinality="Single"><render_choice shuffle="no"><flow_label class="Block"><response_label ident="QUES_42757057_42761138_A130833586"><flow_mat><material><mattext texttype="text/html">&lt;span style="font-family:'Arial';"&gt;The length of the blue vector is 0.75. &lt;/span&gt;</mattext></material></flow_mat></response_label></flow_label><flow_label class="Block"><response_label ident="QUES_42757057_42761138_A130833587"><flow_mat><material><mattext texttype="text/html">&lt;span style="font-family:'Arial';"&gt;The length of the blue vector is &lt;/span&gt;&lt;span style="font-family:'Arial'; color:#000000;"&gt;3&lt;/span&gt;&lt;span style="font-family:'Arial';"&gt;. &lt;/span&gt;</mattext></material></flow_mat></response_label></flow_label><flow_label class="Block"><response_label ident="QUES_42757057_42761138_A130833588"><flow_mat><material><mattext texttype="text/html">&lt;span style="font-family:'Arial';"&gt;The length of the blue vector is &lt;/span&gt;&lt;span style="font-family:'Arial';"&gt;&lt;IMG src="ppg/respondus/Interpreting_Derivatives_Post_BB_Test/eq_22ee61.gif" alt="equation" border=0 align="absmiddle"&gt;&lt;/span&gt;&lt;span style="font-family:'Arial';"&gt;. &lt;/span&gt;</mattext></material></flow_mat></response_label></flow_label><flow_label class="Block"><response_label ident="QUES_42757057_42761138_A130833589"><flow_mat><material><mattext texttype="text/html">&lt;span style="font-family:'Arial';"&gt;The length of the blue vector is 0.75 times as much as the value of &lt;/span&gt;&lt;span style="font-family:'Arial';"&gt;&lt;IMG src="ppg/respondus/Interpreting_Derivatives_Post_BB_Test/eq_22ee73.gif" alt="equation" border=0 align="absmiddle"&gt;&lt;/span&gt;&lt;span style="font-family:'Arial';"&gt; &lt;/span&gt;</mattext></material></flow_mat></response_label></flow_label><flow_label class="Block"><response_label ident="QUES_42757057_42761138_A130833590"><flow_mat><material><mattext texttype="text/html">&lt;span style="font-family:'Arial';"&gt;The length of the blue vector is 0.17 times as much as the value of &lt;/span&gt;&lt;span style="font-family:'Arial'; color:#000000;"&gt;&lt;IMG src="ppg/respondus/Interpreting_Derivatives_Post_BB_Test/eq_22ec77.gif" alt="equation" border=0 align="absmiddle"&gt;&lt;/span&gt;&lt;span style="font-family:'Arial';"&gt;. &lt;/span&gt;</mattext></material></flow_mat></response_label></flow_label><flow_label class="Block"><response_label ident="QUES_42757057_42761138_A130833591"><flow_mat><material><mattext texttype="text/html">&lt;span style="font-family:'Arial';"&gt;The length of the blue vector is 0.17 times as much as the value of &lt;/span&gt;&lt;span style="font-family:'Arial'; color:#000000;"&gt;&lt;IMG src="ppg/respondus/Interpreting_Derivatives_Post_BB_Test/eq_22ec8c.gif" alt="equation" border=0 align="absmiddle"&gt;&lt;/span&gt;&lt;span style="font-family:'Arial';"&gt;. &lt;/span&gt;</mattext></material></flow_mat></response_label></flow_label></render_choice></response_lid></flow></presentation><resprocessing><respcondition title="Response Condition 1"><conditionvar><varequal respident="QUES_42757057_42761138_LID">QUES_42757057_42761138_A130833586</varequal></conditionvar><setvar action="Set">0.000000000</setvar><displayfeedback feedbacktype="Response" linkrefid="QUES_42757057_42761138_IF130833586" /></respcondition><respcondition title="Response Condition 2"><conditionvar><varequal respident="QUES_42757057_42761138_LID">QUES_42757057_42761138_A130833587</varequal></conditionvar><setvar action="Set">0.000000000</setvar><displayfeedback feedbacktype="Response" linkrefid="QUES_42757057_42761138_IF130833587" /></respcondition><respcondition title="Response Condition 3"><conditionvar><varequal respident="QUES_42757057_42761138_LID">QUES_42757057_42761138_A130833588</varequal></conditionvar><setvar action="Set">0.000000000</setvar><displayfeedback feedbacktype="Response" linkrefid="QUES_42757057_42761138_IF130833588" /></respcondition><respcondition title="Response Condition 4"><conditionvar><varequal respident="QUES_42757057_42761138_LID">QUES_42757057_42761138_A130833589</varequal></conditionvar><setvar action="Set">100.000000000</setvar><displayfeedback feedbacktype="Response" linkrefid="QUES_42757057_42761138_IF130833589" /></respcondition><respcondition title="Response Condition 5"><conditionvar><varequal respident="QUES_42757057_42761138_LID">QUES_42757057_42761138_A130833590</varequal></conditionvar><setvar action="Set">0.000000000</setvar><displayfeedback feedbacktype="Response" linkrefid="QUES_42757057_42761138_IF130833590" /></respcondition><respcondition title="Response Condition 6"><conditionvar><varequal respident="QUES_42757057_42761138_LID">QUES_42757057_42761138_A130833591</varequal></conditionvar><setvar action="Set">0.000000000</setvar><displayfeedback feedbacktype="Response" linkrefid="QUES_42757057_42761138_IF130833591" /></respcondition></resprocessing><itemfeedback ident="QUES_42757057_42761138_IF130833586"><material><mattext texttype="text/plain" /></material></itemfeedback><itemfeedback ident="QUES_42757057_42761138_IF130833587"><material><mattext texttype="text/plain" /></material></itemfeedback><itemfeedback ident="QUES_42757057_42761138_IF130833588"><material><mattext texttype="text/plain" /></material></itemfeedback><itemfeedback ident="QUES_42757057_42761138_IF130833589"><material><mattext texttype="text/plain" /></material></itemfeedback><itemfeedback ident="QUES_42757057_42761138_IF130833590"><material><mattext texttype="text/plain" /></material></itemfeedback><itemfeedback ident="QUES_42757057_42761138_IF130833591"><material><mattext texttype="text/plain" /></material></itemfeedback></item></section></assessment></questestinterop>