﻿<?xml version="1.0" encoding="UTF-8"?><questestinterop xmlns:d2l_2p0="http://desire2learn.com/xsd/d2lcp_v2p0"><assessment d2l_2p0:id="404" title="Secant and Tangent Lines Task Question" ident="res_quiz_122198" d2l_2p0:resource_code="0ecb414213da4e698e17806e-24"><rubric><flow_mat><material><mattext d2l_2p0:isdisplayed="yes" texttype="text/html" /></material></flow_mat></rubric><assessmentcontrol hintswitch="yes" solutionswitch="yes" feedbackswitch="no" /><presentation_material><flow_mat><material label="page header"><mattext d2l_2p0:isdisplayed="no" texttype="text/html" /></material><material label="page footer"><mattext d2l_2p0:isdisplayed="no" texttype="text/html" /></material></flow_mat></presentation_material><assess_procextension><d2l_2p0:intro_message d2l_2p0:isdisplayed="no" texttype="text/html" /><d2l_2p0:disable_right_click>no</d2l_2p0:disable_right_click><d2l_2p0:disable_pager_access>no</d2l_2p0:disable_pager_access><is_active>yes</is_active><d2l_2p0:date_start /><d2l_2p0:date_end /><d2l_2p0:date_due /><d2l_2p0:has_schedule_event>no</d2l_2p0:has_schedule_event><d2l_2p0:is_attempt_Rldb>no</d2l_2p0:is_attempt_Rldb><d2l_2p0:is_subview_Rldb>no</d2l_2p0:is_subview_Rldb><d2l_2p0:time_limit>120</d2l_2p0:time_limit><d2l_2p0:show_clock>yes</d2l_2p0:show_clock><d2l_2p0:enforce_time_limit>no</d2l_2p0:enforce_time_limit><d2l_2p0:grace_period>5</d2l_2p0:grace_period><d2l_2p0:late_limit>0</d2l_2p0:late_limit><d2l_2p0:attempts_allowed>1</d2l_2p0:attempts_allowed><d2l_2p0:attempt_restrictions /><d2l_2p0:mark_calculation_type>1</d2l_2p0:mark_calculation_type><d2l_2p0:is_forward_only>no</d2l_2p0:is_forward_only></assess_procextension><assessfeedback title=""><rubric><flow_mat><material><mattext texttype="yes">Your quiz has been submitted successfully.</mattext></material></flow_mat></rubric><d2l_2p0:duration>0</d2l_2p0:duration><d2l_2p0:response_display_type_id>1</d2l_2p0:response_display_type_id><d2l_2p0:show_correct_answers>no</d2l_2p0:show_correct_answers><d2l_2p0:submission_restrictip>no</d2l_2p0:submission_restrictip><d2l_2p0:show_class_average>no</d2l_2p0:show_class_average><d2l_2p0:show_score_distribution>no</d2l_2p0:show_score_distribution></assessfeedback><section ident="CONTAINER_SECTION"><item ident="OBJ_1650462" label="QUES_42756300_42760381" d2l_2p0:page="1" title="1.1"><itemmetadata><qtimetadata><qti_metadatafield><fieldlabel>qmd_computerscored</fieldlabel><fieldentry>yes</fieldentry></qti_metadatafield><qti_metadatafield><fieldlabel>qmd_questiontype</fieldlabel><fieldentry>Multiple Choice</fieldentry></qti_metadatafield><qti_metadatafield><fieldlabel>qmd_weighting</fieldlabel><fieldentry>1.000000000</fieldentry></qti_metadatafield><qti_metadatafield><fieldlabel>qmd_globalid</fieldlabel><fieldentry>44edd8c4-35b2-4ace-b7a5-609101e1885e</fieldentry></qti_metadatafield><qti_metadatafield><fieldlabel>qmd_displayid</fieldlabel><fieldentry>Sample Course-73499</fieldentry></qti_metadatafield></qtimetadata></itemmetadata><itemproc_extension><d2l_2p0:difficulty>3</d2l_2p0:difficulty><d2l_2p0:isbonus>no</d2l_2p0:isbonus><d2l_2p0:ismandatory>no</d2l_2p0:ismandatory></itemproc_extension><presentation><flow><material><mattext texttype="text/html">&lt;span style="font-family:'Arial';"&gt;Please answer the following Question based on the image below&lt;br&gt;
&lt;/span&gt;&lt;span style="font-family:'Arial'; color:#000000;"&gt;&lt;img alt="" src="https://sakai.ithaca.edu/access/content/attachment/758446f8-e5ae-46a8-8c96-e013a3418fc5/Tests _ Quizzes/6fd7f9dd-38e0-4a55-9224-dc4f5dc1a1fe/secant-tangent.png"&gt;&lt;/img&gt;

&lt;/span&gt;&lt;span style="font-family:'Arial';"&gt;&lt;br&gt;
Which of the following shows the tangent line to the graph at point B? &lt;/span&gt;</mattext></material><response_extension><d2l_2p0:display_style>2</d2l_2p0:display_style><d2l_2p0:enumeration>6</d2l_2p0:enumeration><d2l_2p0:grading_type>0</d2l_2p0:grading_type></response_extension><response_lid ident="QUES_42756300_42760381_LID" rcardinality="Single"><render_choice shuffle="no"><flow_label class="Block"><response_label ident="QUES_42756300_42760381_A130829632"><flow_mat><material><mattext texttype="text/html">&lt;span style="font-family:'Arial';"&gt;&lt;img alt="" src="https://sakai.ithaca.edu/access/content/attachment/758446f8-e5ae-46a8-8c96-e013a3418fc5/Tests _ Quizzes/04d10ad5-29e5-4ab0-9bd7-f26707608845/ina.png"&gt;&lt;/img&gt;

&lt;/span&gt;</mattext></material></flow_mat></response_label></flow_label><flow_label class="Block"><response_label ident="QUES_42756300_42760381_A130829633"><flow_mat><material><mattext texttype="text/html">&lt;span style="font-family:'Arial';"&gt;&lt;img alt="" src="https://sakai.ithaca.edu/access/content/attachment/758446f8-e5ae-46a8-8c96-e013a3418fc5/Tests _ Quizzes/149a0920-897c-475a-8c95-56ce053ed343/inb.png"&gt;&lt;/img&gt;

&lt;/span&gt;</mattext></material></flow_mat></response_label></flow_label><flow_label class="Block"><response_label ident="QUES_42756300_42760381_A130829634"><flow_mat><material><mattext texttype="text/html">&lt;span style="font-family:'Arial';"&gt;The tangent line exists, but isn't either of the previous options&lt;/span&gt;</mattext></material></flow_mat></response_label></flow_label><flow_label class="Block"><response_label ident="QUES_42756300_42760381_A130829635"><flow_mat><material><mattext texttype="text/html">&lt;span style="font-family:'Arial';"&gt;There is not tangent line to the graph at point B&lt;/span&gt;</mattext></material></flow_mat></response_label></flow_label></render_choice></response_lid></flow></presentation><resprocessing><respcondition title="Response Condition 1"><conditionvar><varequal respident="QUES_42756300_42760381_LID">QUES_42756300_42760381_A130829632</varequal></conditionvar><setvar action="Set">0.000000000</setvar><displayfeedback feedbacktype="Response" linkrefid="QUES_42756300_42760381_IF130829632" /></respcondition><respcondition title="Response Condition 2"><conditionvar><varequal respident="QUES_42756300_42760381_LID">QUES_42756300_42760381_A130829633</varequal></conditionvar><setvar action="Set">100.000000000</setvar><displayfeedback feedbacktype="Response" linkrefid="QUES_42756300_42760381_IF130829633" /></respcondition><respcondition title="Response Condition 3"><conditionvar><varequal respident="QUES_42756300_42760381_LID">QUES_42756300_42760381_A130829634</varequal></conditionvar><setvar action="Set">0.000000000</setvar><displayfeedback feedbacktype="Response" linkrefid="QUES_42756300_42760381_IF130829634" /></respcondition><respcondition title="Response Condition 4"><conditionvar><varequal respident="QUES_42756300_42760381_LID">QUES_42756300_42760381_A130829635</varequal></conditionvar><setvar action="Set">0.000000000</setvar><displayfeedback feedbacktype="Response" linkrefid="QUES_42756300_42760381_IF130829635" /></respcondition></resprocessing><itemfeedback ident="QUES_42756300_42760381_IF130829632"><material><mattext texttype="text/plain" /></material></itemfeedback><itemfeedback ident="QUES_42756300_42760381_IF130829633"><material><mattext texttype="text/plain" /></material></itemfeedback><itemfeedback ident="QUES_42756300_42760381_IF130829634"><material><mattext texttype="text/plain" /></material></itemfeedback><itemfeedback ident="QUES_42756300_42760381_IF130829635"><material><mattext texttype="text/plain" /></material></itemfeedback></item><item ident="OBJ_1650463" label="QUES_42756301_42760382" d2l_2p0:page="1" title="1.2"><itemmetadata><qtimetadata><qti_metadatafield><fieldlabel>qmd_computerscored</fieldlabel><fieldentry>yes</fieldentry></qti_metadatafield><qti_metadatafield><fieldlabel>qmd_questiontype</fieldlabel><fieldentry>Multiple Choice</fieldentry></qti_metadatafield><qti_metadatafield><fieldlabel>qmd_weighting</fieldlabel><fieldentry>1.000000000</fieldentry></qti_metadatafield><qti_metadatafield><fieldlabel>qmd_globalid</fieldlabel><fieldentry>2d47e8a0-8a13-4379-b6c1-7db27c9ac11a</fieldentry></qti_metadatafield><qti_metadatafield><fieldlabel>qmd_displayid</fieldlabel><fieldentry>Sample Course-73500</fieldentry></qti_metadatafield></qtimetadata></itemmetadata><itemproc_extension><d2l_2p0:difficulty>3</d2l_2p0:difficulty><d2l_2p0:isbonus>no</d2l_2p0:isbonus><d2l_2p0:ismandatory>no</d2l_2p0:ismandatory></itemproc_extension><presentation><flow><material><mattext texttype="text/html">&lt;span style="font-family:'Arial';"&gt;Please answer the following Question based on the image below&lt;br&gt;
&lt;/span&gt;&lt;span style="font-family:'Arial'; color:#000000;"&gt;&lt;img alt="" src="https://sakai.ithaca.edu/access/content/attachment/758446f8-e5ae-46a8-8c96-e013a3418fc5/Tests _ Quizzes/b6463754-7306-4baf-b106-245ef9f3d007/secant-tangent.png"&gt;&lt;/img&gt;

&lt;/span&gt;&lt;span style="font-family:'Arial';"&gt;&lt;br&gt;
What can you say about the slope of the tangent line to the graph at point D? &lt;/span&gt;</mattext></material><response_extension><d2l_2p0:display_style>2</d2l_2p0:display_style><d2l_2p0:enumeration>6</d2l_2p0:enumeration><d2l_2p0:grading_type>0</d2l_2p0:grading_type></response_extension><response_lid ident="QUES_42756301_42760382_LID" rcardinality="Single"><render_choice shuffle="no"><flow_label class="Block"><response_label ident="QUES_42756301_42760382_A130829636"><flow_mat><material><mattext texttype="text/html">&lt;span style="font-family:'Arial';"&gt;The slope is equal to 0&lt;/span&gt;</mattext></material></flow_mat></response_label></flow_label><flow_label class="Block"><response_label ident="QUES_42756301_42760382_A130829637"><flow_mat><material><mattext texttype="text/html">&lt;span style="font-family:'Arial';"&gt;The slope is positive&lt;/span&gt;</mattext></material></flow_mat></response_label></flow_label><flow_label class="Block"><response_label ident="QUES_42756301_42760382_A130829638"><flow_mat><material><mattext texttype="text/html">&lt;span style="font-family:'Arial';"&gt;The slope is negative&lt;/span&gt;</mattext></material></flow_mat></response_label></flow_label><flow_label class="Block"><response_label ident="QUES_42756301_42760382_A130829639"><flow_mat><material><mattext texttype="text/html">&lt;span style="font-family:'Arial';"&gt;The slope is both negative and positive&lt;/span&gt;</mattext></material></flow_mat></response_label></flow_label><flow_label class="Block"><response_label ident="QUES_42756301_42760382_A130829640"><flow_mat><material><mattext texttype="text/html">&lt;span style="font-family:'Arial';"&gt;The slope is not defined&lt;/span&gt;</mattext></material></flow_mat></response_label></flow_label></render_choice></response_lid></flow></presentation><resprocessing><respcondition title="Response Condition 1"><conditionvar><varequal respident="QUES_42756301_42760382_LID">QUES_42756301_42760382_A130829636</varequal></conditionvar><setvar action="Set">100.000000000</setvar><displayfeedback feedbacktype="Response" linkrefid="QUES_42756301_42760382_IF130829636" /></respcondition><respcondition title="Response Condition 2"><conditionvar><varequal respident="QUES_42756301_42760382_LID">QUES_42756301_42760382_A130829637</varequal></conditionvar><setvar action="Set">0.000000000</setvar><displayfeedback feedbacktype="Response" linkrefid="QUES_42756301_42760382_IF130829637" /></respcondition><respcondition title="Response Condition 3"><conditionvar><varequal respident="QUES_42756301_42760382_LID">QUES_42756301_42760382_A130829638</varequal></conditionvar><setvar action="Set">0.000000000</setvar><displayfeedback feedbacktype="Response" linkrefid="QUES_42756301_42760382_IF130829638" /></respcondition><respcondition title="Response Condition 4"><conditionvar><varequal respident="QUES_42756301_42760382_LID">QUES_42756301_42760382_A130829639</varequal></conditionvar><setvar action="Set">0.000000000</setvar><displayfeedback feedbacktype="Response" linkrefid="QUES_42756301_42760382_IF130829639" /></respcondition><respcondition title="Response Condition 5"><conditionvar><varequal respident="QUES_42756301_42760382_LID">QUES_42756301_42760382_A130829640</varequal></conditionvar><setvar action="Set">0.000000000</setvar><displayfeedback feedbacktype="Response" linkrefid="QUES_42756301_42760382_IF130829640" /></respcondition></resprocessing><itemfeedback ident="QUES_42756301_42760382_IF130829636"><material><mattext texttype="text/plain" /></material></itemfeedback><itemfeedback ident="QUES_42756301_42760382_IF130829637"><material><mattext texttype="text/plain" /></material></itemfeedback><itemfeedback ident="QUES_42756301_42760382_IF130829638"><material><mattext texttype="text/plain" /></material></itemfeedback><itemfeedback ident="QUES_42756301_42760382_IF130829639"><material><mattext texttype="text/plain" /></material></itemfeedback><itemfeedback ident="QUES_42756301_42760382_IF130829640"><material><mattext texttype="text/plain" /></material></itemfeedback></item><item ident="OBJ_1650464" label="QUES_42756302_42760383" d2l_2p0:page="1" title="1.3"><itemmetadata><qtimetadata><qti_metadatafield><fieldlabel>qmd_computerscored</fieldlabel><fieldentry>yes</fieldentry></qti_metadatafield><qti_metadatafield><fieldlabel>qmd_questiontype</fieldlabel><fieldentry>Multiple Choice</fieldentry></qti_metadatafield><qti_metadatafield><fieldlabel>qmd_weighting</fieldlabel><fieldentry>1.000000000</fieldentry></qti_metadatafield><qti_metadatafield><fieldlabel>qmd_globalid</fieldlabel><fieldentry>913cbaf5-a445-4dd6-9aa4-41d8fce4aded</fieldentry></qti_metadatafield><qti_metadatafield><fieldlabel>qmd_displayid</fieldlabel><fieldentry>Sample Course-73501</fieldentry></qti_metadatafield></qtimetadata></itemmetadata><itemproc_extension><d2l_2p0:difficulty>3</d2l_2p0:difficulty><d2l_2p0:isbonus>no</d2l_2p0:isbonus><d2l_2p0:ismandatory>no</d2l_2p0:ismandatory></itemproc_extension><presentation><flow><material><mattext texttype="text/html">&lt;span style="font-family:'Arial';"&gt;Please answer the following Question based on the image below&lt;br&gt;
&lt;/span&gt;&lt;span style="font-family:'Arial'; color:#000000;"&gt;&lt;img alt="" src="https://sakai.ithaca.edu/access/content/attachment/758446f8-e5ae-46a8-8c96-e013a3418fc5/Tests _ Quizzes/73a5c401-c046-46f2-a2b1-d707b106e186/secant-tangent.png"&gt;&lt;/img&gt;

&lt;/span&gt;&lt;span style="font-family:'Arial';"&gt;&lt;br&gt;
What can you say about the slope of the tangent line to the graph at point A? &lt;/span&gt;</mattext></material><response_extension><d2l_2p0:display_style>2</d2l_2p0:display_style><d2l_2p0:enumeration>6</d2l_2p0:enumeration><d2l_2p0:grading_type>0</d2l_2p0:grading_type></response_extension><response_lid ident="QUES_42756302_42760383_LID" rcardinality="Single"><render_choice shuffle="no"><flow_label class="Block"><response_label ident="QUES_42756302_42760383_A130829641"><flow_mat><material><mattext texttype="text/html">&lt;span style="font-family:'Arial';"&gt;The slope is equal to 0 &lt;/span&gt;</mattext></material></flow_mat></response_label></flow_label><flow_label class="Block"><response_label ident="QUES_42756302_42760383_A130829642"><flow_mat><material><mattext texttype="text/html">&lt;span style="font-family:'Arial';"&gt;The slope is positive&lt;/span&gt;</mattext></material></flow_mat></response_label></flow_label><flow_label class="Block"><response_label ident="QUES_42756302_42760383_A130829643"><flow_mat><material><mattext texttype="text/html">&lt;span style="font-family:'Arial';"&gt;The slope is negative&lt;/span&gt;</mattext></material></flow_mat></response_label></flow_label><flow_label class="Block"><response_label ident="QUES_42756302_42760383_A130829644"><flow_mat><material><mattext texttype="text/html">&lt;span style="font-family:'Arial';"&gt;The slope is both negative and positive&lt;/span&gt;</mattext></material></flow_mat></response_label></flow_label><flow_label class="Block"><response_label ident="QUES_42756302_42760383_A130829645"><flow_mat><material><mattext texttype="text/html">&lt;span style="font-family:'Arial';"&gt;The slope is not defined&lt;/span&gt;</mattext></material></flow_mat></response_label></flow_label></render_choice></response_lid></flow></presentation><resprocessing><respcondition title="Response Condition 1"><conditionvar><varequal respident="QUES_42756302_42760383_LID">QUES_42756302_42760383_A130829641</varequal></conditionvar><setvar action="Set">0.000000000</setvar><displayfeedback feedbacktype="Response" linkrefid="QUES_42756302_42760383_IF130829641" /></respcondition><respcondition title="Response Condition 2"><conditionvar><varequal respident="QUES_42756302_42760383_LID">QUES_42756302_42760383_A130829642</varequal></conditionvar><setvar action="Set">0.000000000</setvar><displayfeedback feedbacktype="Response" linkrefid="QUES_42756302_42760383_IF130829642" /></respcondition><respcondition title="Response Condition 3"><conditionvar><varequal respident="QUES_42756302_42760383_LID">QUES_42756302_42760383_A130829643</varequal></conditionvar><setvar action="Set">0.000000000</setvar><displayfeedback feedbacktype="Response" linkrefid="QUES_42756302_42760383_IF130829643" /></respcondition><respcondition title="Response Condition 4"><conditionvar><varequal respident="QUES_42756302_42760383_LID">QUES_42756302_42760383_A130829644</varequal></conditionvar><setvar action="Set">0.000000000</setvar><displayfeedback feedbacktype="Response" linkrefid="QUES_42756302_42760383_IF130829644" /></respcondition><respcondition title="Response Condition 5"><conditionvar><varequal respident="QUES_42756302_42760383_LID">QUES_42756302_42760383_A130829645</varequal></conditionvar><setvar action="Set">100.000000000</setvar><displayfeedback feedbacktype="Response" linkrefid="QUES_42756302_42760383_IF130829645" /></respcondition></resprocessing><itemfeedback ident="QUES_42756302_42760383_IF130829641"><material><mattext texttype="text/plain" /></material></itemfeedback><itemfeedback ident="QUES_42756302_42760383_IF130829642"><material><mattext texttype="text/plain" /></material></itemfeedback><itemfeedback ident="QUES_42756302_42760383_IF130829643"><material><mattext texttype="text/plain" /></material></itemfeedback><itemfeedback ident="QUES_42756302_42760383_IF130829644"><material><mattext texttype="text/plain" /></material></itemfeedback><itemfeedback ident="QUES_42756302_42760383_IF130829645"><material><mattext texttype="text/plain" /></material></itemfeedback></item></section></assessment></questestinterop>