﻿<?xml version="1.0" encoding="UTF-8"?><questestinterop xmlns:d2l_2p0="http://desire2learn.com/xsd/d2lcp_v2p0"><assessment d2l_2p0:id="452" title="U-Substitution PostVideo Questions" ident="res_quiz_122407" d2l_2p0:resource_code="ef9e56cc46d3486a98963923-132"><rubric><flow_mat><material><mattext d2l_2p0:isdisplayed="no" texttype="text/html" /></material></flow_mat></rubric><assessmentcontrol hintswitch="no" solutionswitch="yes" feedbackswitch="no" /><presentation_material><flow_mat><material label="page header"><mattext d2l_2p0:isdisplayed="no" texttype="text/html" /></material><material label="page footer"><mattext d2l_2p0:isdisplayed="no" texttype="text/html" /></material></flow_mat></presentation_material><assess_procextension><d2l_2p0:intro_message d2l_2p0:isdisplayed="yes" texttype="text/html">Respondus</d2l_2p0:intro_message><d2l_2p0:disable_right_click>no</d2l_2p0:disable_right_click><d2l_2p0:disable_pager_access>no</d2l_2p0:disable_pager_access><is_active>yes</is_active><d2l_2p0:date_start /><d2l_2p0:date_end /><d2l_2p0:date_due /><d2l_2p0:has_schedule_event>no</d2l_2p0:has_schedule_event><d2l_2p0:is_attempt_Rldb>no</d2l_2p0:is_attempt_Rldb><d2l_2p0:is_subview_Rldb>no</d2l_2p0:is_subview_Rldb><d2l_2p0:time_limit>120</d2l_2p0:time_limit><d2l_2p0:show_clock>yes</d2l_2p0:show_clock><d2l_2p0:enforce_time_limit>yes</d2l_2p0:enforce_time_limit><d2l_2p0:grace_period>5</d2l_2p0:grace_period><d2l_2p0:late_limit>0</d2l_2p0:late_limit><d2l_2p0:attempts_allowed>3</d2l_2p0:attempts_allowed><d2l_2p0:attempt_restrictions /><d2l_2p0:mark_calculation_type>1</d2l_2p0:mark_calculation_type><d2l_2p0:is_forward_only>no</d2l_2p0:is_forward_only></assess_procextension><assessfeedback title=""><rubric><flow_mat><material><mattext texttype="yes">Your quiz has been submitted successfully.</mattext></material></flow_mat></rubric><d2l_2p0:duration>0</d2l_2p0:duration><d2l_2p0:response_display_type_id>1</d2l_2p0:response_display_type_id><d2l_2p0:show_correct_answers>no</d2l_2p0:show_correct_answers><d2l_2p0:submission_restrictip>no</d2l_2p0:submission_restrictip><d2l_2p0:show_class_average>no</d2l_2p0:show_class_average><d2l_2p0:show_score_distribution>no</d2l_2p0:show_score_distribution></assessfeedback><section ident="CONTAINER_SECTION"><item ident="OBJ_1651164" label="QUES_42756971_42761052" d2l_2p0:page="1"><itemmetadata><qtimetadata><qti_metadatafield><fieldlabel>qmd_computerscored</fieldlabel><fieldentry>yes</fieldentry></qti_metadatafield><qti_metadatafield><fieldlabel>qmd_questiontype</fieldlabel><fieldentry>Multiple Choice</fieldentry></qti_metadatafield><qti_metadatafield><fieldlabel>qmd_weighting</fieldlabel><fieldentry>1.000000000</fieldentry></qti_metadatafield><qti_metadatafield><fieldlabel>qmd_globalid</fieldlabel><fieldentry>26ceff9e-fd39-468d-871f-d77696223cfe</fieldentry></qti_metadatafield><qti_metadatafield><fieldlabel>qmd_displayid</fieldlabel><fieldentry>Sample Course-74170</fieldentry></qti_metadatafield></qtimetadata></itemmetadata><itemproc_extension><d2l_2p0:difficulty>3</d2l_2p0:difficulty><d2l_2p0:isbonus>no</d2l_2p0:isbonus><d2l_2p0:ismandatory>yes</d2l_2p0:ismandatory></itemproc_extension><presentation><flow><material><mattext texttype="text/html">&lt;!--RsQ_001--&gt;&lt;span style="font-family:'Arial';"&gt;If &lt;/span&gt;&lt;span style="font-family:'Arial'; color:#000000;"&gt;&lt;IMG src="ppg/respondus/U-Substitution_Post_BB_Test/eq_0df319.gif" alt="equation" border=0 align="absmiddle"&gt;&lt;/span&gt;&lt;span style="font-family:'Arial';"&gt; is a continuous function and if &lt;/span&gt;&lt;span style="font-family:'Arial'; color:#000000;"&gt;&lt;IMG src="ppg/respondus/U-Substitution_Post_BB_Test/eq_0df340.gif" alt="equation" border=0 align="absmiddle"&gt;&lt;/span&gt;&lt;span style="font-family:'Arial';"&gt; for all real numbers &lt;/span&gt;&lt;span style="font-family:'Arial'; color:#000000;"&gt;&lt;IMG src="ppg/respondus/U-Substitution_Post_BB_Test/eq_0df34e.gif" alt="equation" border=0 align="absmiddle"&gt;&lt;/span&gt;&lt;span style="font-family:'Arial';"&gt;, then &lt;/span&gt;&lt;span style="font-family:'Arial'; color:#000000;"&gt;&lt;IMG src="ppg/respondus/U-Substitution_Post_BB_Test/eq_0df354.gif" alt="equation" border=0 align="absmiddle"&gt;&lt;/span&gt;&lt;span style="font-family:'Arial';"&gt; &lt;/span&gt;</mattext></material><response_extension><d2l_2p0:display_style>2</d2l_2p0:display_style><d2l_2p0:enumeration>6</d2l_2p0:enumeration><d2l_2p0:grading_type>0</d2l_2p0:grading_type></response_extension><response_lid ident="QUES_42756971_42761052_LID" rcardinality="Single"><render_choice shuffle="no"><flow_label class="Block"><response_label ident="QUES_42756971_42761052_A130833086"><flow_mat><material><mattext texttype="text/html">&lt;span style="font-family:'Arial'; color:#000000;"&gt;&lt;IMG src="ppg/respondus/U-Substitution_Post_BB_Test/eq_0df3a2.gif" alt="equation" border=0 align="absmiddle"&gt;&lt;/span&gt;&lt;span style="font-family:'Arial';"&gt; &lt;/span&gt;</mattext></material></flow_mat></response_label></flow_label><flow_label class="Block"><response_label ident="QUES_42756971_42761052_A130833087"><flow_mat><material><mattext texttype="text/html">&lt;span style="font-family:'Arial'; color:#000000;"&gt;&lt;IMG src="ppg/respondus/U-Substitution_Post_BB_Test/eq_0df3c2.gif" alt="equation" border=0 align="absmiddle"&gt;&lt;/span&gt;&lt;span style="font-family:'Arial';"&gt; &lt;/span&gt;</mattext></material></flow_mat></response_label></flow_label><flow_label class="Block"><response_label ident="QUES_42756971_42761052_A130833088"><flow_mat><material><mattext texttype="text/html">&lt;span style="font-family:'Arial'; color:#000000;"&gt;&lt;IMG src="ppg/respondus/U-Substitution_Post_BB_Test/eq_0df3cc.gif" alt="equation" border=0 align="absmiddle"&gt;&lt;/span&gt;&lt;span style="font-family:'Arial';"&gt; &lt;/span&gt;</mattext></material></flow_mat></response_label></flow_label><flow_label class="Block"><response_label ident="QUES_42756971_42761052_A130833089"><flow_mat><material><mattext texttype="text/html">&lt;span style="font-family:'Arial'; color:#000000;"&gt;&lt;IMG src="ppg/respondus/U-Substitution_Post_BB_Test/eq_0df3f3.gif" alt="equation" border=0 align="absmiddle"&gt;&lt;/span&gt;&lt;span style="font-family:'Arial';"&gt; &lt;/span&gt;</mattext></material></flow_mat></response_label></flow_label><flow_label class="Block"><response_label ident="QUES_42756971_42761052_A130833090"><flow_mat><material><mattext texttype="text/html">&lt;span style="font-family:'Arial'; color:#000000;"&gt;&lt;IMG src="ppg/respondus/U-Substitution_Post_BB_Test/eq_0df403.gif" alt="equation" border=0 align="absmiddle"&gt;&lt;/span&gt;&lt;span style="font-family:'Arial';"&gt; &lt;/span&gt;</mattext></material></flow_mat></response_label></flow_label></render_choice></response_lid></flow></presentation><resprocessing><respcondition title="Response Condition 1"><conditionvar><varequal respident="QUES_42756971_42761052_LID">QUES_42756971_42761052_A130833086</varequal></conditionvar><setvar action="Set">0.000000000</setvar><displayfeedback feedbacktype="Response" linkrefid="QUES_42756971_42761052_IF130833086" /></respcondition><respcondition title="Response Condition 2"><conditionvar><varequal respident="QUES_42756971_42761052_LID">QUES_42756971_42761052_A130833087</varequal></conditionvar><setvar action="Set">0.000000000</setvar><displayfeedback feedbacktype="Response" linkrefid="QUES_42756971_42761052_IF130833087" /></respcondition><respcondition title="Response Condition 3"><conditionvar><varequal respident="QUES_42756971_42761052_LID">QUES_42756971_42761052_A130833088</varequal></conditionvar><setvar action="Set">0.000000000</setvar><displayfeedback feedbacktype="Response" linkrefid="QUES_42756971_42761052_IF130833088" /></respcondition><respcondition title="Response Condition 4"><conditionvar><varequal respident="QUES_42756971_42761052_LID">QUES_42756971_42761052_A130833089</varequal></conditionvar><setvar action="Set">100.000000000</setvar><displayfeedback feedbacktype="Response" linkrefid="QUES_42756971_42761052_IF130833089" /></respcondition><respcondition title="Response Condition 5"><conditionvar><varequal respident="QUES_42756971_42761052_LID">QUES_42756971_42761052_A130833090</varequal></conditionvar><setvar action="Set">0.000000000</setvar><displayfeedback feedbacktype="Response" linkrefid="QUES_42756971_42761052_IF130833090" /></respcondition></resprocessing><itemfeedback ident="QUES_42756971_42761052_IF130833086"><material><mattext texttype="text/plain" /></material></itemfeedback><itemfeedback ident="QUES_42756971_42761052_IF130833087"><material><mattext texttype="text/plain" /></material></itemfeedback><itemfeedback ident="QUES_42756971_42761052_IF130833088"><material><mattext texttype="text/plain" /></material></itemfeedback><itemfeedback ident="QUES_42756971_42761052_IF130833089"><material><mattext texttype="text/plain" /></material></itemfeedback><itemfeedback ident="QUES_42756971_42761052_IF130833090"><material><mattext texttype="text/plain" /></material></itemfeedback></item><item ident="OBJ_1651165" label="QUES_42756972_42761053" d2l_2p0:page="1"><itemmetadata><qtimetadata><qti_metadatafield><fieldlabel>qmd_computerscored</fieldlabel><fieldentry>yes</fieldentry></qti_metadatafield><qti_metadatafield><fieldlabel>qmd_questiontype</fieldlabel><fieldentry>Multiple Choice</fieldentry></qti_metadatafield><qti_metadatafield><fieldlabel>qmd_weighting</fieldlabel><fieldentry>1.000000000</fieldentry></qti_metadatafield><qti_metadatafield><fieldlabel>qmd_globalid</fieldlabel><fieldentry>49251089-d5ed-4f1e-b7a2-21442d904726</fieldentry></qti_metadatafield><qti_metadatafield><fieldlabel>qmd_displayid</fieldlabel><fieldentry>Sample Course-74171</fieldentry></qti_metadatafield></qtimetadata></itemmetadata><itemproc_extension><d2l_2p0:difficulty>3</d2l_2p0:difficulty><d2l_2p0:isbonus>no</d2l_2p0:isbonus><d2l_2p0:ismandatory>yes</d2l_2p0:ismandatory></itemproc_extension><presentation><flow><material><mattext texttype="text/html">&lt;!--RsQ_002--&gt;&lt;span style="font-family:'Arial';"&gt;Consider the integral &lt;/span&gt;&lt;span style="font-family:'Arial'; color:#000000;"&gt;&lt;IMG src="ppg/respondus/U-Substitution_Post_BB_Test/eq_0df637.gif" alt="equation" border=0 align="absmiddle"&gt;&lt;/span&gt;&lt;span style="font-family:'Arial';"&gt;. Which part of this composite integrand would be appropriate to set equal to u? &lt;/span&gt;</mattext></material><response_extension><d2l_2p0:display_style>2</d2l_2p0:display_style><d2l_2p0:enumeration>6</d2l_2p0:enumeration><d2l_2p0:grading_type>0</d2l_2p0:grading_type></response_extension><response_lid ident="QUES_42756972_42761053_LID" rcardinality="Single"><render_choice shuffle="no"><flow_label class="Block"><response_label ident="QUES_42756972_42761053_A130833091"><flow_mat><material><mattext texttype="text/html">&lt;span style="font-family:'Arial'; color:#000000;"&gt;&lt;IMG src="ppg/respondus/U-Substitution_Post_BB_Test/eq_0df680.gif" alt="equation" border=0 align="absmiddle"&gt;&lt;/span&gt;&lt;span style="font-family:'Arial';"&gt; &lt;/span&gt;</mattext></material></flow_mat></response_label></flow_label><flow_label class="Block"><response_label ident="QUES_42756972_42761053_A130833092"><flow_mat><material><mattext texttype="text/html">&lt;span style="font-family:'Arial'; color:#000000;"&gt;&lt;IMG src="ppg/respondus/U-Substitution_Post_BB_Test/eq_0df687.gif" alt="equation" border=0 align="absmiddle"&gt;&lt;/span&gt;&lt;span style="font-family:'Arial';"&gt; &lt;/span&gt;</mattext></material></flow_mat></response_label></flow_label><flow_label class="Block"><response_label ident="QUES_42756972_42761053_A130833093"><flow_mat><material><mattext texttype="text/html">&lt;span style="font-family:'Arial'; color:#000000;"&gt;&lt;IMG src="ppg/respondus/U-Substitution_Post_BB_Test/eq_0df691.gif" alt="equation" border=0 align="absmiddle"&gt;&lt;/span&gt;&lt;span style="font-family:'Arial';"&gt; &lt;/span&gt;</mattext></material></flow_mat></response_label></flow_label><flow_label class="Block"><response_label ident="QUES_42756972_42761053_A130833094"><flow_mat><material><mattext texttype="text/html">&lt;span style="font-family:'Arial'; color:#000000;"&gt;&lt;IMG src="ppg/respondus/U-Substitution_Post_BB_Test/eq_0df69d.gif" alt="equation" border=0 align="absmiddle"&gt;&lt;/span&gt;&lt;span style="font-family:'Arial';"&gt; &lt;/span&gt;</mattext></material></flow_mat></response_label></flow_label><flow_label class="Block"><response_label ident="QUES_42756972_42761053_A130833095"><flow_mat><material><mattext texttype="text/html">&lt;span style="font-family:'Arial';"&gt;This integral cannot be evaluated using a U-substitution&lt;/span&gt;</mattext></material></flow_mat></response_label></flow_label></render_choice></response_lid></flow></presentation><resprocessing><respcondition title="Response Condition 1"><conditionvar><varequal respident="QUES_42756972_42761053_LID">QUES_42756972_42761053_A130833091</varequal></conditionvar><setvar action="Set">100.000000000</setvar><displayfeedback feedbacktype="Response" linkrefid="QUES_42756972_42761053_IF130833091" /></respcondition><respcondition title="Response Condition 2"><conditionvar><varequal respident="QUES_42756972_42761053_LID">QUES_42756972_42761053_A130833092</varequal></conditionvar><setvar action="Set">0.000000000</setvar><displayfeedback feedbacktype="Response" linkrefid="QUES_42756972_42761053_IF130833092" /></respcondition><respcondition title="Response Condition 3"><conditionvar><varequal respident="QUES_42756972_42761053_LID">QUES_42756972_42761053_A130833093</varequal></conditionvar><setvar action="Set">0.000000000</setvar><displayfeedback feedbacktype="Response" linkrefid="QUES_42756972_42761053_IF130833093" /></respcondition><respcondition title="Response Condition 4"><conditionvar><varequal respident="QUES_42756972_42761053_LID">QUES_42756972_42761053_A130833094</varequal></conditionvar><setvar action="Set">0.000000000</setvar><displayfeedback feedbacktype="Response" linkrefid="QUES_42756972_42761053_IF130833094" /></respcondition><respcondition title="Response Condition 5"><conditionvar><varequal respident="QUES_42756972_42761053_LID">QUES_42756972_42761053_A130833095</varequal></conditionvar><setvar action="Set">0.000000000</setvar><displayfeedback feedbacktype="Response" linkrefid="QUES_42756972_42761053_IF130833095" /></respcondition></resprocessing><itemfeedback ident="QUES_42756972_42761053_IF130833091"><material><mattext texttype="text/plain" /></material></itemfeedback><itemfeedback ident="QUES_42756972_42761053_IF130833092"><material><mattext texttype="text/plain" /></material></itemfeedback><itemfeedback ident="QUES_42756972_42761053_IF130833093"><material><mattext texttype="text/plain" /></material></itemfeedback><itemfeedback ident="QUES_42756972_42761053_IF130833094"><material><mattext texttype="text/plain" /></material></itemfeedback><itemfeedback ident="QUES_42756972_42761053_IF130833095"><material><mattext texttype="text/plain" /></material></itemfeedback></item><item ident="OBJ_1651166" label="QUES_42756973_42761054" d2l_2p0:page="1"><itemmetadata><qtimetadata><qti_metadatafield><fieldlabel>qmd_computerscored</fieldlabel><fieldentry>yes</fieldentry></qti_metadatafield><qti_metadatafield><fieldlabel>qmd_questiontype</fieldlabel><fieldentry>Multiple Choice</fieldentry></qti_metadatafield><qti_metadatafield><fieldlabel>qmd_weighting</fieldlabel><fieldentry>1.000000000</fieldentry></qti_metadatafield><qti_metadatafield><fieldlabel>qmd_globalid</fieldlabel><fieldentry>5e634341-3839-41ce-8b70-dfb64f694bed</fieldentry></qti_metadatafield><qti_metadatafield><fieldlabel>qmd_displayid</fieldlabel><fieldentry>Sample Course-74172</fieldentry></qti_metadatafield></qtimetadata></itemmetadata><itemproc_extension><d2l_2p0:difficulty>3</d2l_2p0:difficulty><d2l_2p0:isbonus>no</d2l_2p0:isbonus><d2l_2p0:ismandatory>yes</d2l_2p0:ismandatory></itemproc_extension><presentation><flow><material><mattext texttype="text/html">&lt;!--RsQ_003--&gt;&lt;span style="font-family:'Arial';"&gt;Which of the following is equal to &lt;/span&gt;&lt;span style="font-family:'Arial'; color:#000000;"&gt;&lt;IMG src="ppg/respondus/U-Substitution_Post_BB_Test/eq_0dfdad.gif" alt="equation" border=0 align="absmiddle"&gt;&lt;/span&gt;&lt;span style="font-family:'Arial';"&gt; ? &lt;/span&gt;</mattext></material><response_extension><d2l_2p0:display_style>2</d2l_2p0:display_style><d2l_2p0:enumeration>6</d2l_2p0:enumeration><d2l_2p0:grading_type>0</d2l_2p0:grading_type></response_extension><response_lid ident="QUES_42756973_42761054_LID" rcardinality="Single"><render_choice shuffle="no"><flow_label class="Block"><response_label ident="QUES_42756973_42761054_A130833096"><flow_mat><material><mattext texttype="text/html">&lt;span style="font-family:'Arial'; color:#000000;"&gt;&lt;IMG src="ppg/respondus/U-Substitution_Post_BB_Test/eq_0dfe1d.gif" alt="equation" border=0 align="absmiddle"&gt;&lt;/span&gt;&lt;span style="font-family:'Arial';"&gt; &lt;/span&gt;</mattext></material></flow_mat></response_label></flow_label><flow_label class="Block"><response_label ident="QUES_42756973_42761054_A130833097"><flow_mat><material><mattext texttype="text/html">&lt;span style="font-family:'Arial'; color:#000000;"&gt;&lt;IMG src="ppg/respondus/U-Substitution_Post_BB_Test/eq_0dfe2a.gif" alt="equation" border=0 align="absmiddle"&gt;&lt;/span&gt;&lt;span style="font-family:'Arial';"&gt; &lt;/span&gt;</mattext></material></flow_mat></response_label></flow_label><flow_label class="Block"><response_label ident="QUES_42756973_42761054_A130833098"><flow_mat><material><mattext texttype="text/html">&lt;span style="font-family:'Arial'; color:#000000;"&gt;&lt;IMG src="ppg/respondus/U-Substitution_Post_BB_Test/eq_0dfe36.gif" alt="equation" border=0 align="absmiddle"&gt;&lt;/span&gt;&lt;span style="font-family:'Arial';"&gt; &lt;/span&gt;</mattext></material></flow_mat></response_label></flow_label><flow_label class="Block"><response_label ident="QUES_42756973_42761054_A130833099"><flow_mat><material><mattext texttype="text/html">&lt;span style="font-family:'Arial'; color:#000000;"&gt;&lt;IMG src="ppg/respondus/U-Substitution_Post_BB_Test/eq_0dfe41.gif" alt="equation" border=0 align="absmiddle"&gt;&lt;/span&gt;&lt;span style="font-family:'Arial';"&gt; &lt;/span&gt;</mattext></material></flow_mat></response_label></flow_label><flow_label class="Block"><response_label ident="QUES_42756973_42761054_A130833100"><flow_mat><material><mattext texttype="text/html">&lt;span style="font-family:'Arial'; color:#000000;"&gt;&lt;IMG src="ppg/respondus/U-Substitution_Post_BB_Test/eq_0dfe54.gif" alt="equation" border=0 align="absmiddle"&gt;&lt;/span&gt;&lt;span style="font-family:'Arial';"&gt; &lt;/span&gt;</mattext></material></flow_mat></response_label></flow_label></render_choice></response_lid></flow></presentation><resprocessing><respcondition title="Response Condition 1"><conditionvar><varequal respident="QUES_42756973_42761054_LID">QUES_42756973_42761054_A130833096</varequal></conditionvar><setvar action="Set">0.000000000</setvar><displayfeedback feedbacktype="Response" linkrefid="QUES_42756973_42761054_IF130833096" /></respcondition><respcondition title="Response Condition 2"><conditionvar><varequal respident="QUES_42756973_42761054_LID">QUES_42756973_42761054_A130833097</varequal></conditionvar><setvar action="Set">0.000000000</setvar><displayfeedback feedbacktype="Response" linkrefid="QUES_42756973_42761054_IF130833097" /></respcondition><respcondition title="Response Condition 3"><conditionvar><varequal respident="QUES_42756973_42761054_LID">QUES_42756973_42761054_A130833098</varequal></conditionvar><setvar action="Set">0.000000000</setvar><displayfeedback feedbacktype="Response" linkrefid="QUES_42756973_42761054_IF130833098" /></respcondition><respcondition title="Response Condition 4"><conditionvar><varequal respident="QUES_42756973_42761054_LID">QUES_42756973_42761054_A130833099</varequal></conditionvar><setvar action="Set">100.000000000</setvar><displayfeedback feedbacktype="Response" linkrefid="QUES_42756973_42761054_IF130833099" /></respcondition><respcondition title="Response Condition 5"><conditionvar><varequal respident="QUES_42756973_42761054_LID">QUES_42756973_42761054_A130833100</varequal></conditionvar><setvar action="Set">0.000000000</setvar><displayfeedback feedbacktype="Response" linkrefid="QUES_42756973_42761054_IF130833100" /></respcondition></resprocessing><itemfeedback ident="QUES_42756973_42761054_IF130833096"><material><mattext texttype="text/plain" /></material></itemfeedback><itemfeedback ident="QUES_42756973_42761054_IF130833097"><material><mattext texttype="text/plain" /></material></itemfeedback><itemfeedback ident="QUES_42756973_42761054_IF130833098"><material><mattext texttype="text/plain" /></material></itemfeedback><itemfeedback ident="QUES_42756973_42761054_IF130833099"><material><mattext texttype="text/plain" /></material></itemfeedback><itemfeedback ident="QUES_42756973_42761054_IF130833100"><material><mattext texttype="text/plain" /></material></itemfeedback></item></section></assessment></questestinterop>